word_id,sentence_id,sentence,word,label
16899,1042,"Sagot ni Korina sa kanya , Di naman nya alam na kinukunan ko sya kaya totoo naman na ganyan ang kain nya sa bahay .",kinukunan,FIL
16900,1042,"Sagot ni Korina sa kanya , Di naman nya alam na kinukunan ko sya kaya totoo naman na ganyan ang kain nya sa bahay .",ko,FIL
16901,1042,"Sagot ni Korina sa kanya , Di naman nya alam na kinukunan ko sya kaya totoo naman na ganyan ang kain nya sa bahay .",sya,FIL
16902,1042,"Sagot ni Korina sa kanya , Di naman nya alam na kinukunan ko sya kaya totoo naman na ganyan ang kain nya sa bahay .",kaya,FIL
16903,1042,"Sagot ni Korina sa kanya , Di naman nya alam na kinukunan ko sya kaya totoo naman na ganyan ang kain nya sa bahay .",totoo,FIL
16904,1042,"Sagot ni Korina sa kanya , Di naman nya alam na kinukunan ko sya kaya totoo naman na ganyan ang kain nya sa bahay .",naman,FIL
16905,1042,"Sagot ni Korina sa kanya , Di naman nya alam na kinukunan ko sya kaya totoo naman na ganyan ang kain nya sa bahay .",na,FIL
16906,1042,"Sagot ni Korina sa kanya , Di naman nya alam na kinukunan ko sya kaya totoo naman na ganyan ang kain nya sa bahay .",ganyan,FIL
16907,1042,"Sagot ni Korina sa kanya , Di naman nya alam na kinukunan ko sya kaya totoo naman na ganyan ang kain nya sa bahay .",ang,FIL
16908,1042,"Sagot ni Korina sa kanya , Di naman nya alam na kinukunan ko sya kaya totoo naman na ganyan ang kain nya sa bahay .",kain,FIL
16909,1042,"Sagot ni Korina sa kanya , Di naman nya alam na kinukunan ko sya kaya totoo naman na ganyan ang kain nya sa bahay .",nya,FIL
16910,1042,"Sagot ni Korina sa kanya , Di naman nya alam na kinukunan ko sya kaya totoo naman na ganyan ang kain nya sa bahay .",sa,FIL
16911,1042,"Sagot ni Korina sa kanya , Di naman nya alam na kinukunan ko sya kaya totoo naman na ganyan ang kain nya sa bahay .",bahay,FIL
16912,1042,"Sagot ni Korina sa kanya , Di naman nya alam na kinukunan ko sya kaya totoo naman na ganyan ang kain nya sa bahay .",.,OTH
16913,1043,"Turismo Ang Napoles , kasama ng .",Turismo,FIL
16914,1043,"Turismo Ang Napoles , kasama ng .",Ang,FIL
16915,1043,"Turismo Ang Napoles , kasama ng .",Napoles,OTH
16916,1043,"Turismo Ang Napoles , kasama ng .",",",OTH
16917,1043,"Turismo Ang Napoles , kasama ng .",kasama,FIL
16918,1043,"Turismo Ang Napoles , kasama ng .",ng,FIL
16919,1043,"Turismo Ang Napoles , kasama ng .",.,OTH
16920,1045,Ayeah muling ibalek ang tamis ng pag ibig .,Ayeah,OTH
16921,1045,Ayeah muling ibalek ang tamis ng pag ibig .,muling,FIL
16922,1045,Ayeah muling ibalek ang tamis ng pag ibig .,ibalek,FIL
16923,1045,Ayeah muling ibalek ang tamis ng pag ibig .,ang,FIL
16924,1045,Ayeah muling ibalek ang tamis ng pag ibig .,tamis,FIL
16925,1045,Ayeah muling ibalek ang tamis ng pag ibig .,ng,FIL
16926,1045,Ayeah muling ibalek ang tamis ng pag ibig .,pag,FIL
16927,1045,Ayeah muling ibalek ang tamis ng pag ibig .,ibig,FIL
16928,1045,Ayeah muling ibalek ang tamis ng pag ibig .,.,OTH
16929,1046,"Kalaboso ang isang babae matapos nitong magtangka na magpasok ng shabu sa kulungan sa Tayabas City , kamakalawa .",Kalaboso,FIL
16930,1046,"Kalaboso ang isang babae matapos nitong magtangka na magpasok ng shabu sa kulungan sa Tayabas City , kamakalawa .",ang,FIL
16931,1046,"Kalaboso ang isang babae matapos nitong magtangka na magpasok ng shabu sa kulungan sa Tayabas City , kamakalawa .",isang,FIL
16932,1046,"Kalaboso ang isang babae matapos nitong magtangka na magpasok ng shabu sa kulungan sa Tayabas City , kamakalawa .",babae,FIL
16933,1046,"Kalaboso ang isang babae matapos nitong magtangka na magpasok ng shabu sa kulungan sa Tayabas City , kamakalawa .",matapos,FIL
16934,1046,"Kalaboso ang isang babae matapos nitong magtangka na magpasok ng shabu sa kulungan sa Tayabas City , kamakalawa .",nitong,FIL
16935,1046,"Kalaboso ang isang babae matapos nitong magtangka na magpasok ng shabu sa kulungan sa Tayabas City , kamakalawa .",magtangka,FIL
16936,1046,"Kalaboso ang isang babae matapos nitong magtangka na magpasok ng shabu sa kulungan sa Tayabas City , kamakalawa .",na,FIL
16937,1046,"Kalaboso ang isang babae matapos nitong magtangka na magpasok ng shabu sa kulungan sa Tayabas City , kamakalawa .",magpasok,FIL
16938,1046,"Kalaboso ang isang babae matapos nitong magtangka na magpasok ng shabu sa kulungan sa Tayabas City , kamakalawa .",ng,FIL
16939,1046,"Kalaboso ang isang babae matapos nitong magtangka na magpasok ng shabu sa kulungan sa Tayabas City , kamakalawa .",shabu,FIL
16940,1046,"Kalaboso ang isang babae matapos nitong magtangka na magpasok ng shabu sa kulungan sa Tayabas City , kamakalawa .",sa,FIL
16941,1046,"Kalaboso ang isang babae matapos nitong magtangka na magpasok ng shabu sa kulungan sa Tayabas City , kamakalawa .",kulungan,FIL
16942,1046,"Kalaboso ang isang babae matapos nitong magtangka na magpasok ng shabu sa kulungan sa Tayabas City , kamakalawa .",sa,FIL
16943,1046,"Kalaboso ang isang babae matapos nitong magtangka na magpasok ng shabu sa kulungan sa Tayabas City , kamakalawa .",Tayabas,OTH
16944,1046,"Kalaboso ang isang babae matapos nitong magtangka na magpasok ng shabu sa kulungan sa Tayabas City , kamakalawa .",City,ENG
16945,1046,"Kalaboso ang isang babae matapos nitong magtangka na magpasok ng shabu sa kulungan sa Tayabas City , kamakalawa .",",",OTH
16946,1046,"Kalaboso ang isang babae matapos nitong magtangka na magpasok ng shabu sa kulungan sa Tayabas City , kamakalawa .",kamakalawa,FIL
16947,1046,"Kalaboso ang isang babae matapos nitong magtangka na magpasok ng shabu sa kulungan sa Tayabas City , kamakalawa .",.,OTH
16948,1049,"Sabi nila pag namatay tayo babalik tayo sa pagiging abo , ako pag namatay walang may pake kase walang kwenta ako",Sabi,FIL
16949,1049,"Sabi nila pag namatay tayo babalik tayo sa pagiging abo , ako pag namatay walang may pake kase walang kwenta ako",nila,FIL
16950,1049,"Sabi nila pag namatay tayo babalik tayo sa pagiging abo , ako pag namatay walang may pake kase walang kwenta ako",pag,FIL
16951,1049,"Sabi nila pag namatay tayo babalik tayo sa pagiging abo , ako pag namatay walang may pake kase walang kwenta ako",namatay,FIL
16952,1049,"Sabi nila pag namatay tayo babalik tayo sa pagiging abo , ako pag namatay walang may pake kase walang kwenta ako",tayo,FIL
16953,1049,"Sabi nila pag namatay tayo babalik tayo sa pagiging abo , ako pag namatay walang may pake kase walang kwenta ako",babalik,FIL
16954,1049,"Sabi nila pag namatay tayo babalik tayo sa pagiging abo , ako pag namatay walang may pake kase walang kwenta ako",tayo,FIL
16955,1049,"Sabi nila pag namatay tayo babalik tayo sa pagiging abo , ako pag namatay walang may pake kase walang kwenta ako",sa,FIL
16956,1049,"Sabi nila pag namatay tayo babalik tayo sa pagiging abo , ako pag namatay walang may pake kase walang kwenta ako",pagiging,FIL
16957,1049,"Sabi nila pag namatay tayo babalik tayo sa pagiging abo , ako pag namatay walang may pake kase walang kwenta ako",abo,FIL
16958,1049,"Sabi nila pag namatay tayo babalik tayo sa pagiging abo , ako pag namatay walang may pake kase walang kwenta ako",",",OTH
16959,1049,"Sabi nila pag namatay tayo babalik tayo sa pagiging abo , ako pag namatay walang may pake kase walang kwenta ako",ako,FIL
16960,1049,"Sabi nila pag namatay tayo babalik tayo sa pagiging abo , ako pag namatay walang may pake kase walang kwenta ako",pag,FIL
16961,1049,"Sabi nila pag namatay tayo babalik tayo sa pagiging abo , ako pag namatay walang may pake kase walang kwenta ako",namatay,FIL
16962,1049,"Sabi nila pag namatay tayo babalik tayo sa pagiging abo , ako pag namatay walang may pake kase walang kwenta ako",walang,FIL
16963,1049,"Sabi nila pag namatay tayo babalik tayo sa pagiging abo , ako pag namatay walang may pake kase walang kwenta ako",may,FIL
16964,1049,"Sabi nila pag namatay tayo babalik tayo sa pagiging abo , ako pag namatay walang may pake kase walang kwenta ako",pake,FIL
16965,1049,"Sabi nila pag namatay tayo babalik tayo sa pagiging abo , ako pag namatay walang may pake kase walang kwenta ako",kase,FIL
16966,1049,"Sabi nila pag namatay tayo babalik tayo sa pagiging abo , ako pag namatay walang may pake kase walang kwenta ako",walang,FIL
16967,1049,"Sabi nila pag namatay tayo babalik tayo sa pagiging abo , ako pag namatay walang may pake kase walang kwenta ako",kwenta,FIL
16968,1049,"Sabi nila pag namatay tayo babalik tayo sa pagiging abo , ako pag namatay walang may pake kase walang kwenta ako",ako,FIL
16969,1050,Pagod na tayo sa mga politikong corrupt at walang pakialam .,Pagod,FIL
16970,1050,Pagod na tayo sa mga politikong corrupt at walang pakialam .,na,FIL
16971,1050,Pagod na tayo sa mga politikong corrupt at walang pakialam .,tayo,FIL
16972,1050,Pagod na tayo sa mga politikong corrupt at walang pakialam .,sa,FIL
16973,1050,Pagod na tayo sa mga politikong corrupt at walang pakialam .,mga,FIL
16974,1050,Pagod na tayo sa mga politikong corrupt at walang pakialam .,politikong,FIL
16975,1050,Pagod na tayo sa mga politikong corrupt at walang pakialam .,corrupt,ENG
16976,1050,Pagod na tayo sa mga politikong corrupt at walang pakialam .,at,FIL
16977,1050,Pagod na tayo sa mga politikong corrupt at walang pakialam .,walang,FIL
16978,1050,Pagod na tayo sa mga politikong corrupt at walang pakialam .,pakialam,FIL
16979,1050,Pagod na tayo sa mga politikong corrupt at walang pakialam .,.,OTH
16980,1051,Pwede na ako huminga ng maluwag .,Pwede,FIL
16981,1051,Pwede na ako huminga ng maluwag .,na,FIL
16982,1051,Pwede na ako huminga ng maluwag .,ako,FIL
16983,1051,Pwede na ako huminga ng maluwag .,huminga,FIL
16984,1051,Pwede na ako huminga ng maluwag .,ng,FIL
16985,1051,Pwede na ako huminga ng maluwag .,maluwag,FIL
16986,1051,Pwede na ako huminga ng maluwag .,.,OTH
16987,1052,"Alam mo , Dondon ( my dear editor ) , noong mag-pictorial sa isang hotel sa Araneta City , Cubao si Maja Salvador sometime in 2019 , at makatsikahan siya ng ilang press people , kinukulit na siya kung kailan sila magpapakasal ng boyfriend niyang si Rambo Nuez .",Alam,FIL
16988,1052,"Alam mo , Dondon ( my dear editor ) , noong mag-pictorial sa isang hotel sa Araneta City , Cubao si Maja Salvador sometime in 2019 , at makatsikahan siya ng ilang press people , kinukulit na siya kung kailan sila magpapakasal ng boyfriend niyang si Rambo Nuez .",mo,FIL
16989,1052,"Alam mo , Dondon ( my dear editor ) , noong mag-pictorial sa isang hotel sa Araneta City , Cubao si Maja Salvador sometime in 2019 , at makatsikahan siya ng ilang press people , kinukulit na siya kung kailan sila magpapakasal ng boyfriend niyang si Rambo Nuez .",",",OTH
16990,1052,"Alam mo , Dondon ( my dear editor ) , noong mag-pictorial sa isang hotel sa Araneta City , Cubao si Maja Salvador sometime in 2019 , at makatsikahan siya ng ilang press people , kinukulit na siya kung kailan sila magpapakasal ng boyfriend niyang si Rambo Nuez .",Dondon,OTH
16991,1052,"Alam mo , Dondon ( my dear editor ) , noong mag-pictorial sa isang hotel sa Araneta City , Cubao si Maja Salvador sometime in 2019 , at makatsikahan siya ng ilang press people , kinukulit na siya kung kailan sila magpapakasal ng boyfriend niyang si Rambo Nuez .",(,OTH
16992,1052,"Alam mo , Dondon ( my dear editor ) , noong mag-pictorial sa isang hotel sa Araneta City , Cubao si Maja Salvador sometime in 2019 , at makatsikahan siya ng ilang press people , kinukulit na siya kung kailan sila magpapakasal ng boyfriend niyang si Rambo Nuez .",my,ENG
16993,1052,"Alam mo , Dondon ( my dear editor ) , noong mag-pictorial sa isang hotel sa Araneta City , Cubao si Maja Salvador sometime in 2019 , at makatsikahan siya ng ilang press people , kinukulit na siya kung kailan sila magpapakasal ng boyfriend niyang si Rambo Nuez .",dear,ENG
16994,1052,"Alam mo , Dondon ( my dear editor ) , noong mag-pictorial sa isang hotel sa Araneta City , Cubao si Maja Salvador sometime in 2019 , at makatsikahan siya ng ilang press people , kinukulit na siya kung kailan sila magpapakasal ng boyfriend niyang si Rambo Nuez .",editor,ENG
16995,1052,"Alam mo , Dondon ( my dear editor ) , noong mag-pictorial sa isang hotel sa Araneta City , Cubao si Maja Salvador sometime in 2019 , at makatsikahan siya ng ilang press people , kinukulit na siya kung kailan sila magpapakasal ng boyfriend niyang si Rambo Nuez .",),OTH
16996,1052,"Alam mo , Dondon ( my dear editor ) , noong mag-pictorial sa isang hotel sa Araneta City , Cubao si Maja Salvador sometime in 2019 , at makatsikahan siya ng ilang press people , kinukulit na siya kung kailan sila magpapakasal ng boyfriend niyang si Rambo Nuez .",",",OTH
16997,1052,"Alam mo , Dondon ( my dear editor ) , noong mag-pictorial sa isang hotel sa Araneta City , Cubao si Maja Salvador sometime in 2019 , at makatsikahan siya ng ilang press people , kinukulit na siya kung kailan sila magpapakasal ng boyfriend niyang si Rambo Nuez .",noong,FIL
16998,1052,"Alam mo , Dondon ( my dear editor ) , noong mag-pictorial sa isang hotel sa Araneta City , Cubao si Maja Salvador sometime in 2019 , at makatsikahan siya ng ilang press people , kinukulit na siya kung kailan sila magpapakasal ng boyfriend niyang si Rambo Nuez .",mag-pictorial,CS
16999,1052,"Alam mo , Dondon ( my dear editor ) , noong mag-pictorial sa isang hotel sa Araneta City , Cubao si Maja Salvador sometime in 2019 , at makatsikahan siya ng ilang press people , kinukulit na siya kung kailan sila magpapakasal ng boyfriend niyang si Rambo Nuez .",sa,FIL
17000,1052,"Alam mo , Dondon ( my dear editor ) , noong mag-pictorial sa isang hotel sa Araneta City , Cubao si Maja Salvador sometime in 2019 , at makatsikahan siya ng ilang press people , kinukulit na siya kung kailan sila magpapakasal ng boyfriend niyang si Rambo Nuez .",isang,FIL
17001,1052,"Alam mo , Dondon ( my dear editor ) , noong mag-pictorial sa isang hotel sa Araneta City , Cubao si Maja Salvador sometime in 2019 , at makatsikahan siya ng ilang press people , kinukulit na siya kung kailan sila magpapakasal ng boyfriend niyang si Rambo Nuez .",hotel,ENG
17002,1052,"Alam mo , Dondon ( my dear editor ) , noong mag-pictorial sa isang hotel sa Araneta City , Cubao si Maja Salvador sometime in 2019 , at makatsikahan siya ng ilang press people , kinukulit na siya kung kailan sila magpapakasal ng boyfriend niyang si Rambo Nuez .",sa,FIL
17003,1052,"Alam mo , Dondon ( my dear editor ) , noong mag-pictorial sa isang hotel sa Araneta City , Cubao si Maja Salvador sometime in 2019 , at makatsikahan siya ng ilang press people , kinukulit na siya kung kailan sila magpapakasal ng boyfriend niyang si Rambo Nuez .",Araneta,OTH
17004,1052,"Alam mo , Dondon ( my dear editor ) , noong mag-pictorial sa isang hotel sa Araneta City , Cubao si Maja Salvador sometime in 2019 , at makatsikahan siya ng ilang press people , kinukulit na siya kung kailan sila magpapakasal ng boyfriend niyang si Rambo Nuez .",City,ENG
17005,1052,"Alam mo , Dondon ( my dear editor ) , noong mag-pictorial sa isang hotel sa Araneta City , Cubao si Maja Salvador sometime in 2019 , at makatsikahan siya ng ilang press people , kinukulit na siya kung kailan sila magpapakasal ng boyfriend niyang si Rambo Nuez .",",",OTH
17006,1052,"Alam mo , Dondon ( my dear editor ) , noong mag-pictorial sa isang hotel sa Araneta City , Cubao si Maja Salvador sometime in 2019 , at makatsikahan siya ng ilang press people , kinukulit na siya kung kailan sila magpapakasal ng boyfriend niyang si Rambo Nuez .",Cubao,OTH
17007,1052,"Alam mo , Dondon ( my dear editor ) , noong mag-pictorial sa isang hotel sa Araneta City , Cubao si Maja Salvador sometime in 2019 , at makatsikahan siya ng ilang press people , kinukulit na siya kung kailan sila magpapakasal ng boyfriend niyang si Rambo Nuez .",si,FIL
17008,1052,"Alam mo , Dondon ( my dear editor ) , noong mag-pictorial sa isang hotel sa Araneta City , Cubao si Maja Salvador sometime in 2019 , at makatsikahan siya ng ilang press people , kinukulit na siya kung kailan sila magpapakasal ng boyfriend niyang si Rambo Nuez .",Maja,OTH
17009,1052,"Alam mo , Dondon ( my dear editor ) , noong mag-pictorial sa isang hotel sa Araneta City , Cubao si Maja Salvador sometime in 2019 , at makatsikahan siya ng ilang press people , kinukulit na siya kung kailan sila magpapakasal ng boyfriend niyang si Rambo Nuez .",Salvador,OTH
17010,1052,"Alam mo , Dondon ( my dear editor ) , noong mag-pictorial sa isang hotel sa Araneta City , Cubao si Maja Salvador sometime in 2019 , at makatsikahan siya ng ilang press people , kinukulit na siya kung kailan sila magpapakasal ng boyfriend niyang si Rambo Nuez .",sometime,ENG
17011,1052,"Alam mo , Dondon ( my dear editor ) , noong mag-pictorial sa isang hotel sa Araneta City , Cubao si Maja Salvador sometime in 2019 , at makatsikahan siya ng ilang press people , kinukulit na siya kung kailan sila magpapakasal ng boyfriend niyang si Rambo Nuez .",in,ENG
17012,1052,"Alam mo , Dondon ( my dear editor ) , noong mag-pictorial sa isang hotel sa Araneta City , Cubao si Maja Salvador sometime in 2019 , at makatsikahan siya ng ilang press people , kinukulit na siya kung kailan sila magpapakasal ng boyfriend niyang si Rambo Nuez .",2019,OTH
17013,1052,"Alam mo , Dondon ( my dear editor ) , noong mag-pictorial sa isang hotel sa Araneta City , Cubao si Maja Salvador sometime in 2019 , at makatsikahan siya ng ilang press people , kinukulit na siya kung kailan sila magpapakasal ng boyfriend niyang si Rambo Nuez .",",",OTH
17014,1052,"Alam mo , Dondon ( my dear editor ) , noong mag-pictorial sa isang hotel sa Araneta City , Cubao si Maja Salvador sometime in 2019 , at makatsikahan siya ng ilang press people , kinukulit na siya kung kailan sila magpapakasal ng boyfriend niyang si Rambo Nuez .",at,FIL
17015,1052,"Alam mo , Dondon ( my dear editor ) , noong mag-pictorial sa isang hotel sa Araneta City , Cubao si Maja Salvador sometime in 2019 , at makatsikahan siya ng ilang press people , kinukulit na siya kung kailan sila magpapakasal ng boyfriend niyang si Rambo Nuez .",makatsikahan,FIL
17016,1052,"Alam mo , Dondon ( my dear editor ) , noong mag-pictorial sa isang hotel sa Araneta City , Cubao si Maja Salvador sometime in 2019 , at makatsikahan siya ng ilang press people , kinukulit na siya kung kailan sila magpapakasal ng boyfriend niyang si Rambo Nuez .",siya,FIL
17017,1052,"Alam mo , Dondon ( my dear editor ) , noong mag-pictorial sa isang hotel sa Araneta City , Cubao si Maja Salvador sometime in 2019 , at makatsikahan siya ng ilang press people , kinukulit na siya kung kailan sila magpapakasal ng boyfriend niyang si Rambo Nuez .",ng,FIL
17018,1052,"Alam mo , Dondon ( my dear editor ) , noong mag-pictorial sa isang hotel sa Araneta City , Cubao si Maja Salvador sometime in 2019 , at makatsikahan siya ng ilang press people , kinukulit na siya kung kailan sila magpapakasal ng boyfriend niyang si Rambo Nuez .",ilang,FIL
17019,1052,"Alam mo , Dondon ( my dear editor ) , noong mag-pictorial sa isang hotel sa Araneta City , Cubao si Maja Salvador sometime in 2019 , at makatsikahan siya ng ilang press people , kinukulit na siya kung kailan sila magpapakasal ng boyfriend niyang si Rambo Nuez .",press,ENG
17020,1052,"Alam mo , Dondon ( my dear editor ) , noong mag-pictorial sa isang hotel sa Araneta City , Cubao si Maja Salvador sometime in 2019 , at makatsikahan siya ng ilang press people , kinukulit na siya kung kailan sila magpapakasal ng boyfriend niyang si Rambo Nuez .",people,ENG
17021,1052,"Alam mo , Dondon ( my dear editor ) , noong mag-pictorial sa isang hotel sa Araneta City , Cubao si Maja Salvador sometime in 2019 , at makatsikahan siya ng ilang press people , kinukulit na siya kung kailan sila magpapakasal ng boyfriend niyang si Rambo Nuez .",",",OTH
17022,1052,"Alam mo , Dondon ( my dear editor ) , noong mag-pictorial sa isang hotel sa Araneta City , Cubao si Maja Salvador sometime in 2019 , at makatsikahan siya ng ilang press people , kinukulit na siya kung kailan sila magpapakasal ng boyfriend niyang si Rambo Nuez .",kinukulit,FIL
17023,1052,"Alam mo , Dondon ( my dear editor ) , noong mag-pictorial sa isang hotel sa Araneta City , Cubao si Maja Salvador sometime in 2019 , at makatsikahan siya ng ilang press people , kinukulit na siya kung kailan sila magpapakasal ng boyfriend niyang si Rambo Nuez .",na,FIL
17024,1052,"Alam mo , Dondon ( my dear editor ) , noong mag-pictorial sa isang hotel sa Araneta City , Cubao si Maja Salvador sometime in 2019 , at makatsikahan siya ng ilang press people , kinukulit na siya kung kailan sila magpapakasal ng boyfriend niyang si Rambo Nuez .",siya,FIL
17025,1052,"Alam mo , Dondon ( my dear editor ) , noong mag-pictorial sa isang hotel sa Araneta City , Cubao si Maja Salvador sometime in 2019 , at makatsikahan siya ng ilang press people , kinukulit na siya kung kailan sila magpapakasal ng boyfriend niyang si Rambo Nuez .",kung,FIL
17026,1052,"Alam mo , Dondon ( my dear editor ) , noong mag-pictorial sa isang hotel sa Araneta City , Cubao si Maja Salvador sometime in 2019 , at makatsikahan siya ng ilang press people , kinukulit na siya kung kailan sila magpapakasal ng boyfriend niyang si Rambo Nuez .",kailan,FIL
17027,1052,"Alam mo , Dondon ( my dear editor ) , noong mag-pictorial sa isang hotel sa Araneta City , Cubao si Maja Salvador sometime in 2019 , at makatsikahan siya ng ilang press people , kinukulit na siya kung kailan sila magpapakasal ng boyfriend niyang si Rambo Nuez .",sila,FIL
17028,1052,"Alam mo , Dondon ( my dear editor ) , noong mag-pictorial sa isang hotel sa Araneta City , Cubao si Maja Salvador sometime in 2019 , at makatsikahan siya ng ilang press people , kinukulit na siya kung kailan sila magpapakasal ng boyfriend niyang si Rambo Nuez .",magpapakasal,FIL
17029,1052,"Alam mo , Dondon ( my dear editor ) , noong mag-pictorial sa isang hotel sa Araneta City , Cubao si Maja Salvador sometime in 2019 , at makatsikahan siya ng ilang press people , kinukulit na siya kung kailan sila magpapakasal ng boyfriend niyang si Rambo Nuez .",ng,FIL
17030,1052,"Alam mo , Dondon ( my dear editor ) , noong mag-pictorial sa isang hotel sa Araneta City , Cubao si Maja Salvador sometime in 2019 , at makatsikahan siya ng ilang press people , kinukulit na siya kung kailan sila magpapakasal ng boyfriend niyang si Rambo Nuez .",boyfriend,ENG
17031,1052,"Alam mo , Dondon ( my dear editor ) , noong mag-pictorial sa isang hotel sa Araneta City , Cubao si Maja Salvador sometime in 2019 , at makatsikahan siya ng ilang press people , kinukulit na siya kung kailan sila magpapakasal ng boyfriend niyang si Rambo Nuez .",niyang,FIL
17032,1052,"Alam mo , Dondon ( my dear editor ) , noong mag-pictorial sa isang hotel sa Araneta City , Cubao si Maja Salvador sometime in 2019 , at makatsikahan siya ng ilang press people , kinukulit na siya kung kailan sila magpapakasal ng boyfriend niyang si Rambo Nuez .",si,FIL
17033,1052,"Alam mo , Dondon ( my dear editor ) , noong mag-pictorial sa isang hotel sa Araneta City , Cubao si Maja Salvador sometime in 2019 , at makatsikahan siya ng ilang press people , kinukulit na siya kung kailan sila magpapakasal ng boyfriend niyang si Rambo Nuez .",Rambo,OTH
17034,1052,"Alam mo , Dondon ( my dear editor ) , noong mag-pictorial sa isang hotel sa Araneta City , Cubao si Maja Salvador sometime in 2019 , at makatsikahan siya ng ilang press people , kinukulit na siya kung kailan sila magpapakasal ng boyfriend niyang si Rambo Nuez .",Nuez,OTH
17035,1052,"Alam mo , Dondon ( my dear editor ) , noong mag-pictorial sa isang hotel sa Araneta City , Cubao si Maja Salvador sometime in 2019 , at makatsikahan siya ng ilang press people , kinukulit na siya kung kailan sila magpapakasal ng boyfriend niyang si Rambo Nuez .",.,OTH
17036,1054,napapa subscribed ako kay Ms jelai sa kabutihan ng loob niya,napapa,FIL
17037,1054,napapa subscribed ako kay Ms jelai sa kabutihan ng loob niya,subscribed,ENG
17038,1054,napapa subscribed ako kay Ms jelai sa kabutihan ng loob niya,ako,FIL
17039,1054,napapa subscribed ako kay Ms jelai sa kabutihan ng loob niya,kay,FIL
17040,1054,napapa subscribed ako kay Ms jelai sa kabutihan ng loob niya,Ms,ENG
17041,1054,napapa subscribed ako kay Ms jelai sa kabutihan ng loob niya,jelai,OTH
17042,1054,napapa subscribed ako kay Ms jelai sa kabutihan ng loob niya,sa,FIL
17043,1054,napapa subscribed ako kay Ms jelai sa kabutihan ng loob niya,kabutihan,FIL
17044,1054,napapa subscribed ako kay Ms jelai sa kabutihan ng loob niya,ng,FIL
17045,1054,napapa subscribed ako kay Ms jelai sa kabutihan ng loob niya,loob,FIL
17046,1054,napapa subscribed ako kay Ms jelai sa kabutihan ng loob niya,niya,FIL
17047,1056,Kapag po talaga sa customer service magugulat ka nalang sa ugali ng ibang tao .,Kapag,FIL
17048,1056,Kapag po talaga sa customer service magugulat ka nalang sa ugali ng ibang tao .,po,FIL
17049,1056,Kapag po talaga sa customer service magugulat ka nalang sa ugali ng ibang tao .,talaga,FIL
17050,1056,Kapag po talaga sa customer service magugulat ka nalang sa ugali ng ibang tao .,sa,FIL
17051,1056,Kapag po talaga sa customer service magugulat ka nalang sa ugali ng ibang tao .,customer,ENG
17052,1056,Kapag po talaga sa customer service magugulat ka nalang sa ugali ng ibang tao .,service,ENG
17053,1056,Kapag po talaga sa customer service magugulat ka nalang sa ugali ng ibang tao .,magugulat,FIL
17054,1056,Kapag po talaga sa customer service magugulat ka nalang sa ugali ng ibang tao .,ka,FIL
17055,1056,Kapag po talaga sa customer service magugulat ka nalang sa ugali ng ibang tao .,nalang,FIL
17056,1056,Kapag po talaga sa customer service magugulat ka nalang sa ugali ng ibang tao .,sa,FIL
17057,1056,Kapag po talaga sa customer service magugulat ka nalang sa ugali ng ibang tao .,ugali,FIL
17058,1056,Kapag po talaga sa customer service magugulat ka nalang sa ugali ng ibang tao .,ng,FIL
17059,1056,Kapag po talaga sa customer service magugulat ka nalang sa ugali ng ibang tao .,ibang,FIL
17060,1056,Kapag po talaga sa customer service magugulat ka nalang sa ugali ng ibang tao .,tao,FIL
17061,1056,Kapag po talaga sa customer service magugulat ka nalang sa ugali ng ibang tao .,.,OTH
17062,1057,"Naipasa naman ni Jose Villanueva ang angking-husay sa boxing sa kaniyang anak na si Anthony Villanueva , na nagwagi naman ng silver medal para sa featherweight division .",Naipasa,FIL
17063,1057,"Naipasa naman ni Jose Villanueva ang angking-husay sa boxing sa kaniyang anak na si Anthony Villanueva , na nagwagi naman ng silver medal para sa featherweight division .",naman,FIL
17064,1057,"Naipasa naman ni Jose Villanueva ang angking-husay sa boxing sa kaniyang anak na si Anthony Villanueva , na nagwagi naman ng silver medal para sa featherweight division .",ni,FIL
17065,1057,"Naipasa naman ni Jose Villanueva ang angking-husay sa boxing sa kaniyang anak na si Anthony Villanueva , na nagwagi naman ng silver medal para sa featherweight division .",Jose,OTH
17066,1057,"Naipasa naman ni Jose Villanueva ang angking-husay sa boxing sa kaniyang anak na si Anthony Villanueva , na nagwagi naman ng silver medal para sa featherweight division .",Villanueva,OTH
17067,1057,"Naipasa naman ni Jose Villanueva ang angking-husay sa boxing sa kaniyang anak na si Anthony Villanueva , na nagwagi naman ng silver medal para sa featherweight division .",ang,FIL
17068,1057,"Naipasa naman ni Jose Villanueva ang angking-husay sa boxing sa kaniyang anak na si Anthony Villanueva , na nagwagi naman ng silver medal para sa featherweight division .",angking-husay,FIL
17069,1057,"Naipasa naman ni Jose Villanueva ang angking-husay sa boxing sa kaniyang anak na si Anthony Villanueva , na nagwagi naman ng silver medal para sa featherweight division .",sa,FIL
17070,1057,"Naipasa naman ni Jose Villanueva ang angking-husay sa boxing sa kaniyang anak na si Anthony Villanueva , na nagwagi naman ng silver medal para sa featherweight division .",boxing,ENG
17071,1057,"Naipasa naman ni Jose Villanueva ang angking-husay sa boxing sa kaniyang anak na si Anthony Villanueva , na nagwagi naman ng silver medal para sa featherweight division .",sa,FIL
17072,1057,"Naipasa naman ni Jose Villanueva ang angking-husay sa boxing sa kaniyang anak na si Anthony Villanueva , na nagwagi naman ng silver medal para sa featherweight division .",kaniyang,FIL
17073,1057,"Naipasa naman ni Jose Villanueva ang angking-husay sa boxing sa kaniyang anak na si Anthony Villanueva , na nagwagi naman ng silver medal para sa featherweight division .",anak,FIL
17074,1057,"Naipasa naman ni Jose Villanueva ang angking-husay sa boxing sa kaniyang anak na si Anthony Villanueva , na nagwagi naman ng silver medal para sa featherweight division .",na,FIL
17075,1057,"Naipasa naman ni Jose Villanueva ang angking-husay sa boxing sa kaniyang anak na si Anthony Villanueva , na nagwagi naman ng silver medal para sa featherweight division .",si,FIL
17076,1057,"Naipasa naman ni Jose Villanueva ang angking-husay sa boxing sa kaniyang anak na si Anthony Villanueva , na nagwagi naman ng silver medal para sa featherweight division .",Anthony,OTH
17077,1057,"Naipasa naman ni Jose Villanueva ang angking-husay sa boxing sa kaniyang anak na si Anthony Villanueva , na nagwagi naman ng silver medal para sa featherweight division .",Villanueva,OTH
17078,1057,"Naipasa naman ni Jose Villanueva ang angking-husay sa boxing sa kaniyang anak na si Anthony Villanueva , na nagwagi naman ng silver medal para sa featherweight division .",",",OTH
17079,1057,"Naipasa naman ni Jose Villanueva ang angking-husay sa boxing sa kaniyang anak na si Anthony Villanueva , na nagwagi naman ng silver medal para sa featherweight division .",na,FIL
17080,1057,"Naipasa naman ni Jose Villanueva ang angking-husay sa boxing sa kaniyang anak na si Anthony Villanueva , na nagwagi naman ng silver medal para sa featherweight division .",nagwagi,FIL
17081,1057,"Naipasa naman ni Jose Villanueva ang angking-husay sa boxing sa kaniyang anak na si Anthony Villanueva , na nagwagi naman ng silver medal para sa featherweight division .",naman,FIL
17082,1057,"Naipasa naman ni Jose Villanueva ang angking-husay sa boxing sa kaniyang anak na si Anthony Villanueva , na nagwagi naman ng silver medal para sa featherweight division .",ng,FIL
17083,1057,"Naipasa naman ni Jose Villanueva ang angking-husay sa boxing sa kaniyang anak na si Anthony Villanueva , na nagwagi naman ng silver medal para sa featherweight division .",silver,ENG
17084,1057,"Naipasa naman ni Jose Villanueva ang angking-husay sa boxing sa kaniyang anak na si Anthony Villanueva , na nagwagi naman ng silver medal para sa featherweight division .",medal,ENG
17085,1057,"Naipasa naman ni Jose Villanueva ang angking-husay sa boxing sa kaniyang anak na si Anthony Villanueva , na nagwagi naman ng silver medal para sa featherweight division .",para,FIL
17086,1057,"Naipasa naman ni Jose Villanueva ang angking-husay sa boxing sa kaniyang anak na si Anthony Villanueva , na nagwagi naman ng silver medal para sa featherweight division .",sa,FIL
17087,1057,"Naipasa naman ni Jose Villanueva ang angking-husay sa boxing sa kaniyang anak na si Anthony Villanueva , na nagwagi naman ng silver medal para sa featherweight division .",featherweight,ENG
17088,1057,"Naipasa naman ni Jose Villanueva ang angking-husay sa boxing sa kaniyang anak na si Anthony Villanueva , na nagwagi naman ng silver medal para sa featherweight division .",division,ENG
17089,1057,"Naipasa naman ni Jose Villanueva ang angking-husay sa boxing sa kaniyang anak na si Anthony Villanueva , na nagwagi naman ng silver medal para sa featherweight division .",.,OTH
17090,1058,Kailangan kasi maging positibo ang enerhiya sa kapaligiran .,Kailangan,FIL
17091,1058,Kailangan kasi maging positibo ang enerhiya sa kapaligiran .,kasi,FIL
17092,1058,Kailangan kasi maging positibo ang enerhiya sa kapaligiran .,maging,FIL
17093,1058,Kailangan kasi maging positibo ang enerhiya sa kapaligiran .,positibo,FIL
17094,1058,Kailangan kasi maging positibo ang enerhiya sa kapaligiran .,ang,FIL
17095,1058,Kailangan kasi maging positibo ang enerhiya sa kapaligiran .,enerhiya,FIL
17096,1058,Kailangan kasi maging positibo ang enerhiya sa kapaligiran .,sa,FIL
17097,1058,Kailangan kasi maging positibo ang enerhiya sa kapaligiran .,kapaligiran,FIL
17098,1058,Kailangan kasi maging positibo ang enerhiya sa kapaligiran .,.,OTH
17099,1059,Ang ganda ng movie bitin lang ako sa end .,Ang,FIL
17100,1059,Ang ganda ng movie bitin lang ako sa end .,ganda,FIL
17101,1059,Ang ganda ng movie bitin lang ako sa end .,ng,FIL
17102,1059,Ang ganda ng movie bitin lang ako sa end .,movie,ENG
17103,1059,Ang ganda ng movie bitin lang ako sa end .,bitin,FIL
17104,1059,Ang ganda ng movie bitin lang ako sa end .,lang,FIL
17105,1059,Ang ganda ng movie bitin lang ako sa end .,ako,FIL
17106,1059,Ang ganda ng movie bitin lang ako sa end .,sa,FIL
17107,1059,Ang ganda ng movie bitin lang ako sa end .,end,ENG
17108,1059,Ang ganda ng movie bitin lang ako sa end .,.,OTH
17109,1060,Kht aq madali rin tumulo ang luha kht lalaki aq kc ginagawa q rin yan na ginagawa kht isa rin aqung mahirap kv ang katwiran q kht sa kaunti na maibaot q ay masaya na aq parang tumalbog ang puso q pagnakakabigay aq . kht barya lang .,Kht,FIL
17110,1060,Kht aq madali rin tumulo ang luha kht lalaki aq kc ginagawa q rin yan na ginagawa kht isa rin aqung mahirap kv ang katwiran q kht sa kaunti na maibaot q ay masaya na aq parang tumalbog ang puso q pagnakakabigay aq . kht barya lang .,aq,FIL
17111,1060,Kht aq madali rin tumulo ang luha kht lalaki aq kc ginagawa q rin yan na ginagawa kht isa rin aqung mahirap kv ang katwiran q kht sa kaunti na maibaot q ay masaya na aq parang tumalbog ang puso q pagnakakabigay aq . kht barya lang .,madali,FIL
17112,1060,Kht aq madali rin tumulo ang luha kht lalaki aq kc ginagawa q rin yan na ginagawa kht isa rin aqung mahirap kv ang katwiran q kht sa kaunti na maibaot q ay masaya na aq parang tumalbog ang puso q pagnakakabigay aq . kht barya lang .,rin,FIL
17113,1060,Kht aq madali rin tumulo ang luha kht lalaki aq kc ginagawa q rin yan na ginagawa kht isa rin aqung mahirap kv ang katwiran q kht sa kaunti na maibaot q ay masaya na aq parang tumalbog ang puso q pagnakakabigay aq . kht barya lang .,tumulo,FIL
17114,1060,Kht aq madali rin tumulo ang luha kht lalaki aq kc ginagawa q rin yan na ginagawa kht isa rin aqung mahirap kv ang katwiran q kht sa kaunti na maibaot q ay masaya na aq parang tumalbog ang puso q pagnakakabigay aq . kht barya lang .,ang,FIL
17115,1060,Kht aq madali rin tumulo ang luha kht lalaki aq kc ginagawa q rin yan na ginagawa kht isa rin aqung mahirap kv ang katwiran q kht sa kaunti na maibaot q ay masaya na aq parang tumalbog ang puso q pagnakakabigay aq . kht barya lang .,luha,FIL
17116,1060,Kht aq madali rin tumulo ang luha kht lalaki aq kc ginagawa q rin yan na ginagawa kht isa rin aqung mahirap kv ang katwiran q kht sa kaunti na maibaot q ay masaya na aq parang tumalbog ang puso q pagnakakabigay aq . kht barya lang .,kht,FIL
17117,1060,Kht aq madali rin tumulo ang luha kht lalaki aq kc ginagawa q rin yan na ginagawa kht isa rin aqung mahirap kv ang katwiran q kht sa kaunti na maibaot q ay masaya na aq parang tumalbog ang puso q pagnakakabigay aq . kht barya lang .,lalaki,FIL
17118,1060,Kht aq madali rin tumulo ang luha kht lalaki aq kc ginagawa q rin yan na ginagawa kht isa rin aqung mahirap kv ang katwiran q kht sa kaunti na maibaot q ay masaya na aq parang tumalbog ang puso q pagnakakabigay aq . kht barya lang .,aq,FIL
17119,1060,Kht aq madali rin tumulo ang luha kht lalaki aq kc ginagawa q rin yan na ginagawa kht isa rin aqung mahirap kv ang katwiran q kht sa kaunti na maibaot q ay masaya na aq parang tumalbog ang puso q pagnakakabigay aq . kht barya lang .,kc,FIL
17120,1060,Kht aq madali rin tumulo ang luha kht lalaki aq kc ginagawa q rin yan na ginagawa kht isa rin aqung mahirap kv ang katwiran q kht sa kaunti na maibaot q ay masaya na aq parang tumalbog ang puso q pagnakakabigay aq . kht barya lang .,ginagawa,FIL
17121,1060,Kht aq madali rin tumulo ang luha kht lalaki aq kc ginagawa q rin yan na ginagawa kht isa rin aqung mahirap kv ang katwiran q kht sa kaunti na maibaot q ay masaya na aq parang tumalbog ang puso q pagnakakabigay aq . kht barya lang .,q,FIL
17122,1060,Kht aq madali rin tumulo ang luha kht lalaki aq kc ginagawa q rin yan na ginagawa kht isa rin aqung mahirap kv ang katwiran q kht sa kaunti na maibaot q ay masaya na aq parang tumalbog ang puso q pagnakakabigay aq . kht barya lang .,rin,FIL
17123,1060,Kht aq madali rin tumulo ang luha kht lalaki aq kc ginagawa q rin yan na ginagawa kht isa rin aqung mahirap kv ang katwiran q kht sa kaunti na maibaot q ay masaya na aq parang tumalbog ang puso q pagnakakabigay aq . kht barya lang .,yan,FIL
17124,1060,Kht aq madali rin tumulo ang luha kht lalaki aq kc ginagawa q rin yan na ginagawa kht isa rin aqung mahirap kv ang katwiran q kht sa kaunti na maibaot q ay masaya na aq parang tumalbog ang puso q pagnakakabigay aq . kht barya lang .,na,FIL
17125,1060,Kht aq madali rin tumulo ang luha kht lalaki aq kc ginagawa q rin yan na ginagawa kht isa rin aqung mahirap kv ang katwiran q kht sa kaunti na maibaot q ay masaya na aq parang tumalbog ang puso q pagnakakabigay aq . kht barya lang .,ginagawa,FIL
17126,1060,Kht aq madali rin tumulo ang luha kht lalaki aq kc ginagawa q rin yan na ginagawa kht isa rin aqung mahirap kv ang katwiran q kht sa kaunti na maibaot q ay masaya na aq parang tumalbog ang puso q pagnakakabigay aq . kht barya lang .,kht,FIL
17127,1060,Kht aq madali rin tumulo ang luha kht lalaki aq kc ginagawa q rin yan na ginagawa kht isa rin aqung mahirap kv ang katwiran q kht sa kaunti na maibaot q ay masaya na aq parang tumalbog ang puso q pagnakakabigay aq . kht barya lang .,isa,FIL
17128,1060,Kht aq madali rin tumulo ang luha kht lalaki aq kc ginagawa q rin yan na ginagawa kht isa rin aqung mahirap kv ang katwiran q kht sa kaunti na maibaot q ay masaya na aq parang tumalbog ang puso q pagnakakabigay aq . kht barya lang .,rin,FIL
17129,1060,Kht aq madali rin tumulo ang luha kht lalaki aq kc ginagawa q rin yan na ginagawa kht isa rin aqung mahirap kv ang katwiran q kht sa kaunti na maibaot q ay masaya na aq parang tumalbog ang puso q pagnakakabigay aq . kht barya lang .,aqung,FIL
17130,1060,Kht aq madali rin tumulo ang luha kht lalaki aq kc ginagawa q rin yan na ginagawa kht isa rin aqung mahirap kv ang katwiran q kht sa kaunti na maibaot q ay masaya na aq parang tumalbog ang puso q pagnakakabigay aq . kht barya lang .,mahirap,FIL
17131,1060,Kht aq madali rin tumulo ang luha kht lalaki aq kc ginagawa q rin yan na ginagawa kht isa rin aqung mahirap kv ang katwiran q kht sa kaunti na maibaot q ay masaya na aq parang tumalbog ang puso q pagnakakabigay aq . kht barya lang .,kv,OTH
17132,1060,Kht aq madali rin tumulo ang luha kht lalaki aq kc ginagawa q rin yan na ginagawa kht isa rin aqung mahirap kv ang katwiran q kht sa kaunti na maibaot q ay masaya na aq parang tumalbog ang puso q pagnakakabigay aq . kht barya lang .,ang,FIL
17133,1060,Kht aq madali rin tumulo ang luha kht lalaki aq kc ginagawa q rin yan na ginagawa kht isa rin aqung mahirap kv ang katwiran q kht sa kaunti na maibaot q ay masaya na aq parang tumalbog ang puso q pagnakakabigay aq . kht barya lang .,katwiran,FIL
17134,1060,Kht aq madali rin tumulo ang luha kht lalaki aq kc ginagawa q rin yan na ginagawa kht isa rin aqung mahirap kv ang katwiran q kht sa kaunti na maibaot q ay masaya na aq parang tumalbog ang puso q pagnakakabigay aq . kht barya lang .,q,FIL
17135,1060,Kht aq madali rin tumulo ang luha kht lalaki aq kc ginagawa q rin yan na ginagawa kht isa rin aqung mahirap kv ang katwiran q kht sa kaunti na maibaot q ay masaya na aq parang tumalbog ang puso q pagnakakabigay aq . kht barya lang .,kht,FIL
17136,1060,Kht aq madali rin tumulo ang luha kht lalaki aq kc ginagawa q rin yan na ginagawa kht isa rin aqung mahirap kv ang katwiran q kht sa kaunti na maibaot q ay masaya na aq parang tumalbog ang puso q pagnakakabigay aq . kht barya lang .,sa,FIL
17137,1060,Kht aq madali rin tumulo ang luha kht lalaki aq kc ginagawa q rin yan na ginagawa kht isa rin aqung mahirap kv ang katwiran q kht sa kaunti na maibaot q ay masaya na aq parang tumalbog ang puso q pagnakakabigay aq . kht barya lang .,kaunti,FIL
17138,1060,Kht aq madali rin tumulo ang luha kht lalaki aq kc ginagawa q rin yan na ginagawa kht isa rin aqung mahirap kv ang katwiran q kht sa kaunti na maibaot q ay masaya na aq parang tumalbog ang puso q pagnakakabigay aq . kht barya lang .,na,FIL
17139,1060,Kht aq madali rin tumulo ang luha kht lalaki aq kc ginagawa q rin yan na ginagawa kht isa rin aqung mahirap kv ang katwiran q kht sa kaunti na maibaot q ay masaya na aq parang tumalbog ang puso q pagnakakabigay aq . kht barya lang .,maibaot,FIL
17140,1060,Kht aq madali rin tumulo ang luha kht lalaki aq kc ginagawa q rin yan na ginagawa kht isa rin aqung mahirap kv ang katwiran q kht sa kaunti na maibaot q ay masaya na aq parang tumalbog ang puso q pagnakakabigay aq . kht barya lang .,q,FIL
17141,1060,Kht aq madali rin tumulo ang luha kht lalaki aq kc ginagawa q rin yan na ginagawa kht isa rin aqung mahirap kv ang katwiran q kht sa kaunti na maibaot q ay masaya na aq parang tumalbog ang puso q pagnakakabigay aq . kht barya lang .,ay,FIL
17142,1060,Kht aq madali rin tumulo ang luha kht lalaki aq kc ginagawa q rin yan na ginagawa kht isa rin aqung mahirap kv ang katwiran q kht sa kaunti na maibaot q ay masaya na aq parang tumalbog ang puso q pagnakakabigay aq . kht barya lang .,masaya,FIL
17143,1060,Kht aq madali rin tumulo ang luha kht lalaki aq kc ginagawa q rin yan na ginagawa kht isa rin aqung mahirap kv ang katwiran q kht sa kaunti na maibaot q ay masaya na aq parang tumalbog ang puso q pagnakakabigay aq . kht barya lang .,na,FIL
17144,1060,Kht aq madali rin tumulo ang luha kht lalaki aq kc ginagawa q rin yan na ginagawa kht isa rin aqung mahirap kv ang katwiran q kht sa kaunti na maibaot q ay masaya na aq parang tumalbog ang puso q pagnakakabigay aq . kht barya lang .,aq,FIL
17145,1060,Kht aq madali rin tumulo ang luha kht lalaki aq kc ginagawa q rin yan na ginagawa kht isa rin aqung mahirap kv ang katwiran q kht sa kaunti na maibaot q ay masaya na aq parang tumalbog ang puso q pagnakakabigay aq . kht barya lang .,parang,FIL
17146,1060,Kht aq madali rin tumulo ang luha kht lalaki aq kc ginagawa q rin yan na ginagawa kht isa rin aqung mahirap kv ang katwiran q kht sa kaunti na maibaot q ay masaya na aq parang tumalbog ang puso q pagnakakabigay aq . kht barya lang .,tumalbog,FIL
17147,1060,Kht aq madali rin tumulo ang luha kht lalaki aq kc ginagawa q rin yan na ginagawa kht isa rin aqung mahirap kv ang katwiran q kht sa kaunti na maibaot q ay masaya na aq parang tumalbog ang puso q pagnakakabigay aq . kht barya lang .,ang,FIL
17148,1060,Kht aq madali rin tumulo ang luha kht lalaki aq kc ginagawa q rin yan na ginagawa kht isa rin aqung mahirap kv ang katwiran q kht sa kaunti na maibaot q ay masaya na aq parang tumalbog ang puso q pagnakakabigay aq . kht barya lang .,puso,FIL
17149,1060,Kht aq madali rin tumulo ang luha kht lalaki aq kc ginagawa q rin yan na ginagawa kht isa rin aqung mahirap kv ang katwiran q kht sa kaunti na maibaot q ay masaya na aq parang tumalbog ang puso q pagnakakabigay aq . kht barya lang .,q,FIL
17150,1060,Kht aq madali rin tumulo ang luha kht lalaki aq kc ginagawa q rin yan na ginagawa kht isa rin aqung mahirap kv ang katwiran q kht sa kaunti na maibaot q ay masaya na aq parang tumalbog ang puso q pagnakakabigay aq . kht barya lang .,pagnakakabigay,FIL
17151,1060,Kht aq madali rin tumulo ang luha kht lalaki aq kc ginagawa q rin yan na ginagawa kht isa rin aqung mahirap kv ang katwiran q kht sa kaunti na maibaot q ay masaya na aq parang tumalbog ang puso q pagnakakabigay aq . kht barya lang .,aq,FIL
17152,1060,Kht aq madali rin tumulo ang luha kht lalaki aq kc ginagawa q rin yan na ginagawa kht isa rin aqung mahirap kv ang katwiran q kht sa kaunti na maibaot q ay masaya na aq parang tumalbog ang puso q pagnakakabigay aq . kht barya lang .,.,OTH
17153,1060,Kht aq madali rin tumulo ang luha kht lalaki aq kc ginagawa q rin yan na ginagawa kht isa rin aqung mahirap kv ang katwiran q kht sa kaunti na maibaot q ay masaya na aq parang tumalbog ang puso q pagnakakabigay aq . kht barya lang .,kht,FIL
17154,1060,Kht aq madali rin tumulo ang luha kht lalaki aq kc ginagawa q rin yan na ginagawa kht isa rin aqung mahirap kv ang katwiran q kht sa kaunti na maibaot q ay masaya na aq parang tumalbog ang puso q pagnakakabigay aq . kht barya lang .,barya,FIL
17155,1060,Kht aq madali rin tumulo ang luha kht lalaki aq kc ginagawa q rin yan na ginagawa kht isa rin aqung mahirap kv ang katwiran q kht sa kaunti na maibaot q ay masaya na aq parang tumalbog ang puso q pagnakakabigay aq . kht barya lang .,lang,FIL
17156,1060,Kht aq madali rin tumulo ang luha kht lalaki aq kc ginagawa q rin yan na ginagawa kht isa rin aqung mahirap kv ang katwiran q kht sa kaunti na maibaot q ay masaya na aq parang tumalbog ang puso q pagnakakabigay aq . kht barya lang .,.,OTH
17157,1062,Hindi makatulog ng walang open call .,Hindi,FIL
17158,1062,Hindi makatulog ng walang open call .,makatulog,FIL
17159,1062,Hindi makatulog ng walang open call .,ng,FIL
17160,1062,Hindi makatulog ng walang open call .,walang,FIL
17161,1062,Hindi makatulog ng walang open call .,open,ENG
17162,1062,Hindi makatulog ng walang open call .,call,ENG
17163,1062,Hindi makatulog ng walang open call .,.,OTH
17164,1063,Ieemail po ba sa mga nakapagpareserve na kung saan at magkano po babayaran muna ?,Ieemail,CS
17165,1063,Ieemail po ba sa mga nakapagpareserve na kung saan at magkano po babayaran muna ?,po,FIL
17166,1063,Ieemail po ba sa mga nakapagpareserve na kung saan at magkano po babayaran muna ?,ba,FIL
17167,1063,Ieemail po ba sa mga nakapagpareserve na kung saan at magkano po babayaran muna ?,sa,FIL
17168,1063,Ieemail po ba sa mga nakapagpareserve na kung saan at magkano po babayaran muna ?,mga,FIL
17169,1063,Ieemail po ba sa mga nakapagpareserve na kung saan at magkano po babayaran muna ?,nakapagpareserve,CS
17170,1063,Ieemail po ba sa mga nakapagpareserve na kung saan at magkano po babayaran muna ?,na,FIL
17171,1063,Ieemail po ba sa mga nakapagpareserve na kung saan at magkano po babayaran muna ?,kung,FIL
17172,1063,Ieemail po ba sa mga nakapagpareserve na kung saan at magkano po babayaran muna ?,saan,FIL
17173,1063,Ieemail po ba sa mga nakapagpareserve na kung saan at magkano po babayaran muna ?,at,FIL
17174,1063,Ieemail po ba sa mga nakapagpareserve na kung saan at magkano po babayaran muna ?,magkano,FIL
17175,1063,Ieemail po ba sa mga nakapagpareserve na kung saan at magkano po babayaran muna ?,po,FIL
17176,1063,Ieemail po ba sa mga nakapagpareserve na kung saan at magkano po babayaran muna ?,babayaran,FIL
17177,1063,Ieemail po ba sa mga nakapagpareserve na kung saan at magkano po babayaran muna ?,muna,FIL
17178,1063,Ieemail po ba sa mga nakapagpareserve na kung saan at magkano po babayaran muna ?,?,OTH
17179,1065,"Ngunit ang tao ay nabubuhay sa gitna ng katiwalian , at kaya walang kakayahang gamitin ang katotohanan at katapatan upang paglingkuran ang Diyos .",Ngunit,FIL
17180,1065,"Ngunit ang tao ay nabubuhay sa gitna ng katiwalian , at kaya walang kakayahang gamitin ang katotohanan at katapatan upang paglingkuran ang Diyos .",ang,FIL
17181,1065,"Ngunit ang tao ay nabubuhay sa gitna ng katiwalian , at kaya walang kakayahang gamitin ang katotohanan at katapatan upang paglingkuran ang Diyos .",tao,FIL
17182,1065,"Ngunit ang tao ay nabubuhay sa gitna ng katiwalian , at kaya walang kakayahang gamitin ang katotohanan at katapatan upang paglingkuran ang Diyos .",ay,FIL
17183,1065,"Ngunit ang tao ay nabubuhay sa gitna ng katiwalian , at kaya walang kakayahang gamitin ang katotohanan at katapatan upang paglingkuran ang Diyos .",nabubuhay,FIL
17184,1065,"Ngunit ang tao ay nabubuhay sa gitna ng katiwalian , at kaya walang kakayahang gamitin ang katotohanan at katapatan upang paglingkuran ang Diyos .",sa,FIL
17185,1065,"Ngunit ang tao ay nabubuhay sa gitna ng katiwalian , at kaya walang kakayahang gamitin ang katotohanan at katapatan upang paglingkuran ang Diyos .",gitna,FIL
17186,1065,"Ngunit ang tao ay nabubuhay sa gitna ng katiwalian , at kaya walang kakayahang gamitin ang katotohanan at katapatan upang paglingkuran ang Diyos .",ng,FIL
17187,1065,"Ngunit ang tao ay nabubuhay sa gitna ng katiwalian , at kaya walang kakayahang gamitin ang katotohanan at katapatan upang paglingkuran ang Diyos .",katiwalian,FIL
17188,1065,"Ngunit ang tao ay nabubuhay sa gitna ng katiwalian , at kaya walang kakayahang gamitin ang katotohanan at katapatan upang paglingkuran ang Diyos .",",",OTH
17189,1065,"Ngunit ang tao ay nabubuhay sa gitna ng katiwalian , at kaya walang kakayahang gamitin ang katotohanan at katapatan upang paglingkuran ang Diyos .",at,FIL
17190,1065,"Ngunit ang tao ay nabubuhay sa gitna ng katiwalian , at kaya walang kakayahang gamitin ang katotohanan at katapatan upang paglingkuran ang Diyos .",kaya,FIL
17191,1065,"Ngunit ang tao ay nabubuhay sa gitna ng katiwalian , at kaya walang kakayahang gamitin ang katotohanan at katapatan upang paglingkuran ang Diyos .",walang,FIL
17192,1065,"Ngunit ang tao ay nabubuhay sa gitna ng katiwalian , at kaya walang kakayahang gamitin ang katotohanan at katapatan upang paglingkuran ang Diyos .",kakayahang,FIL
17193,1065,"Ngunit ang tao ay nabubuhay sa gitna ng katiwalian , at kaya walang kakayahang gamitin ang katotohanan at katapatan upang paglingkuran ang Diyos .",gamitin,FIL
17194,1065,"Ngunit ang tao ay nabubuhay sa gitna ng katiwalian , at kaya walang kakayahang gamitin ang katotohanan at katapatan upang paglingkuran ang Diyos .",ang,FIL
17195,1065,"Ngunit ang tao ay nabubuhay sa gitna ng katiwalian , at kaya walang kakayahang gamitin ang katotohanan at katapatan upang paglingkuran ang Diyos .",katotohanan,FIL
17196,1065,"Ngunit ang tao ay nabubuhay sa gitna ng katiwalian , at kaya walang kakayahang gamitin ang katotohanan at katapatan upang paglingkuran ang Diyos .",at,FIL
17197,1065,"Ngunit ang tao ay nabubuhay sa gitna ng katiwalian , at kaya walang kakayahang gamitin ang katotohanan at katapatan upang paglingkuran ang Diyos .",katapatan,FIL
17198,1065,"Ngunit ang tao ay nabubuhay sa gitna ng katiwalian , at kaya walang kakayahang gamitin ang katotohanan at katapatan upang paglingkuran ang Diyos .",upang,FIL
17199,1065,"Ngunit ang tao ay nabubuhay sa gitna ng katiwalian , at kaya walang kakayahang gamitin ang katotohanan at katapatan upang paglingkuran ang Diyos .",paglingkuran,FIL
17200,1065,"Ngunit ang tao ay nabubuhay sa gitna ng katiwalian , at kaya walang kakayahang gamitin ang katotohanan at katapatan upang paglingkuran ang Diyos .",ang,FIL
17201,1065,"Ngunit ang tao ay nabubuhay sa gitna ng katiwalian , at kaya walang kakayahang gamitin ang katotohanan at katapatan upang paglingkuran ang Diyos .",Diyos,FIL
17202,1065,"Ngunit ang tao ay nabubuhay sa gitna ng katiwalian , at kaya walang kakayahang gamitin ang katotohanan at katapatan upang paglingkuran ang Diyos .",.,OTH
17203,1066,Samantalay makukumpleto na ang 12 kasaling koponan sa liga sa pagbabalik ng Meralco Bolts at Alaska Aces sa aksiyon ngayong linggo .,Samantalay,FIL
17204,1066,Samantalay makukumpleto na ang 12 kasaling koponan sa liga sa pagbabalik ng Meralco Bolts at Alaska Aces sa aksiyon ngayong linggo .,makukumpleto,FIL
17205,1066,Samantalay makukumpleto na ang 12 kasaling koponan sa liga sa pagbabalik ng Meralco Bolts at Alaska Aces sa aksiyon ngayong linggo .,na,FIL
17206,1066,Samantalay makukumpleto na ang 12 kasaling koponan sa liga sa pagbabalik ng Meralco Bolts at Alaska Aces sa aksiyon ngayong linggo .,ang,FIL
17207,1066,Samantalay makukumpleto na ang 12 kasaling koponan sa liga sa pagbabalik ng Meralco Bolts at Alaska Aces sa aksiyon ngayong linggo .,12,OTH
17208,1066,Samantalay makukumpleto na ang 12 kasaling koponan sa liga sa pagbabalik ng Meralco Bolts at Alaska Aces sa aksiyon ngayong linggo .,kasaling,FIL
17209,1066,Samantalay makukumpleto na ang 12 kasaling koponan sa liga sa pagbabalik ng Meralco Bolts at Alaska Aces sa aksiyon ngayong linggo .,koponan,FIL
17210,1066,Samantalay makukumpleto na ang 12 kasaling koponan sa liga sa pagbabalik ng Meralco Bolts at Alaska Aces sa aksiyon ngayong linggo .,sa,FIL
17211,1066,Samantalay makukumpleto na ang 12 kasaling koponan sa liga sa pagbabalik ng Meralco Bolts at Alaska Aces sa aksiyon ngayong linggo .,liga,FIL
17212,1066,Samantalay makukumpleto na ang 12 kasaling koponan sa liga sa pagbabalik ng Meralco Bolts at Alaska Aces sa aksiyon ngayong linggo .,sa,FIL
17213,1066,Samantalay makukumpleto na ang 12 kasaling koponan sa liga sa pagbabalik ng Meralco Bolts at Alaska Aces sa aksiyon ngayong linggo .,pagbabalik,FIL
17214,1066,Samantalay makukumpleto na ang 12 kasaling koponan sa liga sa pagbabalik ng Meralco Bolts at Alaska Aces sa aksiyon ngayong linggo .,ng,FIL
17215,1066,Samantalay makukumpleto na ang 12 kasaling koponan sa liga sa pagbabalik ng Meralco Bolts at Alaska Aces sa aksiyon ngayong linggo .,Meralco,OTH
17216,1066,Samantalay makukumpleto na ang 12 kasaling koponan sa liga sa pagbabalik ng Meralco Bolts at Alaska Aces sa aksiyon ngayong linggo .,Bolts,OTH
17217,1066,Samantalay makukumpleto na ang 12 kasaling koponan sa liga sa pagbabalik ng Meralco Bolts at Alaska Aces sa aksiyon ngayong linggo .,at,FIL
17218,1066,Samantalay makukumpleto na ang 12 kasaling koponan sa liga sa pagbabalik ng Meralco Bolts at Alaska Aces sa aksiyon ngayong linggo .,Alaska,OTH
17219,1066,Samantalay makukumpleto na ang 12 kasaling koponan sa liga sa pagbabalik ng Meralco Bolts at Alaska Aces sa aksiyon ngayong linggo .,Aces,OTH
17220,1066,Samantalay makukumpleto na ang 12 kasaling koponan sa liga sa pagbabalik ng Meralco Bolts at Alaska Aces sa aksiyon ngayong linggo .,sa,FIL
17221,1066,Samantalay makukumpleto na ang 12 kasaling koponan sa liga sa pagbabalik ng Meralco Bolts at Alaska Aces sa aksiyon ngayong linggo .,aksiyon,FIL
17222,1066,Samantalay makukumpleto na ang 12 kasaling koponan sa liga sa pagbabalik ng Meralco Bolts at Alaska Aces sa aksiyon ngayong linggo .,ngayong,FIL
17223,1066,Samantalay makukumpleto na ang 12 kasaling koponan sa liga sa pagbabalik ng Meralco Bolts at Alaska Aces sa aksiyon ngayong linggo .,linggo,FIL
17224,1066,Samantalay makukumpleto na ang 12 kasaling koponan sa liga sa pagbabalik ng Meralco Bolts at Alaska Aces sa aksiyon ngayong linggo .,.,OTH
17225,1067,perfect manood ng romance anime ngayon,perfect,ENG
17226,1067,perfect manood ng romance anime ngayon,manood,FIL
17227,1067,perfect manood ng romance anime ngayon,ng,FIL
17228,1067,perfect manood ng romance anime ngayon,romance,ENG
17229,1067,perfect manood ng romance anime ngayon,anime,ENG
17230,1067,perfect manood ng romance anime ngayon,ngayon,FIL
17231,1069,Ang pagbuhay sa turismo ay sisimulan sa bayan ng Del Carmen .,Ang,FIL
17232,1069,Ang pagbuhay sa turismo ay sisimulan sa bayan ng Del Carmen .,pagbuhay,FIL
17233,1069,Ang pagbuhay sa turismo ay sisimulan sa bayan ng Del Carmen .,sa,FIL
17234,1069,Ang pagbuhay sa turismo ay sisimulan sa bayan ng Del Carmen .,turismo,FIL
17235,1069,Ang pagbuhay sa turismo ay sisimulan sa bayan ng Del Carmen .,ay,FIL
17236,1069,Ang pagbuhay sa turismo ay sisimulan sa bayan ng Del Carmen .,sisimulan,FIL
17237,1069,Ang pagbuhay sa turismo ay sisimulan sa bayan ng Del Carmen .,sa,FIL
17238,1069,Ang pagbuhay sa turismo ay sisimulan sa bayan ng Del Carmen .,bayan,FIL
17239,1069,Ang pagbuhay sa turismo ay sisimulan sa bayan ng Del Carmen .,ng,FIL
17240,1069,Ang pagbuhay sa turismo ay sisimulan sa bayan ng Del Carmen .,Del,OTH
17241,1069,Ang pagbuhay sa turismo ay sisimulan sa bayan ng Del Carmen .,Carmen,OTH
17242,1069,Ang pagbuhay sa turismo ay sisimulan sa bayan ng Del Carmen .,.,OTH
17243,1070,"So share ko lang , kahapon naghahanap ako ng pic ni sunoo kasi want ko sana si sunoo partner ko sa ensd ko tapos punyeta habang tumutingin ako sa pic niya ngiti ako ng ngiti lalo na kapag naka fierce sya mama help !",So,ENG
17244,1070,"So share ko lang , kahapon naghahanap ako ng pic ni sunoo kasi want ko sana si sunoo partner ko sa ensd ko tapos punyeta habang tumutingin ako sa pic niya ngiti ako ng ngiti lalo na kapag naka fierce sya mama help !",share,ENG
17245,1070,"So share ko lang , kahapon naghahanap ako ng pic ni sunoo kasi want ko sana si sunoo partner ko sa ensd ko tapos punyeta habang tumutingin ako sa pic niya ngiti ako ng ngiti lalo na kapag naka fierce sya mama help !",ko,FIL
17246,1070,"So share ko lang , kahapon naghahanap ako ng pic ni sunoo kasi want ko sana si sunoo partner ko sa ensd ko tapos punyeta habang tumutingin ako sa pic niya ngiti ako ng ngiti lalo na kapag naka fierce sya mama help !",lang,FIL
17247,1070,"So share ko lang , kahapon naghahanap ako ng pic ni sunoo kasi want ko sana si sunoo partner ko sa ensd ko tapos punyeta habang tumutingin ako sa pic niya ngiti ako ng ngiti lalo na kapag naka fierce sya mama help !",",",OTH
17248,1070,"So share ko lang , kahapon naghahanap ako ng pic ni sunoo kasi want ko sana si sunoo partner ko sa ensd ko tapos punyeta habang tumutingin ako sa pic niya ngiti ako ng ngiti lalo na kapag naka fierce sya mama help !",kahapon,FIL
17249,1070,"So share ko lang , kahapon naghahanap ako ng pic ni sunoo kasi want ko sana si sunoo partner ko sa ensd ko tapos punyeta habang tumutingin ako sa pic niya ngiti ako ng ngiti lalo na kapag naka fierce sya mama help !",naghahanap,FIL
17250,1070,"So share ko lang , kahapon naghahanap ako ng pic ni sunoo kasi want ko sana si sunoo partner ko sa ensd ko tapos punyeta habang tumutingin ako sa pic niya ngiti ako ng ngiti lalo na kapag naka fierce sya mama help !",ako,FIL
17251,1070,"So share ko lang , kahapon naghahanap ako ng pic ni sunoo kasi want ko sana si sunoo partner ko sa ensd ko tapos punyeta habang tumutingin ako sa pic niya ngiti ako ng ngiti lalo na kapag naka fierce sya mama help !",ng,FIL
17252,1070,"So share ko lang , kahapon naghahanap ako ng pic ni sunoo kasi want ko sana si sunoo partner ko sa ensd ko tapos punyeta habang tumutingin ako sa pic niya ngiti ako ng ngiti lalo na kapag naka fierce sya mama help !",pic,ENG
17253,1070,"So share ko lang , kahapon naghahanap ako ng pic ni sunoo kasi want ko sana si sunoo partner ko sa ensd ko tapos punyeta habang tumutingin ako sa pic niya ngiti ako ng ngiti lalo na kapag naka fierce sya mama help !",ni,FIL
17254,1070,"So share ko lang , kahapon naghahanap ako ng pic ni sunoo kasi want ko sana si sunoo partner ko sa ensd ko tapos punyeta habang tumutingin ako sa pic niya ngiti ako ng ngiti lalo na kapag naka fierce sya mama help !",sunoo,OTH
17255,1070,"So share ko lang , kahapon naghahanap ako ng pic ni sunoo kasi want ko sana si sunoo partner ko sa ensd ko tapos punyeta habang tumutingin ako sa pic niya ngiti ako ng ngiti lalo na kapag naka fierce sya mama help !",kasi,FIL
17256,1070,"So share ko lang , kahapon naghahanap ako ng pic ni sunoo kasi want ko sana si sunoo partner ko sa ensd ko tapos punyeta habang tumutingin ako sa pic niya ngiti ako ng ngiti lalo na kapag naka fierce sya mama help !",want,ENG
17257,1070,"So share ko lang , kahapon naghahanap ako ng pic ni sunoo kasi want ko sana si sunoo partner ko sa ensd ko tapos punyeta habang tumutingin ako sa pic niya ngiti ako ng ngiti lalo na kapag naka fierce sya mama help !",ko,FIL
17258,1070,"So share ko lang , kahapon naghahanap ako ng pic ni sunoo kasi want ko sana si sunoo partner ko sa ensd ko tapos punyeta habang tumutingin ako sa pic niya ngiti ako ng ngiti lalo na kapag naka fierce sya mama help !",sana,FIL
17259,1070,"So share ko lang , kahapon naghahanap ako ng pic ni sunoo kasi want ko sana si sunoo partner ko sa ensd ko tapos punyeta habang tumutingin ako sa pic niya ngiti ako ng ngiti lalo na kapag naka fierce sya mama help !",si,FIL
17260,1070,"So share ko lang , kahapon naghahanap ako ng pic ni sunoo kasi want ko sana si sunoo partner ko sa ensd ko tapos punyeta habang tumutingin ako sa pic niya ngiti ako ng ngiti lalo na kapag naka fierce sya mama help !",sunoo,OTH
17261,1070,"So share ko lang , kahapon naghahanap ako ng pic ni sunoo kasi want ko sana si sunoo partner ko sa ensd ko tapos punyeta habang tumutingin ako sa pic niya ngiti ako ng ngiti lalo na kapag naka fierce sya mama help !",partner,ENG
17262,1070,"So share ko lang , kahapon naghahanap ako ng pic ni sunoo kasi want ko sana si sunoo partner ko sa ensd ko tapos punyeta habang tumutingin ako sa pic niya ngiti ako ng ngiti lalo na kapag naka fierce sya mama help !",ko,FIL
17263,1070,"So share ko lang , kahapon naghahanap ako ng pic ni sunoo kasi want ko sana si sunoo partner ko sa ensd ko tapos punyeta habang tumutingin ako sa pic niya ngiti ako ng ngiti lalo na kapag naka fierce sya mama help !",sa,FIL
17264,1070,"So share ko lang , kahapon naghahanap ako ng pic ni sunoo kasi want ko sana si sunoo partner ko sa ensd ko tapos punyeta habang tumutingin ako sa pic niya ngiti ako ng ngiti lalo na kapag naka fierce sya mama help !",ensd,OTH
17265,1070,"So share ko lang , kahapon naghahanap ako ng pic ni sunoo kasi want ko sana si sunoo partner ko sa ensd ko tapos punyeta habang tumutingin ako sa pic niya ngiti ako ng ngiti lalo na kapag naka fierce sya mama help !",ko,FIL
17266,1070,"So share ko lang , kahapon naghahanap ako ng pic ni sunoo kasi want ko sana si sunoo partner ko sa ensd ko tapos punyeta habang tumutingin ako sa pic niya ngiti ako ng ngiti lalo na kapag naka fierce sya mama help !",tapos,FIL
17267,1070,"So share ko lang , kahapon naghahanap ako ng pic ni sunoo kasi want ko sana si sunoo partner ko sa ensd ko tapos punyeta habang tumutingin ako sa pic niya ngiti ako ng ngiti lalo na kapag naka fierce sya mama help !",punyeta,FIL
17268,1070,"So share ko lang , kahapon naghahanap ako ng pic ni sunoo kasi want ko sana si sunoo partner ko sa ensd ko tapos punyeta habang tumutingin ako sa pic niya ngiti ako ng ngiti lalo na kapag naka fierce sya mama help !",habang,FIL
17269,1070,"So share ko lang , kahapon naghahanap ako ng pic ni sunoo kasi want ko sana si sunoo partner ko sa ensd ko tapos punyeta habang tumutingin ako sa pic niya ngiti ako ng ngiti lalo na kapag naka fierce sya mama help !",tumutingin,FIL
17270,1070,"So share ko lang , kahapon naghahanap ako ng pic ni sunoo kasi want ko sana si sunoo partner ko sa ensd ko tapos punyeta habang tumutingin ako sa pic niya ngiti ako ng ngiti lalo na kapag naka fierce sya mama help !",ako,FIL
17271,1070,"So share ko lang , kahapon naghahanap ako ng pic ni sunoo kasi want ko sana si sunoo partner ko sa ensd ko tapos punyeta habang tumutingin ako sa pic niya ngiti ako ng ngiti lalo na kapag naka fierce sya mama help !",sa,FIL
17272,1070,"So share ko lang , kahapon naghahanap ako ng pic ni sunoo kasi want ko sana si sunoo partner ko sa ensd ko tapos punyeta habang tumutingin ako sa pic niya ngiti ako ng ngiti lalo na kapag naka fierce sya mama help !",pic,ENG
17273,1070,"So share ko lang , kahapon naghahanap ako ng pic ni sunoo kasi want ko sana si sunoo partner ko sa ensd ko tapos punyeta habang tumutingin ako sa pic niya ngiti ako ng ngiti lalo na kapag naka fierce sya mama help !",niya,FIL
17274,1070,"So share ko lang , kahapon naghahanap ako ng pic ni sunoo kasi want ko sana si sunoo partner ko sa ensd ko tapos punyeta habang tumutingin ako sa pic niya ngiti ako ng ngiti lalo na kapag naka fierce sya mama help !",ngiti,FIL
17275,1070,"So share ko lang , kahapon naghahanap ako ng pic ni sunoo kasi want ko sana si sunoo partner ko sa ensd ko tapos punyeta habang tumutingin ako sa pic niya ngiti ako ng ngiti lalo na kapag naka fierce sya mama help !",ako,FIL
17276,1070,"So share ko lang , kahapon naghahanap ako ng pic ni sunoo kasi want ko sana si sunoo partner ko sa ensd ko tapos punyeta habang tumutingin ako sa pic niya ngiti ako ng ngiti lalo na kapag naka fierce sya mama help !",ng,FIL
17277,1070,"So share ko lang , kahapon naghahanap ako ng pic ni sunoo kasi want ko sana si sunoo partner ko sa ensd ko tapos punyeta habang tumutingin ako sa pic niya ngiti ako ng ngiti lalo na kapag naka fierce sya mama help !",ngiti,FIL
17278,1070,"So share ko lang , kahapon naghahanap ako ng pic ni sunoo kasi want ko sana si sunoo partner ko sa ensd ko tapos punyeta habang tumutingin ako sa pic niya ngiti ako ng ngiti lalo na kapag naka fierce sya mama help !",lalo,FIL
17279,1070,"So share ko lang , kahapon naghahanap ako ng pic ni sunoo kasi want ko sana si sunoo partner ko sa ensd ko tapos punyeta habang tumutingin ako sa pic niya ngiti ako ng ngiti lalo na kapag naka fierce sya mama help !",na,FIL
17280,1070,"So share ko lang , kahapon naghahanap ako ng pic ni sunoo kasi want ko sana si sunoo partner ko sa ensd ko tapos punyeta habang tumutingin ako sa pic niya ngiti ako ng ngiti lalo na kapag naka fierce sya mama help !",kapag,FIL
17281,1070,"So share ko lang , kahapon naghahanap ako ng pic ni sunoo kasi want ko sana si sunoo partner ko sa ensd ko tapos punyeta habang tumutingin ako sa pic niya ngiti ako ng ngiti lalo na kapag naka fierce sya mama help !",naka,FIL
17282,1070,"So share ko lang , kahapon naghahanap ako ng pic ni sunoo kasi want ko sana si sunoo partner ko sa ensd ko tapos punyeta habang tumutingin ako sa pic niya ngiti ako ng ngiti lalo na kapag naka fierce sya mama help !",fierce,ENG
17283,1070,"So share ko lang , kahapon naghahanap ako ng pic ni sunoo kasi want ko sana si sunoo partner ko sa ensd ko tapos punyeta habang tumutingin ako sa pic niya ngiti ako ng ngiti lalo na kapag naka fierce sya mama help !",sya,FIL
17284,1070,"So share ko lang , kahapon naghahanap ako ng pic ni sunoo kasi want ko sana si sunoo partner ko sa ensd ko tapos punyeta habang tumutingin ako sa pic niya ngiti ako ng ngiti lalo na kapag naka fierce sya mama help !",mama,ENG
17285,1070,"So share ko lang , kahapon naghahanap ako ng pic ni sunoo kasi want ko sana si sunoo partner ko sa ensd ko tapos punyeta habang tumutingin ako sa pic niya ngiti ako ng ngiti lalo na kapag naka fierce sya mama help !",help,ENG
17286,1070,"So share ko lang , kahapon naghahanap ako ng pic ni sunoo kasi want ko sana si sunoo partner ko sa ensd ko tapos punyeta habang tumutingin ako sa pic niya ngiti ako ng ngiti lalo na kapag naka fierce sya mama help !",!,OTH
17287,1071,Walana kawawana kaming maheherap sa sobra Mahal ng nilihen dito sa calamba laguna,Walana,FIL
17288,1071,Walana kawawana kaming maheherap sa sobra Mahal ng nilihen dito sa calamba laguna,kawawana,FIL
17289,1071,Walana kawawana kaming maheherap sa sobra Mahal ng nilihen dito sa calamba laguna,kaming,FIL
17290,1071,Walana kawawana kaming maheherap sa sobra Mahal ng nilihen dito sa calamba laguna,maheherap,FIL
17291,1071,Walana kawawana kaming maheherap sa sobra Mahal ng nilihen dito sa calamba laguna,sa,FIL
17292,1071,Walana kawawana kaming maheherap sa sobra Mahal ng nilihen dito sa calamba laguna,sobra,FIL
17293,1071,Walana kawawana kaming maheherap sa sobra Mahal ng nilihen dito sa calamba laguna,Mahal,FIL
17294,1071,Walana kawawana kaming maheherap sa sobra Mahal ng nilihen dito sa calamba laguna,ng,FIL
17295,1071,Walana kawawana kaming maheherap sa sobra Mahal ng nilihen dito sa calamba laguna,nilihen,FIL
17296,1071,Walana kawawana kaming maheherap sa sobra Mahal ng nilihen dito sa calamba laguna,dito,FIL
17297,1071,Walana kawawana kaming maheherap sa sobra Mahal ng nilihen dito sa calamba laguna,sa,FIL
17298,1071,Walana kawawana kaming maheherap sa sobra Mahal ng nilihen dito sa calamba laguna,calamba,OTH
17299,1071,Walana kawawana kaming maheherap sa sobra Mahal ng nilihen dito sa calamba laguna,laguna,OTH
17300,1072,may pasmirk ka pang nalalaman ha,may,FIL
17301,1072,may pasmirk ka pang nalalaman ha,pasmirk,CS
17302,1072,may pasmirk ka pang nalalaman ha,ka,FIL
17303,1072,may pasmirk ka pang nalalaman ha,pang,FIL
17304,1072,may pasmirk ka pang nalalaman ha,nalalaman,FIL
17305,1072,may pasmirk ka pang nalalaman ha,ha,FIL
17306,1074,Busy na kong mahalin ang sarili ko .,Busy,ENG
17307,1074,Busy na kong mahalin ang sarili ko .,na,FIL
17308,1074,Busy na kong mahalin ang sarili ko .,kong,FIL
17309,1074,Busy na kong mahalin ang sarili ko .,mahalin,FIL
17310,1074,Busy na kong mahalin ang sarili ko .,ang,FIL
17311,1074,Busy na kong mahalin ang sarili ko .,sarili,FIL
17312,1074,Busy na kong mahalin ang sarili ko .,ko,FIL
17313,1074,Busy na kong mahalin ang sarili ko .,.,OTH
17314,1075,"Ang ikli na nga ng pasensya ko lalo pang umikli potek , mali nga ata desisyon ko mag-tutor ng bata",Ang,FIL
17315,1075,"Ang ikli na nga ng pasensya ko lalo pang umikli potek , mali nga ata desisyon ko mag-tutor ng bata",ikli,FIL
17316,1075,"Ang ikli na nga ng pasensya ko lalo pang umikli potek , mali nga ata desisyon ko mag-tutor ng bata",na,FIL
17317,1075,"Ang ikli na nga ng pasensya ko lalo pang umikli potek , mali nga ata desisyon ko mag-tutor ng bata",nga,FIL
17318,1075,"Ang ikli na nga ng pasensya ko lalo pang umikli potek , mali nga ata desisyon ko mag-tutor ng bata",ng,FIL
17319,1075,"Ang ikli na nga ng pasensya ko lalo pang umikli potek , mali nga ata desisyon ko mag-tutor ng bata",pasensya,FIL
17320,1075,"Ang ikli na nga ng pasensya ko lalo pang umikli potek , mali nga ata desisyon ko mag-tutor ng bata",ko,FIL
17321,1075,"Ang ikli na nga ng pasensya ko lalo pang umikli potek , mali nga ata desisyon ko mag-tutor ng bata",lalo,FIL
17322,1075,"Ang ikli na nga ng pasensya ko lalo pang umikli potek , mali nga ata desisyon ko mag-tutor ng bata",pang,FIL
17323,1075,"Ang ikli na nga ng pasensya ko lalo pang umikli potek , mali nga ata desisyon ko mag-tutor ng bata",umikli,FIL
17324,1075,"Ang ikli na nga ng pasensya ko lalo pang umikli potek , mali nga ata desisyon ko mag-tutor ng bata",potek,FIL
17325,1075,"Ang ikli na nga ng pasensya ko lalo pang umikli potek , mali nga ata desisyon ko mag-tutor ng bata",",",OTH
17326,1075,"Ang ikli na nga ng pasensya ko lalo pang umikli potek , mali nga ata desisyon ko mag-tutor ng bata",mali,FIL
17327,1075,"Ang ikli na nga ng pasensya ko lalo pang umikli potek , mali nga ata desisyon ko mag-tutor ng bata",nga,FIL
17328,1075,"Ang ikli na nga ng pasensya ko lalo pang umikli potek , mali nga ata desisyon ko mag-tutor ng bata",ata,FIL
17329,1075,"Ang ikli na nga ng pasensya ko lalo pang umikli potek , mali nga ata desisyon ko mag-tutor ng bata",desisyon,FIL
17330,1075,"Ang ikli na nga ng pasensya ko lalo pang umikli potek , mali nga ata desisyon ko mag-tutor ng bata",ko,FIL
17331,1075,"Ang ikli na nga ng pasensya ko lalo pang umikli potek , mali nga ata desisyon ko mag-tutor ng bata",mag-tutor,CS
17332,1075,"Ang ikli na nga ng pasensya ko lalo pang umikli potek , mali nga ata desisyon ko mag-tutor ng bata",ng,FIL
17333,1075,"Ang ikli na nga ng pasensya ko lalo pang umikli potek , mali nga ata desisyon ko mag-tutor ng bata",bata,FIL
17334,1076,Ano tagalog ng pink muna nauubusan na kayo ng script eh,Ano,FIL
17335,1076,Ano tagalog ng pink muna nauubusan na kayo ng script eh,tagalog,FIL
17336,1076,Ano tagalog ng pink muna nauubusan na kayo ng script eh,ng,FIL
17337,1076,Ano tagalog ng pink muna nauubusan na kayo ng script eh,pink,ENG
17338,1076,Ano tagalog ng pink muna nauubusan na kayo ng script eh,muna,FIL
17339,1076,Ano tagalog ng pink muna nauubusan na kayo ng script eh,nauubusan,FIL
17340,1076,Ano tagalog ng pink muna nauubusan na kayo ng script eh,na,FIL
17341,1076,Ano tagalog ng pink muna nauubusan na kayo ng script eh,kayo,FIL
17342,1076,Ano tagalog ng pink muna nauubusan na kayo ng script eh,ng,FIL
17343,1076,Ano tagalog ng pink muna nauubusan na kayo ng script eh,script,ENG
17344,1076,Ano tagalog ng pink muna nauubusan na kayo ng script eh,eh,FIL
17345,1077,Hindi ba pwedeng magpahinga mga students ?,Hindi,FIL
17346,1077,Hindi ba pwedeng magpahinga mga students ?,ba,FIL
17347,1077,Hindi ba pwedeng magpahinga mga students ?,pwedeng,FIL
17348,1077,Hindi ba pwedeng magpahinga mga students ?,magpahinga,FIL
17349,1077,Hindi ba pwedeng magpahinga mga students ?,mga,FIL
17350,1077,Hindi ba pwedeng magpahinga mga students ?,students,ENG
17351,1077,Hindi ba pwedeng magpahinga mga students ?,?,OTH
17352,1078,itigil na ang sugal .makontento sana tau sa ibinibigay ng Diyos .alam mo nman na kasalanan ang pagsusugal .dahil every sunday my fellowship kayu respeto nalng sa Diyos na nasa itaas,itigil,FIL
17353,1078,itigil na ang sugal .makontento sana tau sa ibinibigay ng Diyos .alam mo nman na kasalanan ang pagsusugal .dahil every sunday my fellowship kayu respeto nalng sa Diyos na nasa itaas,na,FIL
17354,1078,itigil na ang sugal .makontento sana tau sa ibinibigay ng Diyos .alam mo nman na kasalanan ang pagsusugal .dahil every sunday my fellowship kayu respeto nalng sa Diyos na nasa itaas,ang,FIL
17355,1078,itigil na ang sugal .makontento sana tau sa ibinibigay ng Diyos .alam mo nman na kasalanan ang pagsusugal .dahil every sunday my fellowship kayu respeto nalng sa Diyos na nasa itaas,sugal,FIL
17356,1078,itigil na ang sugal .makontento sana tau sa ibinibigay ng Diyos .alam mo nman na kasalanan ang pagsusugal .dahil every sunday my fellowship kayu respeto nalng sa Diyos na nasa itaas,.makontento,OTH
17357,1078,itigil na ang sugal .makontento sana tau sa ibinibigay ng Diyos .alam mo nman na kasalanan ang pagsusugal .dahil every sunday my fellowship kayu respeto nalng sa Diyos na nasa itaas,sana,FIL
17358,1078,itigil na ang sugal .makontento sana tau sa ibinibigay ng Diyos .alam mo nman na kasalanan ang pagsusugal .dahil every sunday my fellowship kayu respeto nalng sa Diyos na nasa itaas,tau,FIL
17359,1078,itigil na ang sugal .makontento sana tau sa ibinibigay ng Diyos .alam mo nman na kasalanan ang pagsusugal .dahil every sunday my fellowship kayu respeto nalng sa Diyos na nasa itaas,sa,FIL
17360,1078,itigil na ang sugal .makontento sana tau sa ibinibigay ng Diyos .alam mo nman na kasalanan ang pagsusugal .dahil every sunday my fellowship kayu respeto nalng sa Diyos na nasa itaas,ibinibigay,FIL
17361,1078,itigil na ang sugal .makontento sana tau sa ibinibigay ng Diyos .alam mo nman na kasalanan ang pagsusugal .dahil every sunday my fellowship kayu respeto nalng sa Diyos na nasa itaas,ng,FIL
17362,1078,itigil na ang sugal .makontento sana tau sa ibinibigay ng Diyos .alam mo nman na kasalanan ang pagsusugal .dahil every sunday my fellowship kayu respeto nalng sa Diyos na nasa itaas,Diyos,FIL
17363,1078,itigil na ang sugal .makontento sana tau sa ibinibigay ng Diyos .alam mo nman na kasalanan ang pagsusugal .dahil every sunday my fellowship kayu respeto nalng sa Diyos na nasa itaas,.alam,OTH
17364,1078,itigil na ang sugal .makontento sana tau sa ibinibigay ng Diyos .alam mo nman na kasalanan ang pagsusugal .dahil every sunday my fellowship kayu respeto nalng sa Diyos na nasa itaas,mo,FIL
17365,1078,itigil na ang sugal .makontento sana tau sa ibinibigay ng Diyos .alam mo nman na kasalanan ang pagsusugal .dahil every sunday my fellowship kayu respeto nalng sa Diyos na nasa itaas,nman,FIL
17366,1078,itigil na ang sugal .makontento sana tau sa ibinibigay ng Diyos .alam mo nman na kasalanan ang pagsusugal .dahil every sunday my fellowship kayu respeto nalng sa Diyos na nasa itaas,na,FIL
17367,1078,itigil na ang sugal .makontento sana tau sa ibinibigay ng Diyos .alam mo nman na kasalanan ang pagsusugal .dahil every sunday my fellowship kayu respeto nalng sa Diyos na nasa itaas,kasalanan,FIL
17368,1078,itigil na ang sugal .makontento sana tau sa ibinibigay ng Diyos .alam mo nman na kasalanan ang pagsusugal .dahil every sunday my fellowship kayu respeto nalng sa Diyos na nasa itaas,ang,FIL
17369,1078,itigil na ang sugal .makontento sana tau sa ibinibigay ng Diyos .alam mo nman na kasalanan ang pagsusugal .dahil every sunday my fellowship kayu respeto nalng sa Diyos na nasa itaas,pagsusugal,FIL
17370,1078,itigil na ang sugal .makontento sana tau sa ibinibigay ng Diyos .alam mo nman na kasalanan ang pagsusugal .dahil every sunday my fellowship kayu respeto nalng sa Diyos na nasa itaas,.dahil,OTH
17371,1078,itigil na ang sugal .makontento sana tau sa ibinibigay ng Diyos .alam mo nman na kasalanan ang pagsusugal .dahil every sunday my fellowship kayu respeto nalng sa Diyos na nasa itaas,every,ENG
17372,1078,itigil na ang sugal .makontento sana tau sa ibinibigay ng Diyos .alam mo nman na kasalanan ang pagsusugal .dahil every sunday my fellowship kayu respeto nalng sa Diyos na nasa itaas,sunday,ENG
17373,1078,itigil na ang sugal .makontento sana tau sa ibinibigay ng Diyos .alam mo nman na kasalanan ang pagsusugal .dahil every sunday my fellowship kayu respeto nalng sa Diyos na nasa itaas,my,ENG
17374,1078,itigil na ang sugal .makontento sana tau sa ibinibigay ng Diyos .alam mo nman na kasalanan ang pagsusugal .dahil every sunday my fellowship kayu respeto nalng sa Diyos na nasa itaas,fellowship,ENG
17375,1078,itigil na ang sugal .makontento sana tau sa ibinibigay ng Diyos .alam mo nman na kasalanan ang pagsusugal .dahil every sunday my fellowship kayu respeto nalng sa Diyos na nasa itaas,kayu,FIL
17376,1078,itigil na ang sugal .makontento sana tau sa ibinibigay ng Diyos .alam mo nman na kasalanan ang pagsusugal .dahil every sunday my fellowship kayu respeto nalng sa Diyos na nasa itaas,respeto,FIL
17377,1078,itigil na ang sugal .makontento sana tau sa ibinibigay ng Diyos .alam mo nman na kasalanan ang pagsusugal .dahil every sunday my fellowship kayu respeto nalng sa Diyos na nasa itaas,nalng,FIL
17378,1078,itigil na ang sugal .makontento sana tau sa ibinibigay ng Diyos .alam mo nman na kasalanan ang pagsusugal .dahil every sunday my fellowship kayu respeto nalng sa Diyos na nasa itaas,sa,FIL
17379,1078,itigil na ang sugal .makontento sana tau sa ibinibigay ng Diyos .alam mo nman na kasalanan ang pagsusugal .dahil every sunday my fellowship kayu respeto nalng sa Diyos na nasa itaas,Diyos,FIL
17380,1078,itigil na ang sugal .makontento sana tau sa ibinibigay ng Diyos .alam mo nman na kasalanan ang pagsusugal .dahil every sunday my fellowship kayu respeto nalng sa Diyos na nasa itaas,na,FIL
17381,1078,itigil na ang sugal .makontento sana tau sa ibinibigay ng Diyos .alam mo nman na kasalanan ang pagsusugal .dahil every sunday my fellowship kayu respeto nalng sa Diyos na nasa itaas,nasa,FIL
17382,1078,itigil na ang sugal .makontento sana tau sa ibinibigay ng Diyos .alam mo nman na kasalanan ang pagsusugal .dahil every sunday my fellowship kayu respeto nalng sa Diyos na nasa itaas,itaas,FIL
17383,1079,medyo nalulungkot na ako sa reception ng mga tao ha ?,medyo,FIL
17384,1079,medyo nalulungkot na ako sa reception ng mga tao ha ?,nalulungkot,FIL
17385,1079,medyo nalulungkot na ako sa reception ng mga tao ha ?,na,FIL
17386,1079,medyo nalulungkot na ako sa reception ng mga tao ha ?,ako,FIL
17387,1079,medyo nalulungkot na ako sa reception ng mga tao ha ?,sa,FIL
17388,1079,medyo nalulungkot na ako sa reception ng mga tao ha ?,reception,ENG
17389,1079,medyo nalulungkot na ako sa reception ng mga tao ha ?,ng,FIL
17390,1079,medyo nalulungkot na ako sa reception ng mga tao ha ?,mga,FIL
17391,1079,medyo nalulungkot na ako sa reception ng mga tao ha ?,tao,FIL
17392,1079,medyo nalulungkot na ako sa reception ng mga tao ha ?,ha,FIL
17393,1079,medyo nalulungkot na ako sa reception ng mga tao ha ?,?,OTH
17394,1080,Hanggang ngayon lubog parin ako sa utang .,Hanggang,FIL
17395,1080,Hanggang ngayon lubog parin ako sa utang .,ngayon,FIL
17396,1080,Hanggang ngayon lubog parin ako sa utang .,lubog,FIL
17397,1080,Hanggang ngayon lubog parin ako sa utang .,parin,FIL
17398,1080,Hanggang ngayon lubog parin ako sa utang .,ako,FIL
17399,1080,Hanggang ngayon lubog parin ako sa utang .,sa,FIL
17400,1080,Hanggang ngayon lubog parin ako sa utang .,utang,FIL
17401,1080,Hanggang ngayon lubog parin ako sa utang .,.,OTH
17402,1081,Oras na para gumawa ng acc hhhaha,Oras,FIL
17403,1081,Oras na para gumawa ng acc hhhaha,na,FIL
17404,1081,Oras na para gumawa ng acc hhhaha,para,FIL
17405,1081,Oras na para gumawa ng acc hhhaha,gumawa,FIL
17406,1081,Oras na para gumawa ng acc hhhaha,ng,FIL
17407,1081,Oras na para gumawa ng acc hhhaha,acc,ENG
17408,1081,Oras na para gumawa ng acc hhhaha,hhhaha,OTH
17409,1082,"Patay ang isang bata at limang iba pa ang sugatan nang sumabog ang helium gas tank na ginagamit nila sa paggawa ng mga lobo sa Norala , South Cotabato .",Patay,FIL
17410,1082,"Patay ang isang bata at limang iba pa ang sugatan nang sumabog ang helium gas tank na ginagamit nila sa paggawa ng mga lobo sa Norala , South Cotabato .",ang,FIL
17411,1082,"Patay ang isang bata at limang iba pa ang sugatan nang sumabog ang helium gas tank na ginagamit nila sa paggawa ng mga lobo sa Norala , South Cotabato .",isang,FIL
17412,1082,"Patay ang isang bata at limang iba pa ang sugatan nang sumabog ang helium gas tank na ginagamit nila sa paggawa ng mga lobo sa Norala , South Cotabato .",bata,FIL
17413,1082,"Patay ang isang bata at limang iba pa ang sugatan nang sumabog ang helium gas tank na ginagamit nila sa paggawa ng mga lobo sa Norala , South Cotabato .",at,FIL
17414,1082,"Patay ang isang bata at limang iba pa ang sugatan nang sumabog ang helium gas tank na ginagamit nila sa paggawa ng mga lobo sa Norala , South Cotabato .",limang,FIL
17415,1082,"Patay ang isang bata at limang iba pa ang sugatan nang sumabog ang helium gas tank na ginagamit nila sa paggawa ng mga lobo sa Norala , South Cotabato .",iba,FIL
17416,1082,"Patay ang isang bata at limang iba pa ang sugatan nang sumabog ang helium gas tank na ginagamit nila sa paggawa ng mga lobo sa Norala , South Cotabato .",pa,FIL
17417,1082,"Patay ang isang bata at limang iba pa ang sugatan nang sumabog ang helium gas tank na ginagamit nila sa paggawa ng mga lobo sa Norala , South Cotabato .",ang,FIL
17418,1082,"Patay ang isang bata at limang iba pa ang sugatan nang sumabog ang helium gas tank na ginagamit nila sa paggawa ng mga lobo sa Norala , South Cotabato .",sugatan,FIL
17419,1082,"Patay ang isang bata at limang iba pa ang sugatan nang sumabog ang helium gas tank na ginagamit nila sa paggawa ng mga lobo sa Norala , South Cotabato .",nang,FIL
17420,1082,"Patay ang isang bata at limang iba pa ang sugatan nang sumabog ang helium gas tank na ginagamit nila sa paggawa ng mga lobo sa Norala , South Cotabato .",sumabog,FIL
17421,1082,"Patay ang isang bata at limang iba pa ang sugatan nang sumabog ang helium gas tank na ginagamit nila sa paggawa ng mga lobo sa Norala , South Cotabato .",ang,FIL
17422,1082,"Patay ang isang bata at limang iba pa ang sugatan nang sumabog ang helium gas tank na ginagamit nila sa paggawa ng mga lobo sa Norala , South Cotabato .",helium,ENG
17423,1082,"Patay ang isang bata at limang iba pa ang sugatan nang sumabog ang helium gas tank na ginagamit nila sa paggawa ng mga lobo sa Norala , South Cotabato .",gas,ENG
17424,1082,"Patay ang isang bata at limang iba pa ang sugatan nang sumabog ang helium gas tank na ginagamit nila sa paggawa ng mga lobo sa Norala , South Cotabato .",tank,ENG
17425,1082,"Patay ang isang bata at limang iba pa ang sugatan nang sumabog ang helium gas tank na ginagamit nila sa paggawa ng mga lobo sa Norala , South Cotabato .",na,FIL
17426,1082,"Patay ang isang bata at limang iba pa ang sugatan nang sumabog ang helium gas tank na ginagamit nila sa paggawa ng mga lobo sa Norala , South Cotabato .",ginagamit,FIL
17427,1082,"Patay ang isang bata at limang iba pa ang sugatan nang sumabog ang helium gas tank na ginagamit nila sa paggawa ng mga lobo sa Norala , South Cotabato .",nila,FIL
17428,1082,"Patay ang isang bata at limang iba pa ang sugatan nang sumabog ang helium gas tank na ginagamit nila sa paggawa ng mga lobo sa Norala , South Cotabato .",sa,FIL
17429,1082,"Patay ang isang bata at limang iba pa ang sugatan nang sumabog ang helium gas tank na ginagamit nila sa paggawa ng mga lobo sa Norala , South Cotabato .",paggawa,FIL
17430,1082,"Patay ang isang bata at limang iba pa ang sugatan nang sumabog ang helium gas tank na ginagamit nila sa paggawa ng mga lobo sa Norala , South Cotabato .",ng,FIL
17431,1082,"Patay ang isang bata at limang iba pa ang sugatan nang sumabog ang helium gas tank na ginagamit nila sa paggawa ng mga lobo sa Norala , South Cotabato .",mga,FIL
17432,1082,"Patay ang isang bata at limang iba pa ang sugatan nang sumabog ang helium gas tank na ginagamit nila sa paggawa ng mga lobo sa Norala , South Cotabato .",lobo,FIL
17433,1082,"Patay ang isang bata at limang iba pa ang sugatan nang sumabog ang helium gas tank na ginagamit nila sa paggawa ng mga lobo sa Norala , South Cotabato .",sa,FIL
17434,1082,"Patay ang isang bata at limang iba pa ang sugatan nang sumabog ang helium gas tank na ginagamit nila sa paggawa ng mga lobo sa Norala , South Cotabato .",Norala,OTH
17435,1082,"Patay ang isang bata at limang iba pa ang sugatan nang sumabog ang helium gas tank na ginagamit nila sa paggawa ng mga lobo sa Norala , South Cotabato .",",",OTH
17436,1082,"Patay ang isang bata at limang iba pa ang sugatan nang sumabog ang helium gas tank na ginagamit nila sa paggawa ng mga lobo sa Norala , South Cotabato .",South,OTH
17437,1082,"Patay ang isang bata at limang iba pa ang sugatan nang sumabog ang helium gas tank na ginagamit nila sa paggawa ng mga lobo sa Norala , South Cotabato .",Cotabato,OTH
17438,1082,"Patay ang isang bata at limang iba pa ang sugatan nang sumabog ang helium gas tank na ginagamit nila sa paggawa ng mga lobo sa Norala , South Cotabato .",.,OTH
17439,1083,di na siya makakaabsent dun ( 3,di,FIL
17440,1083,di na siya makakaabsent dun ( 3,na,FIL
17441,1083,di na siya makakaabsent dun ( 3,siya,FIL
17442,1083,di na siya makakaabsent dun ( 3,makakaabsent,CS
17443,1083,di na siya makakaabsent dun ( 3,dun,FIL
17444,1083,di na siya makakaabsent dun ( 3,(,OTH
17445,1083,di na siya makakaabsent dun ( 3,3,OTH
17446,1084,"Hindi Ko nais masayang ang Aking mga pagsisikap , ni hindi Ko rin nais makita na hawakan ng mga tao ang Aking mga salita ngunit sa lahat ng lugar ay ginagawa ang paglaban sa Akin , sinisiraan Ako , at nilalapastangan Ako .",Hindi,FIL
17447,1084,"Hindi Ko nais masayang ang Aking mga pagsisikap , ni hindi Ko rin nais makita na hawakan ng mga tao ang Aking mga salita ngunit sa lahat ng lugar ay ginagawa ang paglaban sa Akin , sinisiraan Ako , at nilalapastangan Ako .",Ko,FIL
17448,1084,"Hindi Ko nais masayang ang Aking mga pagsisikap , ni hindi Ko rin nais makita na hawakan ng mga tao ang Aking mga salita ngunit sa lahat ng lugar ay ginagawa ang paglaban sa Akin , sinisiraan Ako , at nilalapastangan Ako .",nais,FIL
17449,1084,"Hindi Ko nais masayang ang Aking mga pagsisikap , ni hindi Ko rin nais makita na hawakan ng mga tao ang Aking mga salita ngunit sa lahat ng lugar ay ginagawa ang paglaban sa Akin , sinisiraan Ako , at nilalapastangan Ako .",masayang,FIL
17450,1084,"Hindi Ko nais masayang ang Aking mga pagsisikap , ni hindi Ko rin nais makita na hawakan ng mga tao ang Aking mga salita ngunit sa lahat ng lugar ay ginagawa ang paglaban sa Akin , sinisiraan Ako , at nilalapastangan Ako .",ang,FIL
17451,1084,"Hindi Ko nais masayang ang Aking mga pagsisikap , ni hindi Ko rin nais makita na hawakan ng mga tao ang Aking mga salita ngunit sa lahat ng lugar ay ginagawa ang paglaban sa Akin , sinisiraan Ako , at nilalapastangan Ako .",Aking,FIL
17452,1084,"Hindi Ko nais masayang ang Aking mga pagsisikap , ni hindi Ko rin nais makita na hawakan ng mga tao ang Aking mga salita ngunit sa lahat ng lugar ay ginagawa ang paglaban sa Akin , sinisiraan Ako , at nilalapastangan Ako .",mga,FIL
17453,1084,"Hindi Ko nais masayang ang Aking mga pagsisikap , ni hindi Ko rin nais makita na hawakan ng mga tao ang Aking mga salita ngunit sa lahat ng lugar ay ginagawa ang paglaban sa Akin , sinisiraan Ako , at nilalapastangan Ako .",pagsisikap,FIL
17454,1084,"Hindi Ko nais masayang ang Aking mga pagsisikap , ni hindi Ko rin nais makita na hawakan ng mga tao ang Aking mga salita ngunit sa lahat ng lugar ay ginagawa ang paglaban sa Akin , sinisiraan Ako , at nilalapastangan Ako .",",",OTH
17455,1084,"Hindi Ko nais masayang ang Aking mga pagsisikap , ni hindi Ko rin nais makita na hawakan ng mga tao ang Aking mga salita ngunit sa lahat ng lugar ay ginagawa ang paglaban sa Akin , sinisiraan Ako , at nilalapastangan Ako .",ni,FIL
17456,1084,"Hindi Ko nais masayang ang Aking mga pagsisikap , ni hindi Ko rin nais makita na hawakan ng mga tao ang Aking mga salita ngunit sa lahat ng lugar ay ginagawa ang paglaban sa Akin , sinisiraan Ako , at nilalapastangan Ako .",hindi,FIL
17457,1084,"Hindi Ko nais masayang ang Aking mga pagsisikap , ni hindi Ko rin nais makita na hawakan ng mga tao ang Aking mga salita ngunit sa lahat ng lugar ay ginagawa ang paglaban sa Akin , sinisiraan Ako , at nilalapastangan Ako .",Ko,FIL
17458,1084,"Hindi Ko nais masayang ang Aking mga pagsisikap , ni hindi Ko rin nais makita na hawakan ng mga tao ang Aking mga salita ngunit sa lahat ng lugar ay ginagawa ang paglaban sa Akin , sinisiraan Ako , at nilalapastangan Ako .",rin,FIL
17459,1084,"Hindi Ko nais masayang ang Aking mga pagsisikap , ni hindi Ko rin nais makita na hawakan ng mga tao ang Aking mga salita ngunit sa lahat ng lugar ay ginagawa ang paglaban sa Akin , sinisiraan Ako , at nilalapastangan Ako .",nais,FIL
17460,1084,"Hindi Ko nais masayang ang Aking mga pagsisikap , ni hindi Ko rin nais makita na hawakan ng mga tao ang Aking mga salita ngunit sa lahat ng lugar ay ginagawa ang paglaban sa Akin , sinisiraan Ako , at nilalapastangan Ako .",makita,FIL
17461,1084,"Hindi Ko nais masayang ang Aking mga pagsisikap , ni hindi Ko rin nais makita na hawakan ng mga tao ang Aking mga salita ngunit sa lahat ng lugar ay ginagawa ang paglaban sa Akin , sinisiraan Ako , at nilalapastangan Ako .",na,FIL
17462,1084,"Hindi Ko nais masayang ang Aking mga pagsisikap , ni hindi Ko rin nais makita na hawakan ng mga tao ang Aking mga salita ngunit sa lahat ng lugar ay ginagawa ang paglaban sa Akin , sinisiraan Ako , at nilalapastangan Ako .",hawakan,FIL
17463,1084,"Hindi Ko nais masayang ang Aking mga pagsisikap , ni hindi Ko rin nais makita na hawakan ng mga tao ang Aking mga salita ngunit sa lahat ng lugar ay ginagawa ang paglaban sa Akin , sinisiraan Ako , at nilalapastangan Ako .",ng,FIL
17464,1084,"Hindi Ko nais masayang ang Aking mga pagsisikap , ni hindi Ko rin nais makita na hawakan ng mga tao ang Aking mga salita ngunit sa lahat ng lugar ay ginagawa ang paglaban sa Akin , sinisiraan Ako , at nilalapastangan Ako .",mga,FIL
17465,1084,"Hindi Ko nais masayang ang Aking mga pagsisikap , ni hindi Ko rin nais makita na hawakan ng mga tao ang Aking mga salita ngunit sa lahat ng lugar ay ginagawa ang paglaban sa Akin , sinisiraan Ako , at nilalapastangan Ako .",tao,FIL
17466,1084,"Hindi Ko nais masayang ang Aking mga pagsisikap , ni hindi Ko rin nais makita na hawakan ng mga tao ang Aking mga salita ngunit sa lahat ng lugar ay ginagawa ang paglaban sa Akin , sinisiraan Ako , at nilalapastangan Ako .",ang,FIL
17467,1084,"Hindi Ko nais masayang ang Aking mga pagsisikap , ni hindi Ko rin nais makita na hawakan ng mga tao ang Aking mga salita ngunit sa lahat ng lugar ay ginagawa ang paglaban sa Akin , sinisiraan Ako , at nilalapastangan Ako .",Aking,FIL
17468,1084,"Hindi Ko nais masayang ang Aking mga pagsisikap , ni hindi Ko rin nais makita na hawakan ng mga tao ang Aking mga salita ngunit sa lahat ng lugar ay ginagawa ang paglaban sa Akin , sinisiraan Ako , at nilalapastangan Ako .",mga,FIL
17469,1084,"Hindi Ko nais masayang ang Aking mga pagsisikap , ni hindi Ko rin nais makita na hawakan ng mga tao ang Aking mga salita ngunit sa lahat ng lugar ay ginagawa ang paglaban sa Akin , sinisiraan Ako , at nilalapastangan Ako .",salita,FIL
17470,1084,"Hindi Ko nais masayang ang Aking mga pagsisikap , ni hindi Ko rin nais makita na hawakan ng mga tao ang Aking mga salita ngunit sa lahat ng lugar ay ginagawa ang paglaban sa Akin , sinisiraan Ako , at nilalapastangan Ako .",ngunit,FIL
17471,1084,"Hindi Ko nais masayang ang Aking mga pagsisikap , ni hindi Ko rin nais makita na hawakan ng mga tao ang Aking mga salita ngunit sa lahat ng lugar ay ginagawa ang paglaban sa Akin , sinisiraan Ako , at nilalapastangan Ako .",sa,FIL
17472,1084,"Hindi Ko nais masayang ang Aking mga pagsisikap , ni hindi Ko rin nais makita na hawakan ng mga tao ang Aking mga salita ngunit sa lahat ng lugar ay ginagawa ang paglaban sa Akin , sinisiraan Ako , at nilalapastangan Ako .",lahat,FIL
17473,1084,"Hindi Ko nais masayang ang Aking mga pagsisikap , ni hindi Ko rin nais makita na hawakan ng mga tao ang Aking mga salita ngunit sa lahat ng lugar ay ginagawa ang paglaban sa Akin , sinisiraan Ako , at nilalapastangan Ako .",ng,FIL
17474,1084,"Hindi Ko nais masayang ang Aking mga pagsisikap , ni hindi Ko rin nais makita na hawakan ng mga tao ang Aking mga salita ngunit sa lahat ng lugar ay ginagawa ang paglaban sa Akin , sinisiraan Ako , at nilalapastangan Ako .",lugar,FIL
17475,1084,"Hindi Ko nais masayang ang Aking mga pagsisikap , ni hindi Ko rin nais makita na hawakan ng mga tao ang Aking mga salita ngunit sa lahat ng lugar ay ginagawa ang paglaban sa Akin , sinisiraan Ako , at nilalapastangan Ako .",ay,FIL
17476,1084,"Hindi Ko nais masayang ang Aking mga pagsisikap , ni hindi Ko rin nais makita na hawakan ng mga tao ang Aking mga salita ngunit sa lahat ng lugar ay ginagawa ang paglaban sa Akin , sinisiraan Ako , at nilalapastangan Ako .",ginagawa,FIL
17477,1084,"Hindi Ko nais masayang ang Aking mga pagsisikap , ni hindi Ko rin nais makita na hawakan ng mga tao ang Aking mga salita ngunit sa lahat ng lugar ay ginagawa ang paglaban sa Akin , sinisiraan Ako , at nilalapastangan Ako .",ang,FIL
17478,1084,"Hindi Ko nais masayang ang Aking mga pagsisikap , ni hindi Ko rin nais makita na hawakan ng mga tao ang Aking mga salita ngunit sa lahat ng lugar ay ginagawa ang paglaban sa Akin , sinisiraan Ako , at nilalapastangan Ako .",paglaban,FIL
17479,1084,"Hindi Ko nais masayang ang Aking mga pagsisikap , ni hindi Ko rin nais makita na hawakan ng mga tao ang Aking mga salita ngunit sa lahat ng lugar ay ginagawa ang paglaban sa Akin , sinisiraan Ako , at nilalapastangan Ako .",sa,FIL
17480,1084,"Hindi Ko nais masayang ang Aking mga pagsisikap , ni hindi Ko rin nais makita na hawakan ng mga tao ang Aking mga salita ngunit sa lahat ng lugar ay ginagawa ang paglaban sa Akin , sinisiraan Ako , at nilalapastangan Ako .",Akin,FIL
17481,1084,"Hindi Ko nais masayang ang Aking mga pagsisikap , ni hindi Ko rin nais makita na hawakan ng mga tao ang Aking mga salita ngunit sa lahat ng lugar ay ginagawa ang paglaban sa Akin , sinisiraan Ako , at nilalapastangan Ako .",",",OTH
17482,1084,"Hindi Ko nais masayang ang Aking mga pagsisikap , ni hindi Ko rin nais makita na hawakan ng mga tao ang Aking mga salita ngunit sa lahat ng lugar ay ginagawa ang paglaban sa Akin , sinisiraan Ako , at nilalapastangan Ako .",sinisiraan,FIL
17483,1084,"Hindi Ko nais masayang ang Aking mga pagsisikap , ni hindi Ko rin nais makita na hawakan ng mga tao ang Aking mga salita ngunit sa lahat ng lugar ay ginagawa ang paglaban sa Akin , sinisiraan Ako , at nilalapastangan Ako .",Ako,FIL
17484,1084,"Hindi Ko nais masayang ang Aking mga pagsisikap , ni hindi Ko rin nais makita na hawakan ng mga tao ang Aking mga salita ngunit sa lahat ng lugar ay ginagawa ang paglaban sa Akin , sinisiraan Ako , at nilalapastangan Ako .",",",OTH
17485,1084,"Hindi Ko nais masayang ang Aking mga pagsisikap , ni hindi Ko rin nais makita na hawakan ng mga tao ang Aking mga salita ngunit sa lahat ng lugar ay ginagawa ang paglaban sa Akin , sinisiraan Ako , at nilalapastangan Ako .",at,FIL
17486,1084,"Hindi Ko nais masayang ang Aking mga pagsisikap , ni hindi Ko rin nais makita na hawakan ng mga tao ang Aking mga salita ngunit sa lahat ng lugar ay ginagawa ang paglaban sa Akin , sinisiraan Ako , at nilalapastangan Ako .",nilalapastangan,FIL
17487,1084,"Hindi Ko nais masayang ang Aking mga pagsisikap , ni hindi Ko rin nais makita na hawakan ng mga tao ang Aking mga salita ngunit sa lahat ng lugar ay ginagawa ang paglaban sa Akin , sinisiraan Ako , at nilalapastangan Ako .",Ako,FIL
17488,1084,"Hindi Ko nais masayang ang Aking mga pagsisikap , ni hindi Ko rin nais makita na hawakan ng mga tao ang Aking mga salita ngunit sa lahat ng lugar ay ginagawa ang paglaban sa Akin , sinisiraan Ako , at nilalapastangan Ako .",.,OTH
17489,1085,Biyograpiya Ipinanganak si Walter sa isang amang bilang isang babaeng koro sa mga palabas sa entablado ni Katy de la Cruz .,Biyograpiya,FIL
17490,1085,Biyograpiya Ipinanganak si Walter sa isang amang bilang isang babaeng koro sa mga palabas sa entablado ni Katy de la Cruz .,Ipinanganak,FIL
17491,1085,Biyograpiya Ipinanganak si Walter sa isang amang bilang isang babaeng koro sa mga palabas sa entablado ni Katy de la Cruz .,si,FIL
17492,1085,Biyograpiya Ipinanganak si Walter sa isang amang bilang isang babaeng koro sa mga palabas sa entablado ni Katy de la Cruz .,Walter,OTH
17493,1085,Biyograpiya Ipinanganak si Walter sa isang amang bilang isang babaeng koro sa mga palabas sa entablado ni Katy de la Cruz .,sa,FIL
17494,1085,Biyograpiya Ipinanganak si Walter sa isang amang bilang isang babaeng koro sa mga palabas sa entablado ni Katy de la Cruz .,isang,FIL
17495,1085,Biyograpiya Ipinanganak si Walter sa isang amang bilang isang babaeng koro sa mga palabas sa entablado ni Katy de la Cruz .,amang,FIL
17496,1085,Biyograpiya Ipinanganak si Walter sa isang amang bilang isang babaeng koro sa mga palabas sa entablado ni Katy de la Cruz .,bilang,FIL
17497,1085,Biyograpiya Ipinanganak si Walter sa isang amang bilang isang babaeng koro sa mga palabas sa entablado ni Katy de la Cruz .,isang,FIL
17498,1085,Biyograpiya Ipinanganak si Walter sa isang amang bilang isang babaeng koro sa mga palabas sa entablado ni Katy de la Cruz .,babaeng,FIL
17499,1085,Biyograpiya Ipinanganak si Walter sa isang amang bilang isang babaeng koro sa mga palabas sa entablado ni Katy de la Cruz .,koro,FIL
17500,1085,Biyograpiya Ipinanganak si Walter sa isang amang bilang isang babaeng koro sa mga palabas sa entablado ni Katy de la Cruz .,sa,FIL
17501,1085,Biyograpiya Ipinanganak si Walter sa isang amang bilang isang babaeng koro sa mga palabas sa entablado ni Katy de la Cruz .,mga,FIL
17502,1085,Biyograpiya Ipinanganak si Walter sa isang amang bilang isang babaeng koro sa mga palabas sa entablado ni Katy de la Cruz .,palabas,FIL
17503,1085,Biyograpiya Ipinanganak si Walter sa isang amang bilang isang babaeng koro sa mga palabas sa entablado ni Katy de la Cruz .,sa,FIL
17504,1085,Biyograpiya Ipinanganak si Walter sa isang amang bilang isang babaeng koro sa mga palabas sa entablado ni Katy de la Cruz .,entablado,FIL
17505,1085,Biyograpiya Ipinanganak si Walter sa isang amang bilang isang babaeng koro sa mga palabas sa entablado ni Katy de la Cruz .,ni,FIL
17506,1085,Biyograpiya Ipinanganak si Walter sa isang amang bilang isang babaeng koro sa mga palabas sa entablado ni Katy de la Cruz .,Katy,OTH
17507,1085,Biyograpiya Ipinanganak si Walter sa isang amang bilang isang babaeng koro sa mga palabas sa entablado ni Katy de la Cruz .,de,OTH
17508,1085,Biyograpiya Ipinanganak si Walter sa isang amang bilang isang babaeng koro sa mga palabas sa entablado ni Katy de la Cruz .,la,OTH
17509,1085,Biyograpiya Ipinanganak si Walter sa isang amang bilang isang babaeng koro sa mga palabas sa entablado ni Katy de la Cruz .,Cruz,OTH
17510,1085,Biyograpiya Ipinanganak si Walter sa isang amang bilang isang babaeng koro sa mga palabas sa entablado ni Katy de la Cruz .,.,OTH
17511,1086,"Ayon sa Shell , Seaoil , Petrogazz at Cleanfuel , may taas na P0 . 45 sa bawat litro ng kanilang gasoline habang P0 . 30 naman ang dagdag sa bawat litro ng diesel .",Ayon,FIL
17512,1086,"Ayon sa Shell , Seaoil , Petrogazz at Cleanfuel , may taas na P0 . 45 sa bawat litro ng kanilang gasoline habang P0 . 30 naman ang dagdag sa bawat litro ng diesel .",sa,FIL
17513,1086,"Ayon sa Shell , Seaoil , Petrogazz at Cleanfuel , may taas na P0 . 45 sa bawat litro ng kanilang gasoline habang P0 . 30 naman ang dagdag sa bawat litro ng diesel .",Shell,OTH
17514,1086,"Ayon sa Shell , Seaoil , Petrogazz at Cleanfuel , may taas na P0 . 45 sa bawat litro ng kanilang gasoline habang P0 . 30 naman ang dagdag sa bawat litro ng diesel .",",",OTH
17515,1086,"Ayon sa Shell , Seaoil , Petrogazz at Cleanfuel , may taas na P0 . 45 sa bawat litro ng kanilang gasoline habang P0 . 30 naman ang dagdag sa bawat litro ng diesel .",Seaoil,OTH
17516,1086,"Ayon sa Shell , Seaoil , Petrogazz at Cleanfuel , may taas na P0 . 45 sa bawat litro ng kanilang gasoline habang P0 . 30 naman ang dagdag sa bawat litro ng diesel .",",",OTH
17517,1086,"Ayon sa Shell , Seaoil , Petrogazz at Cleanfuel , may taas na P0 . 45 sa bawat litro ng kanilang gasoline habang P0 . 30 naman ang dagdag sa bawat litro ng diesel .",Petrogazz,OTH
17518,1086,"Ayon sa Shell , Seaoil , Petrogazz at Cleanfuel , may taas na P0 . 45 sa bawat litro ng kanilang gasoline habang P0 . 30 naman ang dagdag sa bawat litro ng diesel .",at,FIL
17519,1086,"Ayon sa Shell , Seaoil , Petrogazz at Cleanfuel , may taas na P0 . 45 sa bawat litro ng kanilang gasoline habang P0 . 30 naman ang dagdag sa bawat litro ng diesel .",Cleanfuel,OTH
17520,1086,"Ayon sa Shell , Seaoil , Petrogazz at Cleanfuel , may taas na P0 . 45 sa bawat litro ng kanilang gasoline habang P0 . 30 naman ang dagdag sa bawat litro ng diesel .",",",OTH
17521,1086,"Ayon sa Shell , Seaoil , Petrogazz at Cleanfuel , may taas na P0 . 45 sa bawat litro ng kanilang gasoline habang P0 . 30 naman ang dagdag sa bawat litro ng diesel .",may,FIL
17522,1086,"Ayon sa Shell , Seaoil , Petrogazz at Cleanfuel , may taas na P0 . 45 sa bawat litro ng kanilang gasoline habang P0 . 30 naman ang dagdag sa bawat litro ng diesel .",taas,FIL
17523,1086,"Ayon sa Shell , Seaoil , Petrogazz at Cleanfuel , may taas na P0 . 45 sa bawat litro ng kanilang gasoline habang P0 . 30 naman ang dagdag sa bawat litro ng diesel .",na,FIL
17524,1086,"Ayon sa Shell , Seaoil , Petrogazz at Cleanfuel , may taas na P0 . 45 sa bawat litro ng kanilang gasoline habang P0 . 30 naman ang dagdag sa bawat litro ng diesel .",P0,OTH
17525,1086,"Ayon sa Shell , Seaoil , Petrogazz at Cleanfuel , may taas na P0 . 45 sa bawat litro ng kanilang gasoline habang P0 . 30 naman ang dagdag sa bawat litro ng diesel .",.,OTH
17526,1086,"Ayon sa Shell , Seaoil , Petrogazz at Cleanfuel , may taas na P0 . 45 sa bawat litro ng kanilang gasoline habang P0 . 30 naman ang dagdag sa bawat litro ng diesel .",45,OTH
17527,1086,"Ayon sa Shell , Seaoil , Petrogazz at Cleanfuel , may taas na P0 . 45 sa bawat litro ng kanilang gasoline habang P0 . 30 naman ang dagdag sa bawat litro ng diesel .",sa,FIL
17528,1086,"Ayon sa Shell , Seaoil , Petrogazz at Cleanfuel , may taas na P0 . 45 sa bawat litro ng kanilang gasoline habang P0 . 30 naman ang dagdag sa bawat litro ng diesel .",bawat,FIL
17529,1086,"Ayon sa Shell , Seaoil , Petrogazz at Cleanfuel , may taas na P0 . 45 sa bawat litro ng kanilang gasoline habang P0 . 30 naman ang dagdag sa bawat litro ng diesel .",litro,FIL
17530,1086,"Ayon sa Shell , Seaoil , Petrogazz at Cleanfuel , may taas na P0 . 45 sa bawat litro ng kanilang gasoline habang P0 . 30 naman ang dagdag sa bawat litro ng diesel .",ng,FIL
17531,1086,"Ayon sa Shell , Seaoil , Petrogazz at Cleanfuel , may taas na P0 . 45 sa bawat litro ng kanilang gasoline habang P0 . 30 naman ang dagdag sa bawat litro ng diesel .",kanilang,FIL
17532,1086,"Ayon sa Shell , Seaoil , Petrogazz at Cleanfuel , may taas na P0 . 45 sa bawat litro ng kanilang gasoline habang P0 . 30 naman ang dagdag sa bawat litro ng diesel .",gasoline,ENG
17533,1086,"Ayon sa Shell , Seaoil , Petrogazz at Cleanfuel , may taas na P0 . 45 sa bawat litro ng kanilang gasoline habang P0 . 30 naman ang dagdag sa bawat litro ng diesel .",habang,FIL
17534,1086,"Ayon sa Shell , Seaoil , Petrogazz at Cleanfuel , may taas na P0 . 45 sa bawat litro ng kanilang gasoline habang P0 . 30 naman ang dagdag sa bawat litro ng diesel .",P0,OTH
17535,1086,"Ayon sa Shell , Seaoil , Petrogazz at Cleanfuel , may taas na P0 . 45 sa bawat litro ng kanilang gasoline habang P0 . 30 naman ang dagdag sa bawat litro ng diesel .",.,OTH
17536,1086,"Ayon sa Shell , Seaoil , Petrogazz at Cleanfuel , may taas na P0 . 45 sa bawat litro ng kanilang gasoline habang P0 . 30 naman ang dagdag sa bawat litro ng diesel .",30,OTH
17537,1086,"Ayon sa Shell , Seaoil , Petrogazz at Cleanfuel , may taas na P0 . 45 sa bawat litro ng kanilang gasoline habang P0 . 30 naman ang dagdag sa bawat litro ng diesel .",naman,FIL
17538,1086,"Ayon sa Shell , Seaoil , Petrogazz at Cleanfuel , may taas na P0 . 45 sa bawat litro ng kanilang gasoline habang P0 . 30 naman ang dagdag sa bawat litro ng diesel .",ang,FIL
17539,1086,"Ayon sa Shell , Seaoil , Petrogazz at Cleanfuel , may taas na P0 . 45 sa bawat litro ng kanilang gasoline habang P0 . 30 naman ang dagdag sa bawat litro ng diesel .",dagdag,FIL
17540,1086,"Ayon sa Shell , Seaoil , Petrogazz at Cleanfuel , may taas na P0 . 45 sa bawat litro ng kanilang gasoline habang P0 . 30 naman ang dagdag sa bawat litro ng diesel .",sa,FIL
17541,1086,"Ayon sa Shell , Seaoil , Petrogazz at Cleanfuel , may taas na P0 . 45 sa bawat litro ng kanilang gasoline habang P0 . 30 naman ang dagdag sa bawat litro ng diesel .",bawat,FIL
17542,1086,"Ayon sa Shell , Seaoil , Petrogazz at Cleanfuel , may taas na P0 . 45 sa bawat litro ng kanilang gasoline habang P0 . 30 naman ang dagdag sa bawat litro ng diesel .",litro,FIL
17543,1086,"Ayon sa Shell , Seaoil , Petrogazz at Cleanfuel , may taas na P0 . 45 sa bawat litro ng kanilang gasoline habang P0 . 30 naman ang dagdag sa bawat litro ng diesel .",ng,FIL
17544,1086,"Ayon sa Shell , Seaoil , Petrogazz at Cleanfuel , may taas na P0 . 45 sa bawat litro ng kanilang gasoline habang P0 . 30 naman ang dagdag sa bawat litro ng diesel .",diesel,ENG
17545,1086,"Ayon sa Shell , Seaoil , Petrogazz at Cleanfuel , may taas na P0 . 45 sa bawat litro ng kanilang gasoline habang P0 . 30 naman ang dagdag sa bawat litro ng diesel .",.,OTH
17546,1087,GMA baka naman iyon kinita nyo sa video na ito ibigay nyo ang kalahati ki aling opay milyon ang kinita nyo baka naman,GMA,OTH
17547,1087,GMA baka naman iyon kinita nyo sa video na ito ibigay nyo ang kalahati ki aling opay milyon ang kinita nyo baka naman,baka,FIL
17548,1087,GMA baka naman iyon kinita nyo sa video na ito ibigay nyo ang kalahati ki aling opay milyon ang kinita nyo baka naman,naman,FIL
17549,1087,GMA baka naman iyon kinita nyo sa video na ito ibigay nyo ang kalahati ki aling opay milyon ang kinita nyo baka naman,iyon,FIL
17550,1087,GMA baka naman iyon kinita nyo sa video na ito ibigay nyo ang kalahati ki aling opay milyon ang kinita nyo baka naman,kinita,FIL
17551,1087,GMA baka naman iyon kinita nyo sa video na ito ibigay nyo ang kalahati ki aling opay milyon ang kinita nyo baka naman,nyo,FIL
17552,1087,GMA baka naman iyon kinita nyo sa video na ito ibigay nyo ang kalahati ki aling opay milyon ang kinita nyo baka naman,sa,FIL
17553,1087,GMA baka naman iyon kinita nyo sa video na ito ibigay nyo ang kalahati ki aling opay milyon ang kinita nyo baka naman,video,ENG
17554,1087,GMA baka naman iyon kinita nyo sa video na ito ibigay nyo ang kalahati ki aling opay milyon ang kinita nyo baka naman,na,FIL
17555,1087,GMA baka naman iyon kinita nyo sa video na ito ibigay nyo ang kalahati ki aling opay milyon ang kinita nyo baka naman,ito,FIL
17556,1087,GMA baka naman iyon kinita nyo sa video na ito ibigay nyo ang kalahati ki aling opay milyon ang kinita nyo baka naman,ibigay,FIL
17557,1087,GMA baka naman iyon kinita nyo sa video na ito ibigay nyo ang kalahati ki aling opay milyon ang kinita nyo baka naman,nyo,FIL
17558,1087,GMA baka naman iyon kinita nyo sa video na ito ibigay nyo ang kalahati ki aling opay milyon ang kinita nyo baka naman,ang,FIL
17559,1087,GMA baka naman iyon kinita nyo sa video na ito ibigay nyo ang kalahati ki aling opay milyon ang kinita nyo baka naman,kalahati,FIL
17560,1087,GMA baka naman iyon kinita nyo sa video na ito ibigay nyo ang kalahati ki aling opay milyon ang kinita nyo baka naman,ki,FIL
17561,1087,GMA baka naman iyon kinita nyo sa video na ito ibigay nyo ang kalahati ki aling opay milyon ang kinita nyo baka naman,aling,FIL
17562,1087,GMA baka naman iyon kinita nyo sa video na ito ibigay nyo ang kalahati ki aling opay milyon ang kinita nyo baka naman,opay,OTH
17563,1087,GMA baka naman iyon kinita nyo sa video na ito ibigay nyo ang kalahati ki aling opay milyon ang kinita nyo baka naman,milyon,FIL
17564,1087,GMA baka naman iyon kinita nyo sa video na ito ibigay nyo ang kalahati ki aling opay milyon ang kinita nyo baka naman,ang,FIL
17565,1087,GMA baka naman iyon kinita nyo sa video na ito ibigay nyo ang kalahati ki aling opay milyon ang kinita nyo baka naman,kinita,FIL
17566,1087,GMA baka naman iyon kinita nyo sa video na ito ibigay nyo ang kalahati ki aling opay milyon ang kinita nyo baka naman,nyo,FIL
17567,1087,GMA baka naman iyon kinita nyo sa video na ito ibigay nyo ang kalahati ki aling opay milyon ang kinita nyo baka naman,baka,FIL
17568,1087,GMA baka naman iyon kinita nyo sa video na ito ibigay nyo ang kalahati ki aling opay milyon ang kinita nyo baka naman,naman,FIL
17569,1088,"Ayon kay Alvin Enciso , hepe ng Customs Intelligence and Investigation Service ( CIIS ) sa MICP , ang pagpupuslit ng mga naturang sigarilyo sa bansa ay paglabag sa Section 1400 ng Customs Modernization and Tariff Act .",Ayon,FIL
17570,1088,"Ayon kay Alvin Enciso , hepe ng Customs Intelligence and Investigation Service ( CIIS ) sa MICP , ang pagpupuslit ng mga naturang sigarilyo sa bansa ay paglabag sa Section 1400 ng Customs Modernization and Tariff Act .",kay,FIL
17571,1088,"Ayon kay Alvin Enciso , hepe ng Customs Intelligence and Investigation Service ( CIIS ) sa MICP , ang pagpupuslit ng mga naturang sigarilyo sa bansa ay paglabag sa Section 1400 ng Customs Modernization and Tariff Act .",Alvin,OTH
17572,1088,"Ayon kay Alvin Enciso , hepe ng Customs Intelligence and Investigation Service ( CIIS ) sa MICP , ang pagpupuslit ng mga naturang sigarilyo sa bansa ay paglabag sa Section 1400 ng Customs Modernization and Tariff Act .",Enciso,OTH
17573,1088,"Ayon kay Alvin Enciso , hepe ng Customs Intelligence and Investigation Service ( CIIS ) sa MICP , ang pagpupuslit ng mga naturang sigarilyo sa bansa ay paglabag sa Section 1400 ng Customs Modernization and Tariff Act .",",",OTH
17574,1088,"Ayon kay Alvin Enciso , hepe ng Customs Intelligence and Investigation Service ( CIIS ) sa MICP , ang pagpupuslit ng mga naturang sigarilyo sa bansa ay paglabag sa Section 1400 ng Customs Modernization and Tariff Act .",hepe,FIL
17575,1088,"Ayon kay Alvin Enciso , hepe ng Customs Intelligence and Investigation Service ( CIIS ) sa MICP , ang pagpupuslit ng mga naturang sigarilyo sa bansa ay paglabag sa Section 1400 ng Customs Modernization and Tariff Act .",ng,FIL
17576,1088,"Ayon kay Alvin Enciso , hepe ng Customs Intelligence and Investigation Service ( CIIS ) sa MICP , ang pagpupuslit ng mga naturang sigarilyo sa bansa ay paglabag sa Section 1400 ng Customs Modernization and Tariff Act .",Customs,ENG
17577,1088,"Ayon kay Alvin Enciso , hepe ng Customs Intelligence and Investigation Service ( CIIS ) sa MICP , ang pagpupuslit ng mga naturang sigarilyo sa bansa ay paglabag sa Section 1400 ng Customs Modernization and Tariff Act .",Intelligence,ENG
17578,1088,"Ayon kay Alvin Enciso , hepe ng Customs Intelligence and Investigation Service ( CIIS ) sa MICP , ang pagpupuslit ng mga naturang sigarilyo sa bansa ay paglabag sa Section 1400 ng Customs Modernization and Tariff Act .",and,ENG
17579,1088,"Ayon kay Alvin Enciso , hepe ng Customs Intelligence and Investigation Service ( CIIS ) sa MICP , ang pagpupuslit ng mga naturang sigarilyo sa bansa ay paglabag sa Section 1400 ng Customs Modernization and Tariff Act .",Investigation,ENG
17580,1088,"Ayon kay Alvin Enciso , hepe ng Customs Intelligence and Investigation Service ( CIIS ) sa MICP , ang pagpupuslit ng mga naturang sigarilyo sa bansa ay paglabag sa Section 1400 ng Customs Modernization and Tariff Act .",Service,ENG
17581,1088,"Ayon kay Alvin Enciso , hepe ng Customs Intelligence and Investigation Service ( CIIS ) sa MICP , ang pagpupuslit ng mga naturang sigarilyo sa bansa ay paglabag sa Section 1400 ng Customs Modernization and Tariff Act .",(,OTH
17582,1088,"Ayon kay Alvin Enciso , hepe ng Customs Intelligence and Investigation Service ( CIIS ) sa MICP , ang pagpupuslit ng mga naturang sigarilyo sa bansa ay paglabag sa Section 1400 ng Customs Modernization and Tariff Act .",CIIS,OTH
17583,1088,"Ayon kay Alvin Enciso , hepe ng Customs Intelligence and Investigation Service ( CIIS ) sa MICP , ang pagpupuslit ng mga naturang sigarilyo sa bansa ay paglabag sa Section 1400 ng Customs Modernization and Tariff Act .",),OTH
17584,1088,"Ayon kay Alvin Enciso , hepe ng Customs Intelligence and Investigation Service ( CIIS ) sa MICP , ang pagpupuslit ng mga naturang sigarilyo sa bansa ay paglabag sa Section 1400 ng Customs Modernization and Tariff Act .",sa,FIL
17585,1088,"Ayon kay Alvin Enciso , hepe ng Customs Intelligence and Investigation Service ( CIIS ) sa MICP , ang pagpupuslit ng mga naturang sigarilyo sa bansa ay paglabag sa Section 1400 ng Customs Modernization and Tariff Act .",MICP,OTH
17586,1088,"Ayon kay Alvin Enciso , hepe ng Customs Intelligence and Investigation Service ( CIIS ) sa MICP , ang pagpupuslit ng mga naturang sigarilyo sa bansa ay paglabag sa Section 1400 ng Customs Modernization and Tariff Act .",",",OTH
17587,1088,"Ayon kay Alvin Enciso , hepe ng Customs Intelligence and Investigation Service ( CIIS ) sa MICP , ang pagpupuslit ng mga naturang sigarilyo sa bansa ay paglabag sa Section 1400 ng Customs Modernization and Tariff Act .",ang,FIL
17588,1088,"Ayon kay Alvin Enciso , hepe ng Customs Intelligence and Investigation Service ( CIIS ) sa MICP , ang pagpupuslit ng mga naturang sigarilyo sa bansa ay paglabag sa Section 1400 ng Customs Modernization and Tariff Act .",pagpupuslit,FIL
17589,1088,"Ayon kay Alvin Enciso , hepe ng Customs Intelligence and Investigation Service ( CIIS ) sa MICP , ang pagpupuslit ng mga naturang sigarilyo sa bansa ay paglabag sa Section 1400 ng Customs Modernization and Tariff Act .",ng,FIL
17590,1088,"Ayon kay Alvin Enciso , hepe ng Customs Intelligence and Investigation Service ( CIIS ) sa MICP , ang pagpupuslit ng mga naturang sigarilyo sa bansa ay paglabag sa Section 1400 ng Customs Modernization and Tariff Act .",mga,FIL
17591,1088,"Ayon kay Alvin Enciso , hepe ng Customs Intelligence and Investigation Service ( CIIS ) sa MICP , ang pagpupuslit ng mga naturang sigarilyo sa bansa ay paglabag sa Section 1400 ng Customs Modernization and Tariff Act .",naturang,FIL
17592,1088,"Ayon kay Alvin Enciso , hepe ng Customs Intelligence and Investigation Service ( CIIS ) sa MICP , ang pagpupuslit ng mga naturang sigarilyo sa bansa ay paglabag sa Section 1400 ng Customs Modernization and Tariff Act .",sigarilyo,FIL
17593,1088,"Ayon kay Alvin Enciso , hepe ng Customs Intelligence and Investigation Service ( CIIS ) sa MICP , ang pagpupuslit ng mga naturang sigarilyo sa bansa ay paglabag sa Section 1400 ng Customs Modernization and Tariff Act .",sa,FIL
17594,1088,"Ayon kay Alvin Enciso , hepe ng Customs Intelligence and Investigation Service ( CIIS ) sa MICP , ang pagpupuslit ng mga naturang sigarilyo sa bansa ay paglabag sa Section 1400 ng Customs Modernization and Tariff Act .",bansa,FIL
17595,1088,"Ayon kay Alvin Enciso , hepe ng Customs Intelligence and Investigation Service ( CIIS ) sa MICP , ang pagpupuslit ng mga naturang sigarilyo sa bansa ay paglabag sa Section 1400 ng Customs Modernization and Tariff Act .",ay,FIL
17596,1088,"Ayon kay Alvin Enciso , hepe ng Customs Intelligence and Investigation Service ( CIIS ) sa MICP , ang pagpupuslit ng mga naturang sigarilyo sa bansa ay paglabag sa Section 1400 ng Customs Modernization and Tariff Act .",paglabag,FIL
17597,1088,"Ayon kay Alvin Enciso , hepe ng Customs Intelligence and Investigation Service ( CIIS ) sa MICP , ang pagpupuslit ng mga naturang sigarilyo sa bansa ay paglabag sa Section 1400 ng Customs Modernization and Tariff Act .",sa,FIL
17598,1088,"Ayon kay Alvin Enciso , hepe ng Customs Intelligence and Investigation Service ( CIIS ) sa MICP , ang pagpupuslit ng mga naturang sigarilyo sa bansa ay paglabag sa Section 1400 ng Customs Modernization and Tariff Act .",Section,ENG
17599,1088,"Ayon kay Alvin Enciso , hepe ng Customs Intelligence and Investigation Service ( CIIS ) sa MICP , ang pagpupuslit ng mga naturang sigarilyo sa bansa ay paglabag sa Section 1400 ng Customs Modernization and Tariff Act .",1400,OTH
17600,1088,"Ayon kay Alvin Enciso , hepe ng Customs Intelligence and Investigation Service ( CIIS ) sa MICP , ang pagpupuslit ng mga naturang sigarilyo sa bansa ay paglabag sa Section 1400 ng Customs Modernization and Tariff Act .",ng,FIL
17601,1088,"Ayon kay Alvin Enciso , hepe ng Customs Intelligence and Investigation Service ( CIIS ) sa MICP , ang pagpupuslit ng mga naturang sigarilyo sa bansa ay paglabag sa Section 1400 ng Customs Modernization and Tariff Act .",Customs,ENG
17602,1088,"Ayon kay Alvin Enciso , hepe ng Customs Intelligence and Investigation Service ( CIIS ) sa MICP , ang pagpupuslit ng mga naturang sigarilyo sa bansa ay paglabag sa Section 1400 ng Customs Modernization and Tariff Act .",Modernization,ENG
17603,1088,"Ayon kay Alvin Enciso , hepe ng Customs Intelligence and Investigation Service ( CIIS ) sa MICP , ang pagpupuslit ng mga naturang sigarilyo sa bansa ay paglabag sa Section 1400 ng Customs Modernization and Tariff Act .",and,ENG
17604,1088,"Ayon kay Alvin Enciso , hepe ng Customs Intelligence and Investigation Service ( CIIS ) sa MICP , ang pagpupuslit ng mga naturang sigarilyo sa bansa ay paglabag sa Section 1400 ng Customs Modernization and Tariff Act .",Tariff,ENG
17605,1088,"Ayon kay Alvin Enciso , hepe ng Customs Intelligence and Investigation Service ( CIIS ) sa MICP , ang pagpupuslit ng mga naturang sigarilyo sa bansa ay paglabag sa Section 1400 ng Customs Modernization and Tariff Act .",Act,ENG
17606,1088,"Ayon kay Alvin Enciso , hepe ng Customs Intelligence and Investigation Service ( CIIS ) sa MICP , ang pagpupuslit ng mga naturang sigarilyo sa bansa ay paglabag sa Section 1400 ng Customs Modernization and Tariff Act .",.,OTH
17607,1089,"Bakit ba kasi nag-celebrate ng New Year kasama ang mga kaibigan ? """,Bakit,FIL
17608,1089,"Bakit ba kasi nag-celebrate ng New Year kasama ang mga kaibigan ? """,ba,FIL
17609,1089,"Bakit ba kasi nag-celebrate ng New Year kasama ang mga kaibigan ? """,kasi,FIL
17610,1089,"Bakit ba kasi nag-celebrate ng New Year kasama ang mga kaibigan ? """,nag-celebrate,CS
17611,1089,"Bakit ba kasi nag-celebrate ng New Year kasama ang mga kaibigan ? """,ng,FIL
17612,1089,"Bakit ba kasi nag-celebrate ng New Year kasama ang mga kaibigan ? """,New,ENG
17613,1089,"Bakit ba kasi nag-celebrate ng New Year kasama ang mga kaibigan ? """,Year,ENG
17614,1089,"Bakit ba kasi nag-celebrate ng New Year kasama ang mga kaibigan ? """,kasama,FIL
17615,1089,"Bakit ba kasi nag-celebrate ng New Year kasama ang mga kaibigan ? """,ang,FIL
17616,1089,"Bakit ba kasi nag-celebrate ng New Year kasama ang mga kaibigan ? """,mga,FIL
17617,1089,"Bakit ba kasi nag-celebrate ng New Year kasama ang mga kaibigan ? """,kaibigan,FIL
17618,1089,"Bakit ba kasi nag-celebrate ng New Year kasama ang mga kaibigan ? """,?,OTH
17619,1089,"Bakit ba kasi nag-celebrate ng New Year kasama ang mga kaibigan ? ""","""",OTH
17620,1089,"Bakit ba kasi nag-celebrate ng New Year kasama ang mga kaibigan ? """,nan,OTH
17621,1090,"Si ion even hindi siya mag try magpatawa , mapapatawa ka talaga sa kaniya .",Si,FIL
17622,1090,"Si ion even hindi siya mag try magpatawa , mapapatawa ka talaga sa kaniya .",ion,OTH
17623,1090,"Si ion even hindi siya mag try magpatawa , mapapatawa ka talaga sa kaniya .",even,ENG
17624,1090,"Si ion even hindi siya mag try magpatawa , mapapatawa ka talaga sa kaniya .",hindi,FIL
17625,1090,"Si ion even hindi siya mag try magpatawa , mapapatawa ka talaga sa kaniya .",siya,FIL
17626,1090,"Si ion even hindi siya mag try magpatawa , mapapatawa ka talaga sa kaniya .",mag,FIL
17627,1090,"Si ion even hindi siya mag try magpatawa , mapapatawa ka talaga sa kaniya .",try,FIL
17628,1090,"Si ion even hindi siya mag try magpatawa , mapapatawa ka talaga sa kaniya .",magpatawa,FIL
17629,1090,"Si ion even hindi siya mag try magpatawa , mapapatawa ka talaga sa kaniya .",",",OTH
17630,1090,"Si ion even hindi siya mag try magpatawa , mapapatawa ka talaga sa kaniya .",mapapatawa,FIL
17631,1090,"Si ion even hindi siya mag try magpatawa , mapapatawa ka talaga sa kaniya .",ka,FIL
17632,1090,"Si ion even hindi siya mag try magpatawa , mapapatawa ka talaga sa kaniya .",talaga,FIL
17633,1090,"Si ion even hindi siya mag try magpatawa , mapapatawa ka talaga sa kaniya .",sa,FIL
17634,1090,"Si ion even hindi siya mag try magpatawa , mapapatawa ka talaga sa kaniya .",kaniya,FIL
17635,1090,"Si ion even hindi siya mag try magpatawa , mapapatawa ka talaga sa kaniya .",.,OTH
17636,1092,Possible rin aniyang mag-deliver ang COVAX facility ng isa hanggang dalawang milyong doses ng Pfizer gayundin ng AstraZeneca .,Possible,FIL
17637,1092,Possible rin aniyang mag-deliver ang COVAX facility ng isa hanggang dalawang milyong doses ng Pfizer gayundin ng AstraZeneca .,rin,FIL
17638,1092,Possible rin aniyang mag-deliver ang COVAX facility ng isa hanggang dalawang milyong doses ng Pfizer gayundin ng AstraZeneca .,aniyang,FIL
17639,1092,Possible rin aniyang mag-deliver ang COVAX facility ng isa hanggang dalawang milyong doses ng Pfizer gayundin ng AstraZeneca .,mag-deliver,CS
17640,1092,Possible rin aniyang mag-deliver ang COVAX facility ng isa hanggang dalawang milyong doses ng Pfizer gayundin ng AstraZeneca .,ang,FIL
17641,1092,Possible rin aniyang mag-deliver ang COVAX facility ng isa hanggang dalawang milyong doses ng Pfizer gayundin ng AstraZeneca .,COVAX,OTH
17642,1092,Possible rin aniyang mag-deliver ang COVAX facility ng isa hanggang dalawang milyong doses ng Pfizer gayundin ng AstraZeneca .,facility,ENG
17643,1092,Possible rin aniyang mag-deliver ang COVAX facility ng isa hanggang dalawang milyong doses ng Pfizer gayundin ng AstraZeneca .,ng,FIL
17644,1092,Possible rin aniyang mag-deliver ang COVAX facility ng isa hanggang dalawang milyong doses ng Pfizer gayundin ng AstraZeneca .,isa,FIL
17645,1092,Possible rin aniyang mag-deliver ang COVAX facility ng isa hanggang dalawang milyong doses ng Pfizer gayundin ng AstraZeneca .,hanggang,FIL
17646,1092,Possible rin aniyang mag-deliver ang COVAX facility ng isa hanggang dalawang milyong doses ng Pfizer gayundin ng AstraZeneca .,dalawang,FIL
17647,1092,Possible rin aniyang mag-deliver ang COVAX facility ng isa hanggang dalawang milyong doses ng Pfizer gayundin ng AstraZeneca .,milyong,FIL
17648,1092,Possible rin aniyang mag-deliver ang COVAX facility ng isa hanggang dalawang milyong doses ng Pfizer gayundin ng AstraZeneca .,doses,ENG
17649,1092,Possible rin aniyang mag-deliver ang COVAX facility ng isa hanggang dalawang milyong doses ng Pfizer gayundin ng AstraZeneca .,ng,FIL
17650,1092,Possible rin aniyang mag-deliver ang COVAX facility ng isa hanggang dalawang milyong doses ng Pfizer gayundin ng AstraZeneca .,Pfizer,OTH
17651,1092,Possible rin aniyang mag-deliver ang COVAX facility ng isa hanggang dalawang milyong doses ng Pfizer gayundin ng AstraZeneca .,gayundin,FIL
17652,1092,Possible rin aniyang mag-deliver ang COVAX facility ng isa hanggang dalawang milyong doses ng Pfizer gayundin ng AstraZeneca .,ng,FIL
17653,1092,Possible rin aniyang mag-deliver ang COVAX facility ng isa hanggang dalawang milyong doses ng Pfizer gayundin ng AstraZeneca .,AstraZeneca,OTH
17654,1092,Possible rin aniyang mag-deliver ang COVAX facility ng isa hanggang dalawang milyong doses ng Pfizer gayundin ng AstraZeneca .,.,OTH
17655,1093,"Sa mga tuntunin ng kaligtasan , isang pagsusuri ng 44 , 000 katao ang nagpakita na ito ay generally well tolerated , na may karaniwang mga epekto tulad ng kirot sa injection-site , sakit ng ulo , pagkapagod at pananakit ng kalamnan .",Sa,FIL
17656,1093,"Sa mga tuntunin ng kaligtasan , isang pagsusuri ng 44 , 000 katao ang nagpakita na ito ay generally well tolerated , na may karaniwang mga epekto tulad ng kirot sa injection-site , sakit ng ulo , pagkapagod at pananakit ng kalamnan .",mga,FIL
17657,1093,"Sa mga tuntunin ng kaligtasan , isang pagsusuri ng 44 , 000 katao ang nagpakita na ito ay generally well tolerated , na may karaniwang mga epekto tulad ng kirot sa injection-site , sakit ng ulo , pagkapagod at pananakit ng kalamnan .",tuntunin,FIL
17658,1093,"Sa mga tuntunin ng kaligtasan , isang pagsusuri ng 44 , 000 katao ang nagpakita na ito ay generally well tolerated , na may karaniwang mga epekto tulad ng kirot sa injection-site , sakit ng ulo , pagkapagod at pananakit ng kalamnan .",ng,FIL
17659,1093,"Sa mga tuntunin ng kaligtasan , isang pagsusuri ng 44 , 000 katao ang nagpakita na ito ay generally well tolerated , na may karaniwang mga epekto tulad ng kirot sa injection-site , sakit ng ulo , pagkapagod at pananakit ng kalamnan .",kaligtasan,FIL
17660,1093,"Sa mga tuntunin ng kaligtasan , isang pagsusuri ng 44 , 000 katao ang nagpakita na ito ay generally well tolerated , na may karaniwang mga epekto tulad ng kirot sa injection-site , sakit ng ulo , pagkapagod at pananakit ng kalamnan .",",",OTH
17661,1093,"Sa mga tuntunin ng kaligtasan , isang pagsusuri ng 44 , 000 katao ang nagpakita na ito ay generally well tolerated , na may karaniwang mga epekto tulad ng kirot sa injection-site , sakit ng ulo , pagkapagod at pananakit ng kalamnan .",isang,FIL
17662,1093,"Sa mga tuntunin ng kaligtasan , isang pagsusuri ng 44 , 000 katao ang nagpakita na ito ay generally well tolerated , na may karaniwang mga epekto tulad ng kirot sa injection-site , sakit ng ulo , pagkapagod at pananakit ng kalamnan .",pagsusuri,FIL
17663,1093,"Sa mga tuntunin ng kaligtasan , isang pagsusuri ng 44 , 000 katao ang nagpakita na ito ay generally well tolerated , na may karaniwang mga epekto tulad ng kirot sa injection-site , sakit ng ulo , pagkapagod at pananakit ng kalamnan .",ng,FIL
17664,1093,"Sa mga tuntunin ng kaligtasan , isang pagsusuri ng 44 , 000 katao ang nagpakita na ito ay generally well tolerated , na may karaniwang mga epekto tulad ng kirot sa injection-site , sakit ng ulo , pagkapagod at pananakit ng kalamnan .",44,OTH
17665,1093,"Sa mga tuntunin ng kaligtasan , isang pagsusuri ng 44 , 000 katao ang nagpakita na ito ay generally well tolerated , na may karaniwang mga epekto tulad ng kirot sa injection-site , sakit ng ulo , pagkapagod at pananakit ng kalamnan .",",",OTH
17666,1093,"Sa mga tuntunin ng kaligtasan , isang pagsusuri ng 44 , 000 katao ang nagpakita na ito ay generally well tolerated , na may karaniwang mga epekto tulad ng kirot sa injection-site , sakit ng ulo , pagkapagod at pananakit ng kalamnan .",0,OTH
17667,1093,"Sa mga tuntunin ng kaligtasan , isang pagsusuri ng 44 , 000 katao ang nagpakita na ito ay generally well tolerated , na may karaniwang mga epekto tulad ng kirot sa injection-site , sakit ng ulo , pagkapagod at pananakit ng kalamnan .",katao,FIL
17668,1093,"Sa mga tuntunin ng kaligtasan , isang pagsusuri ng 44 , 000 katao ang nagpakita na ito ay generally well tolerated , na may karaniwang mga epekto tulad ng kirot sa injection-site , sakit ng ulo , pagkapagod at pananakit ng kalamnan .",ang,FIL
17669,1093,"Sa mga tuntunin ng kaligtasan , isang pagsusuri ng 44 , 000 katao ang nagpakita na ito ay generally well tolerated , na may karaniwang mga epekto tulad ng kirot sa injection-site , sakit ng ulo , pagkapagod at pananakit ng kalamnan .",nagpakita,FIL
17670,1093,"Sa mga tuntunin ng kaligtasan , isang pagsusuri ng 44 , 000 katao ang nagpakita na ito ay generally well tolerated , na may karaniwang mga epekto tulad ng kirot sa injection-site , sakit ng ulo , pagkapagod at pananakit ng kalamnan .",na,FIL
17671,1093,"Sa mga tuntunin ng kaligtasan , isang pagsusuri ng 44 , 000 katao ang nagpakita na ito ay generally well tolerated , na may karaniwang mga epekto tulad ng kirot sa injection-site , sakit ng ulo , pagkapagod at pananakit ng kalamnan .",ito,FIL
17672,1093,"Sa mga tuntunin ng kaligtasan , isang pagsusuri ng 44 , 000 katao ang nagpakita na ito ay generally well tolerated , na may karaniwang mga epekto tulad ng kirot sa injection-site , sakit ng ulo , pagkapagod at pananakit ng kalamnan .",ay,FIL
17673,1093,"Sa mga tuntunin ng kaligtasan , isang pagsusuri ng 44 , 000 katao ang nagpakita na ito ay generally well tolerated , na may karaniwang mga epekto tulad ng kirot sa injection-site , sakit ng ulo , pagkapagod at pananakit ng kalamnan .",generally,ENG
17674,1093,"Sa mga tuntunin ng kaligtasan , isang pagsusuri ng 44 , 000 katao ang nagpakita na ito ay generally well tolerated , na may karaniwang mga epekto tulad ng kirot sa injection-site , sakit ng ulo , pagkapagod at pananakit ng kalamnan .",well,ENG
17675,1093,"Sa mga tuntunin ng kaligtasan , isang pagsusuri ng 44 , 000 katao ang nagpakita na ito ay generally well tolerated , na may karaniwang mga epekto tulad ng kirot sa injection-site , sakit ng ulo , pagkapagod at pananakit ng kalamnan .",tolerated,ENG
17676,1093,"Sa mga tuntunin ng kaligtasan , isang pagsusuri ng 44 , 000 katao ang nagpakita na ito ay generally well tolerated , na may karaniwang mga epekto tulad ng kirot sa injection-site , sakit ng ulo , pagkapagod at pananakit ng kalamnan .",",",OTH
17677,1093,"Sa mga tuntunin ng kaligtasan , isang pagsusuri ng 44 , 000 katao ang nagpakita na ito ay generally well tolerated , na may karaniwang mga epekto tulad ng kirot sa injection-site , sakit ng ulo , pagkapagod at pananakit ng kalamnan .",na,FIL
17678,1093,"Sa mga tuntunin ng kaligtasan , isang pagsusuri ng 44 , 000 katao ang nagpakita na ito ay generally well tolerated , na may karaniwang mga epekto tulad ng kirot sa injection-site , sakit ng ulo , pagkapagod at pananakit ng kalamnan .",may,FIL
17679,1093,"Sa mga tuntunin ng kaligtasan , isang pagsusuri ng 44 , 000 katao ang nagpakita na ito ay generally well tolerated , na may karaniwang mga epekto tulad ng kirot sa injection-site , sakit ng ulo , pagkapagod at pananakit ng kalamnan .",karaniwang,FIL
17680,1093,"Sa mga tuntunin ng kaligtasan , isang pagsusuri ng 44 , 000 katao ang nagpakita na ito ay generally well tolerated , na may karaniwang mga epekto tulad ng kirot sa injection-site , sakit ng ulo , pagkapagod at pananakit ng kalamnan .",mga,FIL
17681,1093,"Sa mga tuntunin ng kaligtasan , isang pagsusuri ng 44 , 000 katao ang nagpakita na ito ay generally well tolerated , na may karaniwang mga epekto tulad ng kirot sa injection-site , sakit ng ulo , pagkapagod at pananakit ng kalamnan .",epekto,FIL
17682,1093,"Sa mga tuntunin ng kaligtasan , isang pagsusuri ng 44 , 000 katao ang nagpakita na ito ay generally well tolerated , na may karaniwang mga epekto tulad ng kirot sa injection-site , sakit ng ulo , pagkapagod at pananakit ng kalamnan .",tulad,FIL
17683,1093,"Sa mga tuntunin ng kaligtasan , isang pagsusuri ng 44 , 000 katao ang nagpakita na ito ay generally well tolerated , na may karaniwang mga epekto tulad ng kirot sa injection-site , sakit ng ulo , pagkapagod at pananakit ng kalamnan .",ng,FIL
17684,1093,"Sa mga tuntunin ng kaligtasan , isang pagsusuri ng 44 , 000 katao ang nagpakita na ito ay generally well tolerated , na may karaniwang mga epekto tulad ng kirot sa injection-site , sakit ng ulo , pagkapagod at pananakit ng kalamnan .",kirot,FIL
17685,1093,"Sa mga tuntunin ng kaligtasan , isang pagsusuri ng 44 , 000 katao ang nagpakita na ito ay generally well tolerated , na may karaniwang mga epekto tulad ng kirot sa injection-site , sakit ng ulo , pagkapagod at pananakit ng kalamnan .",sa,FIL
17686,1093,"Sa mga tuntunin ng kaligtasan , isang pagsusuri ng 44 , 000 katao ang nagpakita na ito ay generally well tolerated , na may karaniwang mga epekto tulad ng kirot sa injection-site , sakit ng ulo , pagkapagod at pananakit ng kalamnan .",injection-site,ENG
17687,1093,"Sa mga tuntunin ng kaligtasan , isang pagsusuri ng 44 , 000 katao ang nagpakita na ito ay generally well tolerated , na may karaniwang mga epekto tulad ng kirot sa injection-site , sakit ng ulo , pagkapagod at pananakit ng kalamnan .",",",OTH
17688,1093,"Sa mga tuntunin ng kaligtasan , isang pagsusuri ng 44 , 000 katao ang nagpakita na ito ay generally well tolerated , na may karaniwang mga epekto tulad ng kirot sa injection-site , sakit ng ulo , pagkapagod at pananakit ng kalamnan .",sakit,FIL
17689,1093,"Sa mga tuntunin ng kaligtasan , isang pagsusuri ng 44 , 000 katao ang nagpakita na ito ay generally well tolerated , na may karaniwang mga epekto tulad ng kirot sa injection-site , sakit ng ulo , pagkapagod at pananakit ng kalamnan .",ng,FIL
17690,1093,"Sa mga tuntunin ng kaligtasan , isang pagsusuri ng 44 , 000 katao ang nagpakita na ito ay generally well tolerated , na may karaniwang mga epekto tulad ng kirot sa injection-site , sakit ng ulo , pagkapagod at pananakit ng kalamnan .",ulo,FIL
17691,1093,"Sa mga tuntunin ng kaligtasan , isang pagsusuri ng 44 , 000 katao ang nagpakita na ito ay generally well tolerated , na may karaniwang mga epekto tulad ng kirot sa injection-site , sakit ng ulo , pagkapagod at pananakit ng kalamnan .",",",OTH
17692,1093,"Sa mga tuntunin ng kaligtasan , isang pagsusuri ng 44 , 000 katao ang nagpakita na ito ay generally well tolerated , na may karaniwang mga epekto tulad ng kirot sa injection-site , sakit ng ulo , pagkapagod at pananakit ng kalamnan .",pagkapagod,FIL
17693,1093,"Sa mga tuntunin ng kaligtasan , isang pagsusuri ng 44 , 000 katao ang nagpakita na ito ay generally well tolerated , na may karaniwang mga epekto tulad ng kirot sa injection-site , sakit ng ulo , pagkapagod at pananakit ng kalamnan .",at,FIL
17694,1093,"Sa mga tuntunin ng kaligtasan , isang pagsusuri ng 44 , 000 katao ang nagpakita na ito ay generally well tolerated , na may karaniwang mga epekto tulad ng kirot sa injection-site , sakit ng ulo , pagkapagod at pananakit ng kalamnan .",pananakit,FIL
17695,1093,"Sa mga tuntunin ng kaligtasan , isang pagsusuri ng 44 , 000 katao ang nagpakita na ito ay generally well tolerated , na may karaniwang mga epekto tulad ng kirot sa injection-site , sakit ng ulo , pagkapagod at pananakit ng kalamnan .",ng,FIL
17696,1093,"Sa mga tuntunin ng kaligtasan , isang pagsusuri ng 44 , 000 katao ang nagpakita na ito ay generally well tolerated , na may karaniwang mga epekto tulad ng kirot sa injection-site , sakit ng ulo , pagkapagod at pananakit ng kalamnan .",kalamnan,FIL
17697,1093,"Sa mga tuntunin ng kaligtasan , isang pagsusuri ng 44 , 000 katao ang nagpakita na ito ay generally well tolerated , na may karaniwang mga epekto tulad ng kirot sa injection-site , sakit ng ulo , pagkapagod at pananakit ng kalamnan .",.,OTH
17698,1094,Kasi alam ko sa sarili ko na kailangan kong gawin yon kasi pag nagpa-relax-relax lang ako alam naman natin na hindi ko mabibigyan ng hustisya yung role ko .,Kasi,FIL
17699,1094,Kasi alam ko sa sarili ko na kailangan kong gawin yon kasi pag nagpa-relax-relax lang ako alam naman natin na hindi ko mabibigyan ng hustisya yung role ko .,alam,FIL
17700,1094,Kasi alam ko sa sarili ko na kailangan kong gawin yon kasi pag nagpa-relax-relax lang ako alam naman natin na hindi ko mabibigyan ng hustisya yung role ko .,ko,FIL
17701,1094,Kasi alam ko sa sarili ko na kailangan kong gawin yon kasi pag nagpa-relax-relax lang ako alam naman natin na hindi ko mabibigyan ng hustisya yung role ko .,sa,FIL
17702,1094,Kasi alam ko sa sarili ko na kailangan kong gawin yon kasi pag nagpa-relax-relax lang ako alam naman natin na hindi ko mabibigyan ng hustisya yung role ko .,sarili,FIL
17703,1094,Kasi alam ko sa sarili ko na kailangan kong gawin yon kasi pag nagpa-relax-relax lang ako alam naman natin na hindi ko mabibigyan ng hustisya yung role ko .,ko,FIL
17704,1094,Kasi alam ko sa sarili ko na kailangan kong gawin yon kasi pag nagpa-relax-relax lang ako alam naman natin na hindi ko mabibigyan ng hustisya yung role ko .,na,FIL
17705,1094,Kasi alam ko sa sarili ko na kailangan kong gawin yon kasi pag nagpa-relax-relax lang ako alam naman natin na hindi ko mabibigyan ng hustisya yung role ko .,kailangan,FIL
17706,1094,Kasi alam ko sa sarili ko na kailangan kong gawin yon kasi pag nagpa-relax-relax lang ako alam naman natin na hindi ko mabibigyan ng hustisya yung role ko .,kong,FIL
17707,1094,Kasi alam ko sa sarili ko na kailangan kong gawin yon kasi pag nagpa-relax-relax lang ako alam naman natin na hindi ko mabibigyan ng hustisya yung role ko .,gawin,FIL
17708,1094,Kasi alam ko sa sarili ko na kailangan kong gawin yon kasi pag nagpa-relax-relax lang ako alam naman natin na hindi ko mabibigyan ng hustisya yung role ko .,yon,FIL
17709,1094,Kasi alam ko sa sarili ko na kailangan kong gawin yon kasi pag nagpa-relax-relax lang ako alam naman natin na hindi ko mabibigyan ng hustisya yung role ko .,kasi,FIL
17710,1094,Kasi alam ko sa sarili ko na kailangan kong gawin yon kasi pag nagpa-relax-relax lang ako alam naman natin na hindi ko mabibigyan ng hustisya yung role ko .,pag,FIL
17711,1094,Kasi alam ko sa sarili ko na kailangan kong gawin yon kasi pag nagpa-relax-relax lang ako alam naman natin na hindi ko mabibigyan ng hustisya yung role ko .,nagpa-relax-relax,CS
17712,1094,Kasi alam ko sa sarili ko na kailangan kong gawin yon kasi pag nagpa-relax-relax lang ako alam naman natin na hindi ko mabibigyan ng hustisya yung role ko .,lang,FIL
17713,1094,Kasi alam ko sa sarili ko na kailangan kong gawin yon kasi pag nagpa-relax-relax lang ako alam naman natin na hindi ko mabibigyan ng hustisya yung role ko .,ako,FIL
17714,1094,Kasi alam ko sa sarili ko na kailangan kong gawin yon kasi pag nagpa-relax-relax lang ako alam naman natin na hindi ko mabibigyan ng hustisya yung role ko .,alam,FIL
17715,1094,Kasi alam ko sa sarili ko na kailangan kong gawin yon kasi pag nagpa-relax-relax lang ako alam naman natin na hindi ko mabibigyan ng hustisya yung role ko .,naman,FIL
17716,1094,Kasi alam ko sa sarili ko na kailangan kong gawin yon kasi pag nagpa-relax-relax lang ako alam naman natin na hindi ko mabibigyan ng hustisya yung role ko .,natin,FIL
17717,1094,Kasi alam ko sa sarili ko na kailangan kong gawin yon kasi pag nagpa-relax-relax lang ako alam naman natin na hindi ko mabibigyan ng hustisya yung role ko .,na,FIL
17718,1094,Kasi alam ko sa sarili ko na kailangan kong gawin yon kasi pag nagpa-relax-relax lang ako alam naman natin na hindi ko mabibigyan ng hustisya yung role ko .,hindi,FIL
17719,1094,Kasi alam ko sa sarili ko na kailangan kong gawin yon kasi pag nagpa-relax-relax lang ako alam naman natin na hindi ko mabibigyan ng hustisya yung role ko .,ko,FIL
17720,1094,Kasi alam ko sa sarili ko na kailangan kong gawin yon kasi pag nagpa-relax-relax lang ako alam naman natin na hindi ko mabibigyan ng hustisya yung role ko .,mabibigyan,FIL
17721,1094,Kasi alam ko sa sarili ko na kailangan kong gawin yon kasi pag nagpa-relax-relax lang ako alam naman natin na hindi ko mabibigyan ng hustisya yung role ko .,ng,FIL
17722,1094,Kasi alam ko sa sarili ko na kailangan kong gawin yon kasi pag nagpa-relax-relax lang ako alam naman natin na hindi ko mabibigyan ng hustisya yung role ko .,hustisya,FIL
17723,1094,Kasi alam ko sa sarili ko na kailangan kong gawin yon kasi pag nagpa-relax-relax lang ako alam naman natin na hindi ko mabibigyan ng hustisya yung role ko .,yung,FIL
17724,1094,Kasi alam ko sa sarili ko na kailangan kong gawin yon kasi pag nagpa-relax-relax lang ako alam naman natin na hindi ko mabibigyan ng hustisya yung role ko .,role,ENG
17725,1094,Kasi alam ko sa sarili ko na kailangan kong gawin yon kasi pag nagpa-relax-relax lang ako alam naman natin na hindi ko mabibigyan ng hustisya yung role ko .,ko,FIL
17726,1094,Kasi alam ko sa sarili ko na kailangan kong gawin yon kasi pag nagpa-relax-relax lang ako alam naman natin na hindi ko mabibigyan ng hustisya yung role ko .,.,OTH
17727,1095,Si uncle Jojo ang tunay na nagpatawa sa akin,Si,FIL
17728,1095,Si uncle Jojo ang tunay na nagpatawa sa akin,uncle,ENG
17729,1095,Si uncle Jojo ang tunay na nagpatawa sa akin,Jojo,OTH
17730,1095,Si uncle Jojo ang tunay na nagpatawa sa akin,ang,FIL
17731,1095,Si uncle Jojo ang tunay na nagpatawa sa akin,tunay,FIL
17732,1095,Si uncle Jojo ang tunay na nagpatawa sa akin,na,FIL
17733,1095,Si uncle Jojo ang tunay na nagpatawa sa akin,nagpatawa,FIL
17734,1095,Si uncle Jojo ang tunay na nagpatawa sa akin,sa,FIL
17735,1095,Si uncle Jojo ang tunay na nagpatawa sa akin,akin,FIL
17736,1096,"ang dame nakikita ni Ed , nakkatakot kasama yan hehehe , takot ako",ang,FIL
17737,1096,"ang dame nakikita ni Ed , nakkatakot kasama yan hehehe , takot ako",dame,FIL
17738,1096,"ang dame nakikita ni Ed , nakkatakot kasama yan hehehe , takot ako",nakikita,FIL
17739,1096,"ang dame nakikita ni Ed , nakkatakot kasama yan hehehe , takot ako",ni,FIL
17740,1096,"ang dame nakikita ni Ed , nakkatakot kasama yan hehehe , takot ako",Ed,OTH
17741,1096,"ang dame nakikita ni Ed , nakkatakot kasama yan hehehe , takot ako",",",OTH
17742,1096,"ang dame nakikita ni Ed , nakkatakot kasama yan hehehe , takot ako",nakkatakot,FIL
17743,1096,"ang dame nakikita ni Ed , nakkatakot kasama yan hehehe , takot ako",kasama,FIL
17744,1096,"ang dame nakikita ni Ed , nakkatakot kasama yan hehehe , takot ako",yan,FIL
17745,1096,"ang dame nakikita ni Ed , nakkatakot kasama yan hehehe , takot ako",hehehe,FIL
17746,1096,"ang dame nakikita ni Ed , nakkatakot kasama yan hehehe , takot ako",",",OTH
17747,1096,"ang dame nakikita ni Ed , nakkatakot kasama yan hehehe , takot ako",takot,FIL
17748,1096,"ang dame nakikita ni Ed , nakkatakot kasama yan hehehe , takot ako",ako,FIL
17749,1099,Ang pagkakaroon ng anak nga ang isang nakapagpalambot sa personalidad ni Baron .,Ang,FIL
17750,1099,Ang pagkakaroon ng anak nga ang isang nakapagpalambot sa personalidad ni Baron .,pagkakaroon,FIL
17751,1099,Ang pagkakaroon ng anak nga ang isang nakapagpalambot sa personalidad ni Baron .,ng,FIL
17752,1099,Ang pagkakaroon ng anak nga ang isang nakapagpalambot sa personalidad ni Baron .,anak,FIL
17753,1099,Ang pagkakaroon ng anak nga ang isang nakapagpalambot sa personalidad ni Baron .,nga,FIL
17754,1099,Ang pagkakaroon ng anak nga ang isang nakapagpalambot sa personalidad ni Baron .,ang,FIL
17755,1099,Ang pagkakaroon ng anak nga ang isang nakapagpalambot sa personalidad ni Baron .,isang,FIL
17756,1099,Ang pagkakaroon ng anak nga ang isang nakapagpalambot sa personalidad ni Baron .,nakapagpalambot,FIL
17757,1099,Ang pagkakaroon ng anak nga ang isang nakapagpalambot sa personalidad ni Baron .,sa,FIL
17758,1099,Ang pagkakaroon ng anak nga ang isang nakapagpalambot sa personalidad ni Baron .,personalidad,FIL
17759,1099,Ang pagkakaroon ng anak nga ang isang nakapagpalambot sa personalidad ni Baron .,ni,FIL
17760,1099,Ang pagkakaroon ng anak nga ang isang nakapagpalambot sa personalidad ni Baron .,Baron,OTH
17761,1099,Ang pagkakaroon ng anak nga ang isang nakapagpalambot sa personalidad ni Baron .,.,OTH
17762,1101,Nakatapat ito sa bintana at sa kung saan kami dumaraan palabas ng bahay .,Nakatapat,FIL
17763,1101,Nakatapat ito sa bintana at sa kung saan kami dumaraan palabas ng bahay .,ito,FIL
17764,1101,Nakatapat ito sa bintana at sa kung saan kami dumaraan palabas ng bahay .,sa,FIL
17765,1101,Nakatapat ito sa bintana at sa kung saan kami dumaraan palabas ng bahay .,bintana,FIL
17766,1101,Nakatapat ito sa bintana at sa kung saan kami dumaraan palabas ng bahay .,at,FIL
17767,1101,Nakatapat ito sa bintana at sa kung saan kami dumaraan palabas ng bahay .,sa,FIL
17768,1101,Nakatapat ito sa bintana at sa kung saan kami dumaraan palabas ng bahay .,kung,FIL
17769,1101,Nakatapat ito sa bintana at sa kung saan kami dumaraan palabas ng bahay .,saan,FIL
17770,1101,Nakatapat ito sa bintana at sa kung saan kami dumaraan palabas ng bahay .,kami,FIL
17771,1101,Nakatapat ito sa bintana at sa kung saan kami dumaraan palabas ng bahay .,dumaraan,FIL
17772,1101,Nakatapat ito sa bintana at sa kung saan kami dumaraan palabas ng bahay .,palabas,FIL
17773,1101,Nakatapat ito sa bintana at sa kung saan kami dumaraan palabas ng bahay .,ng,FIL
17774,1101,Nakatapat ito sa bintana at sa kung saan kami dumaraan palabas ng bahay .,bahay,FIL
17775,1101,Nakatapat ito sa bintana at sa kung saan kami dumaraan palabas ng bahay .,.,OTH
17776,1102,When ba ako mananalo ng pa-give away niyo,When,ENG
17777,1102,When ba ako mananalo ng pa-give away niyo,ba,FIL
17778,1102,When ba ako mananalo ng pa-give away niyo,ako,FIL
17779,1102,When ba ako mananalo ng pa-give away niyo,mananalo,FIL
17780,1102,When ba ako mananalo ng pa-give away niyo,ng,FIL
17781,1102,When ba ako mananalo ng pa-give away niyo,pa-give,CS
17782,1102,When ba ako mananalo ng pa-give away niyo,away,ENG
17783,1102,When ba ako mananalo ng pa-give away niyo,niyo,FIL
17784,1104,damn naway may mapamaskuhan ako sa mga ninong ninang tita tito ko,damn,OTH
17785,1104,damn naway may mapamaskuhan ako sa mga ninong ninang tita tito ko,naway,FIL
17786,1104,damn naway may mapamaskuhan ako sa mga ninong ninang tita tito ko,may,FIL
17787,1104,damn naway may mapamaskuhan ako sa mga ninong ninang tita tito ko,mapamaskuhan,FIL
17788,1104,damn naway may mapamaskuhan ako sa mga ninong ninang tita tito ko,ako,FIL
17789,1104,damn naway may mapamaskuhan ako sa mga ninong ninang tita tito ko,sa,FIL
17790,1104,damn naway may mapamaskuhan ako sa mga ninong ninang tita tito ko,mga,FIL
17791,1104,damn naway may mapamaskuhan ako sa mga ninong ninang tita tito ko,ninong,FIL
17792,1104,damn naway may mapamaskuhan ako sa mga ninong ninang tita tito ko,ninang,FIL
17793,1104,damn naway may mapamaskuhan ako sa mga ninong ninang tita tito ko,tita,FIL
17794,1104,damn naway may mapamaskuhan ako sa mga ninong ninang tita tito ko,tito,FIL
17795,1104,damn naway may mapamaskuhan ako sa mga ninong ninang tita tito ko,ko,FIL
17796,1106,Sa kabila ng paghihiwalay ng walang paalam Kung nakita kitang masaya naman Siguro magpapasalamat na lang ako Dahil masaya ang dating mahal ko Nandito lang ang mga ala ala natin Kay sarap pa rin damhin,Sa,FIL
17797,1106,Sa kabila ng paghihiwalay ng walang paalam Kung nakita kitang masaya naman Siguro magpapasalamat na lang ako Dahil masaya ang dating mahal ko Nandito lang ang mga ala ala natin Kay sarap pa rin damhin,kabila,FIL
17798,1106,Sa kabila ng paghihiwalay ng walang paalam Kung nakita kitang masaya naman Siguro magpapasalamat na lang ako Dahil masaya ang dating mahal ko Nandito lang ang mga ala ala natin Kay sarap pa rin damhin,ng,FIL
17799,1106,Sa kabila ng paghihiwalay ng walang paalam Kung nakita kitang masaya naman Siguro magpapasalamat na lang ako Dahil masaya ang dating mahal ko Nandito lang ang mga ala ala natin Kay sarap pa rin damhin,paghihiwalay,FIL
17800,1106,Sa kabila ng paghihiwalay ng walang paalam Kung nakita kitang masaya naman Siguro magpapasalamat na lang ako Dahil masaya ang dating mahal ko Nandito lang ang mga ala ala natin Kay sarap pa rin damhin,ng,FIL
17801,1106,Sa kabila ng paghihiwalay ng walang paalam Kung nakita kitang masaya naman Siguro magpapasalamat na lang ako Dahil masaya ang dating mahal ko Nandito lang ang mga ala ala natin Kay sarap pa rin damhin,walang,FIL
17802,1106,Sa kabila ng paghihiwalay ng walang paalam Kung nakita kitang masaya naman Siguro magpapasalamat na lang ako Dahil masaya ang dating mahal ko Nandito lang ang mga ala ala natin Kay sarap pa rin damhin,paalam,FIL
17803,1106,Sa kabila ng paghihiwalay ng walang paalam Kung nakita kitang masaya naman Siguro magpapasalamat na lang ako Dahil masaya ang dating mahal ko Nandito lang ang mga ala ala natin Kay sarap pa rin damhin,Kung,FIL
17804,1106,Sa kabila ng paghihiwalay ng walang paalam Kung nakita kitang masaya naman Siguro magpapasalamat na lang ako Dahil masaya ang dating mahal ko Nandito lang ang mga ala ala natin Kay sarap pa rin damhin,nakita,FIL
17805,1106,Sa kabila ng paghihiwalay ng walang paalam Kung nakita kitang masaya naman Siguro magpapasalamat na lang ako Dahil masaya ang dating mahal ko Nandito lang ang mga ala ala natin Kay sarap pa rin damhin,kitang,FIL
17806,1106,Sa kabila ng paghihiwalay ng walang paalam Kung nakita kitang masaya naman Siguro magpapasalamat na lang ako Dahil masaya ang dating mahal ko Nandito lang ang mga ala ala natin Kay sarap pa rin damhin,masaya,FIL
17807,1106,Sa kabila ng paghihiwalay ng walang paalam Kung nakita kitang masaya naman Siguro magpapasalamat na lang ako Dahil masaya ang dating mahal ko Nandito lang ang mga ala ala natin Kay sarap pa rin damhin,naman,FIL
17808,1106,Sa kabila ng paghihiwalay ng walang paalam Kung nakita kitang masaya naman Siguro magpapasalamat na lang ako Dahil masaya ang dating mahal ko Nandito lang ang mga ala ala natin Kay sarap pa rin damhin,Siguro,FIL
17809,1106,Sa kabila ng paghihiwalay ng walang paalam Kung nakita kitang masaya naman Siguro magpapasalamat na lang ako Dahil masaya ang dating mahal ko Nandito lang ang mga ala ala natin Kay sarap pa rin damhin,magpapasalamat,FIL
17810,1106,Sa kabila ng paghihiwalay ng walang paalam Kung nakita kitang masaya naman Siguro magpapasalamat na lang ako Dahil masaya ang dating mahal ko Nandito lang ang mga ala ala natin Kay sarap pa rin damhin,na,FIL
17811,1106,Sa kabila ng paghihiwalay ng walang paalam Kung nakita kitang masaya naman Siguro magpapasalamat na lang ako Dahil masaya ang dating mahal ko Nandito lang ang mga ala ala natin Kay sarap pa rin damhin,lang,FIL
17812,1106,Sa kabila ng paghihiwalay ng walang paalam Kung nakita kitang masaya naman Siguro magpapasalamat na lang ako Dahil masaya ang dating mahal ko Nandito lang ang mga ala ala natin Kay sarap pa rin damhin,ako,FIL
17813,1106,Sa kabila ng paghihiwalay ng walang paalam Kung nakita kitang masaya naman Siguro magpapasalamat na lang ako Dahil masaya ang dating mahal ko Nandito lang ang mga ala ala natin Kay sarap pa rin damhin,Dahil,FIL
17814,1106,Sa kabila ng paghihiwalay ng walang paalam Kung nakita kitang masaya naman Siguro magpapasalamat na lang ako Dahil masaya ang dating mahal ko Nandito lang ang mga ala ala natin Kay sarap pa rin damhin,masaya,FIL
17815,1106,Sa kabila ng paghihiwalay ng walang paalam Kung nakita kitang masaya naman Siguro magpapasalamat na lang ako Dahil masaya ang dating mahal ko Nandito lang ang mga ala ala natin Kay sarap pa rin damhin,ang,FIL
17816,1106,Sa kabila ng paghihiwalay ng walang paalam Kung nakita kitang masaya naman Siguro magpapasalamat na lang ako Dahil masaya ang dating mahal ko Nandito lang ang mga ala ala natin Kay sarap pa rin damhin,dating,FIL
17817,1106,Sa kabila ng paghihiwalay ng walang paalam Kung nakita kitang masaya naman Siguro magpapasalamat na lang ako Dahil masaya ang dating mahal ko Nandito lang ang mga ala ala natin Kay sarap pa rin damhin,mahal,FIL
17818,1106,Sa kabila ng paghihiwalay ng walang paalam Kung nakita kitang masaya naman Siguro magpapasalamat na lang ako Dahil masaya ang dating mahal ko Nandito lang ang mga ala ala natin Kay sarap pa rin damhin,ko,FIL
17819,1106,Sa kabila ng paghihiwalay ng walang paalam Kung nakita kitang masaya naman Siguro magpapasalamat na lang ako Dahil masaya ang dating mahal ko Nandito lang ang mga ala ala natin Kay sarap pa rin damhin,Nandito,FIL
17820,1106,Sa kabila ng paghihiwalay ng walang paalam Kung nakita kitang masaya naman Siguro magpapasalamat na lang ako Dahil masaya ang dating mahal ko Nandito lang ang mga ala ala natin Kay sarap pa rin damhin,lang,FIL
17821,1106,Sa kabila ng paghihiwalay ng walang paalam Kung nakita kitang masaya naman Siguro magpapasalamat na lang ako Dahil masaya ang dating mahal ko Nandito lang ang mga ala ala natin Kay sarap pa rin damhin,ang,FIL
17822,1106,Sa kabila ng paghihiwalay ng walang paalam Kung nakita kitang masaya naman Siguro magpapasalamat na lang ako Dahil masaya ang dating mahal ko Nandito lang ang mga ala ala natin Kay sarap pa rin damhin,mga,FIL
17823,1106,Sa kabila ng paghihiwalay ng walang paalam Kung nakita kitang masaya naman Siguro magpapasalamat na lang ako Dahil masaya ang dating mahal ko Nandito lang ang mga ala ala natin Kay sarap pa rin damhin,ala,FIL
17824,1106,Sa kabila ng paghihiwalay ng walang paalam Kung nakita kitang masaya naman Siguro magpapasalamat na lang ako Dahil masaya ang dating mahal ko Nandito lang ang mga ala ala natin Kay sarap pa rin damhin,ala,FIL
17825,1106,Sa kabila ng paghihiwalay ng walang paalam Kung nakita kitang masaya naman Siguro magpapasalamat na lang ako Dahil masaya ang dating mahal ko Nandito lang ang mga ala ala natin Kay sarap pa rin damhin,natin,FIL
17826,1106,Sa kabila ng paghihiwalay ng walang paalam Kung nakita kitang masaya naman Siguro magpapasalamat na lang ako Dahil masaya ang dating mahal ko Nandito lang ang mga ala ala natin Kay sarap pa rin damhin,Kay,FIL
17827,1106,Sa kabila ng paghihiwalay ng walang paalam Kung nakita kitang masaya naman Siguro magpapasalamat na lang ako Dahil masaya ang dating mahal ko Nandito lang ang mga ala ala natin Kay sarap pa rin damhin,sarap,FIL
17828,1106,Sa kabila ng paghihiwalay ng walang paalam Kung nakita kitang masaya naman Siguro magpapasalamat na lang ako Dahil masaya ang dating mahal ko Nandito lang ang mga ala ala natin Kay sarap pa rin damhin,pa,FIL
17829,1106,Sa kabila ng paghihiwalay ng walang paalam Kung nakita kitang masaya naman Siguro magpapasalamat na lang ako Dahil masaya ang dating mahal ko Nandito lang ang mga ala ala natin Kay sarap pa rin damhin,rin,FIL
17830,1106,Sa kabila ng paghihiwalay ng walang paalam Kung nakita kitang masaya naman Siguro magpapasalamat na lang ako Dahil masaya ang dating mahal ko Nandito lang ang mga ala ala natin Kay sarap pa rin damhin,damhin,FIL
17831,1107,Napagkasya ko naman lahat ng cravings ko today .,Napagkasya,FIL
17832,1107,Napagkasya ko naman lahat ng cravings ko today .,ko,FIL
17833,1107,Napagkasya ko naman lahat ng cravings ko today .,naman,FIL
17834,1107,Napagkasya ko naman lahat ng cravings ko today .,lahat,FIL
17835,1107,Napagkasya ko naman lahat ng cravings ko today .,ng,FIL
17836,1107,Napagkasya ko naman lahat ng cravings ko today .,cravings,ENG
17837,1107,Napagkasya ko naman lahat ng cravings ko today .,ko,FIL
17838,1107,Napagkasya ko naman lahat ng cravings ko today .,today,ENG
17839,1107,Napagkasya ko naman lahat ng cravings ko today .,.,OTH
17840,1108,"Kung hindi tayo mag ingat at mag experemento ulit at maniniwala sa mga pangako at sila lang daw ang may blueprint sa mga projects , THE PHILIPPINES WILL BE BACK TO ZERO AGAIN !",Kung,FIL
17841,1108,"Kung hindi tayo mag ingat at mag experemento ulit at maniniwala sa mga pangako at sila lang daw ang may blueprint sa mga projects , THE PHILIPPINES WILL BE BACK TO ZERO AGAIN !",hindi,FIL
17842,1108,"Kung hindi tayo mag ingat at mag experemento ulit at maniniwala sa mga pangako at sila lang daw ang may blueprint sa mga projects , THE PHILIPPINES WILL BE BACK TO ZERO AGAIN !",tayo,FIL
17843,1108,"Kung hindi tayo mag ingat at mag experemento ulit at maniniwala sa mga pangako at sila lang daw ang may blueprint sa mga projects , THE PHILIPPINES WILL BE BACK TO ZERO AGAIN !",mag,FIL
17844,1108,"Kung hindi tayo mag ingat at mag experemento ulit at maniniwala sa mga pangako at sila lang daw ang may blueprint sa mga projects , THE PHILIPPINES WILL BE BACK TO ZERO AGAIN !",ingat,FIL
17845,1108,"Kung hindi tayo mag ingat at mag experemento ulit at maniniwala sa mga pangako at sila lang daw ang may blueprint sa mga projects , THE PHILIPPINES WILL BE BACK TO ZERO AGAIN !",at,FIL
17846,1108,"Kung hindi tayo mag ingat at mag experemento ulit at maniniwala sa mga pangako at sila lang daw ang may blueprint sa mga projects , THE PHILIPPINES WILL BE BACK TO ZERO AGAIN !",mag,FIL
17847,1108,"Kung hindi tayo mag ingat at mag experemento ulit at maniniwala sa mga pangako at sila lang daw ang may blueprint sa mga projects , THE PHILIPPINES WILL BE BACK TO ZERO AGAIN !",experemento,FIL
17848,1108,"Kung hindi tayo mag ingat at mag experemento ulit at maniniwala sa mga pangako at sila lang daw ang may blueprint sa mga projects , THE PHILIPPINES WILL BE BACK TO ZERO AGAIN !",ulit,FIL
17849,1108,"Kung hindi tayo mag ingat at mag experemento ulit at maniniwala sa mga pangako at sila lang daw ang may blueprint sa mga projects , THE PHILIPPINES WILL BE BACK TO ZERO AGAIN !",at,FIL
17850,1108,"Kung hindi tayo mag ingat at mag experemento ulit at maniniwala sa mga pangako at sila lang daw ang may blueprint sa mga projects , THE PHILIPPINES WILL BE BACK TO ZERO AGAIN !",maniniwala,FIL
17851,1108,"Kung hindi tayo mag ingat at mag experemento ulit at maniniwala sa mga pangako at sila lang daw ang may blueprint sa mga projects , THE PHILIPPINES WILL BE BACK TO ZERO AGAIN !",sa,FIL
17852,1108,"Kung hindi tayo mag ingat at mag experemento ulit at maniniwala sa mga pangako at sila lang daw ang may blueprint sa mga projects , THE PHILIPPINES WILL BE BACK TO ZERO AGAIN !",mga,FIL
17853,1108,"Kung hindi tayo mag ingat at mag experemento ulit at maniniwala sa mga pangako at sila lang daw ang may blueprint sa mga projects , THE PHILIPPINES WILL BE BACK TO ZERO AGAIN !",pangako,FIL
17854,1108,"Kung hindi tayo mag ingat at mag experemento ulit at maniniwala sa mga pangako at sila lang daw ang may blueprint sa mga projects , THE PHILIPPINES WILL BE BACK TO ZERO AGAIN !",at,FIL
17855,1108,"Kung hindi tayo mag ingat at mag experemento ulit at maniniwala sa mga pangako at sila lang daw ang may blueprint sa mga projects , THE PHILIPPINES WILL BE BACK TO ZERO AGAIN !",sila,FIL
17856,1108,"Kung hindi tayo mag ingat at mag experemento ulit at maniniwala sa mga pangako at sila lang daw ang may blueprint sa mga projects , THE PHILIPPINES WILL BE BACK TO ZERO AGAIN !",lang,FIL
17857,1108,"Kung hindi tayo mag ingat at mag experemento ulit at maniniwala sa mga pangako at sila lang daw ang may blueprint sa mga projects , THE PHILIPPINES WILL BE BACK TO ZERO AGAIN !",daw,FIL
17858,1108,"Kung hindi tayo mag ingat at mag experemento ulit at maniniwala sa mga pangako at sila lang daw ang may blueprint sa mga projects , THE PHILIPPINES WILL BE BACK TO ZERO AGAIN !",ang,FIL
17859,1108,"Kung hindi tayo mag ingat at mag experemento ulit at maniniwala sa mga pangako at sila lang daw ang may blueprint sa mga projects , THE PHILIPPINES WILL BE BACK TO ZERO AGAIN !",may,FIL
17860,1108,"Kung hindi tayo mag ingat at mag experemento ulit at maniniwala sa mga pangako at sila lang daw ang may blueprint sa mga projects , THE PHILIPPINES WILL BE BACK TO ZERO AGAIN !",blueprint,ENG
17861,1108,"Kung hindi tayo mag ingat at mag experemento ulit at maniniwala sa mga pangako at sila lang daw ang may blueprint sa mga projects , THE PHILIPPINES WILL BE BACK TO ZERO AGAIN !",sa,FIL
17862,1108,"Kung hindi tayo mag ingat at mag experemento ulit at maniniwala sa mga pangako at sila lang daw ang may blueprint sa mga projects , THE PHILIPPINES WILL BE BACK TO ZERO AGAIN !",mga,FIL
17863,1108,"Kung hindi tayo mag ingat at mag experemento ulit at maniniwala sa mga pangako at sila lang daw ang may blueprint sa mga projects , THE PHILIPPINES WILL BE BACK TO ZERO AGAIN !",projects,FIL
17864,1108,"Kung hindi tayo mag ingat at mag experemento ulit at maniniwala sa mga pangako at sila lang daw ang may blueprint sa mga projects , THE PHILIPPINES WILL BE BACK TO ZERO AGAIN !",",",OTH
17865,1108,"Kung hindi tayo mag ingat at mag experemento ulit at maniniwala sa mga pangako at sila lang daw ang may blueprint sa mga projects , THE PHILIPPINES WILL BE BACK TO ZERO AGAIN !",THE,ENG
17866,1108,"Kung hindi tayo mag ingat at mag experemento ulit at maniniwala sa mga pangako at sila lang daw ang may blueprint sa mga projects , THE PHILIPPINES WILL BE BACK TO ZERO AGAIN !",PHILIPPINES,OTH
17867,1108,"Kung hindi tayo mag ingat at mag experemento ulit at maniniwala sa mga pangako at sila lang daw ang may blueprint sa mga projects , THE PHILIPPINES WILL BE BACK TO ZERO AGAIN !",WILL,ENG
17868,1108,"Kung hindi tayo mag ingat at mag experemento ulit at maniniwala sa mga pangako at sila lang daw ang may blueprint sa mga projects , THE PHILIPPINES WILL BE BACK TO ZERO AGAIN !",BE,ENG
17869,1108,"Kung hindi tayo mag ingat at mag experemento ulit at maniniwala sa mga pangako at sila lang daw ang may blueprint sa mga projects , THE PHILIPPINES WILL BE BACK TO ZERO AGAIN !",BACK,ENG
17870,1108,"Kung hindi tayo mag ingat at mag experemento ulit at maniniwala sa mga pangako at sila lang daw ang may blueprint sa mga projects , THE PHILIPPINES WILL BE BACK TO ZERO AGAIN !",TO,ENG
17871,1108,"Kung hindi tayo mag ingat at mag experemento ulit at maniniwala sa mga pangako at sila lang daw ang may blueprint sa mga projects , THE PHILIPPINES WILL BE BACK TO ZERO AGAIN !",ZERO,ENG
17872,1108,"Kung hindi tayo mag ingat at mag experemento ulit at maniniwala sa mga pangako at sila lang daw ang may blueprint sa mga projects , THE PHILIPPINES WILL BE BACK TO ZERO AGAIN !",AGAIN,ENG
17873,1108,"Kung hindi tayo mag ingat at mag experemento ulit at maniniwala sa mga pangako at sila lang daw ang may blueprint sa mga projects , THE PHILIPPINES WILL BE BACK TO ZERO AGAIN !",!,OTH
17874,1109,Sana nga tanggapin ng mga taong palagay nila ay affected ng mga pangyayari .,Sana,FIL
17875,1109,Sana nga tanggapin ng mga taong palagay nila ay affected ng mga pangyayari .,nga,FIL
17876,1109,Sana nga tanggapin ng mga taong palagay nila ay affected ng mga pangyayari .,tanggapin,FIL
17877,1109,Sana nga tanggapin ng mga taong palagay nila ay affected ng mga pangyayari .,ng,FIL
17878,1109,Sana nga tanggapin ng mga taong palagay nila ay affected ng mga pangyayari .,mga,FIL
17879,1109,Sana nga tanggapin ng mga taong palagay nila ay affected ng mga pangyayari .,taong,FIL
17880,1109,Sana nga tanggapin ng mga taong palagay nila ay affected ng mga pangyayari .,palagay,FIL
17881,1109,Sana nga tanggapin ng mga taong palagay nila ay affected ng mga pangyayari .,nila,FIL
17882,1109,Sana nga tanggapin ng mga taong palagay nila ay affected ng mga pangyayari .,ay,FIL
17883,1109,Sana nga tanggapin ng mga taong palagay nila ay affected ng mga pangyayari .,affected,ENG
17884,1109,Sana nga tanggapin ng mga taong palagay nila ay affected ng mga pangyayari .,ng,FIL
17885,1109,Sana nga tanggapin ng mga taong palagay nila ay affected ng mga pangyayari .,mga,FIL
17886,1109,Sana nga tanggapin ng mga taong palagay nila ay affected ng mga pangyayari .,pangyayari,FIL
17887,1109,Sana nga tanggapin ng mga taong palagay nila ay affected ng mga pangyayari .,.,OTH
17888,1110,Nakatikim ka tuloy ng malutong na mura ngayon,Nakatikim,FIL
17889,1110,Nakatikim ka tuloy ng malutong na mura ngayon,ka,FIL
17890,1110,Nakatikim ka tuloy ng malutong na mura ngayon,tuloy,FIL
17891,1110,Nakatikim ka tuloy ng malutong na mura ngayon,ng,FIL
17892,1110,Nakatikim ka tuloy ng malutong na mura ngayon,malutong,FIL
17893,1110,Nakatikim ka tuloy ng malutong na mura ngayon,na,FIL
17894,1110,Nakatikim ka tuloy ng malutong na mura ngayon,mura,FIL
17895,1110,Nakatikim ka tuloy ng malutong na mura ngayon,ngayon,FIL
17896,1111,Lahat ng pagkilos at pagbpto dapat ay PARA SA MASANG PILIPINO .,Lahat,FIL
17897,1111,Lahat ng pagkilos at pagbpto dapat ay PARA SA MASANG PILIPINO .,ng,FIL
17898,1111,Lahat ng pagkilos at pagbpto dapat ay PARA SA MASANG PILIPINO .,pagkilos,FIL
17899,1111,Lahat ng pagkilos at pagbpto dapat ay PARA SA MASANG PILIPINO .,at,FIL
17900,1111,Lahat ng pagkilos at pagbpto dapat ay PARA SA MASANG PILIPINO .,pagbpto,FIL
17901,1111,Lahat ng pagkilos at pagbpto dapat ay PARA SA MASANG PILIPINO .,dapat,FIL
17902,1111,Lahat ng pagkilos at pagbpto dapat ay PARA SA MASANG PILIPINO .,ay,FIL
17903,1111,Lahat ng pagkilos at pagbpto dapat ay PARA SA MASANG PILIPINO .,PARA,FIL
17904,1111,Lahat ng pagkilos at pagbpto dapat ay PARA SA MASANG PILIPINO .,SA,FIL
17905,1111,Lahat ng pagkilos at pagbpto dapat ay PARA SA MASANG PILIPINO .,MASANG,FIL
17906,1111,Lahat ng pagkilos at pagbpto dapat ay PARA SA MASANG PILIPINO .,PILIPINO,FIL
17907,1111,Lahat ng pagkilos at pagbpto dapat ay PARA SA MASANG PILIPINO .,.,OTH
17908,1112,Sana nakatulog kayo ng maayos kagabi huh .,Sana,FIL
17909,1112,Sana nakatulog kayo ng maayos kagabi huh .,nakatulog,FIL
17910,1112,Sana nakatulog kayo ng maayos kagabi huh .,kayo,FIL
17911,1112,Sana nakatulog kayo ng maayos kagabi huh .,ng,FIL
17912,1112,Sana nakatulog kayo ng maayos kagabi huh .,maayos,FIL
17913,1112,Sana nakatulog kayo ng maayos kagabi huh .,kagabi,FIL
17914,1112,Sana nakatulog kayo ng maayos kagabi huh .,huh,FIL
17915,1112,Sana nakatulog kayo ng maayos kagabi huh .,.,OTH
17916,1114,Mahalin kasi ang Buong Pilipinas .,Mahalin,FIL
17917,1114,Mahalin kasi ang Buong Pilipinas .,kasi,FIL
17918,1114,Mahalin kasi ang Buong Pilipinas .,ang,FIL
17919,1114,Mahalin kasi ang Buong Pilipinas .,Buong,FIL
17920,1114,Mahalin kasi ang Buong Pilipinas .,Pilipinas,OTH
17921,1114,Mahalin kasi ang Buong Pilipinas .,.,OTH
17922,1115,Siya ang pinakamalaking impluwensiya sa pagiging otaku ni Saori .,Siya,FIL
17923,1115,Siya ang pinakamalaking impluwensiya sa pagiging otaku ni Saori .,ang,FIL
17924,1115,Siya ang pinakamalaking impluwensiya sa pagiging otaku ni Saori .,pinakamalaking,FIL
17925,1115,Siya ang pinakamalaking impluwensiya sa pagiging otaku ni Saori .,impluwensiya,FIL
17926,1115,Siya ang pinakamalaking impluwensiya sa pagiging otaku ni Saori .,sa,FIL
17927,1115,Siya ang pinakamalaking impluwensiya sa pagiging otaku ni Saori .,pagiging,FIL
17928,1115,Siya ang pinakamalaking impluwensiya sa pagiging otaku ni Saori .,otaku,OTH
17929,1115,Siya ang pinakamalaking impluwensiya sa pagiging otaku ni Saori .,ni,FIL
17930,1115,Siya ang pinakamalaking impluwensiya sa pagiging otaku ni Saori .,Saori,OTH
17931,1115,Siya ang pinakamalaking impluwensiya sa pagiging otaku ni Saori .,.,OTH
17932,1116,"Di ko na nga masagutan precal ko tapos iiyakan pako ng mga tropa ko na gusto nila mag drop out , sige sama na din ako .",Di,FIL
17933,1116,"Di ko na nga masagutan precal ko tapos iiyakan pako ng mga tropa ko na gusto nila mag drop out , sige sama na din ako .",ko,FIL
17934,1116,"Di ko na nga masagutan precal ko tapos iiyakan pako ng mga tropa ko na gusto nila mag drop out , sige sama na din ako .",na,FIL
17935,1116,"Di ko na nga masagutan precal ko tapos iiyakan pako ng mga tropa ko na gusto nila mag drop out , sige sama na din ako .",nga,FIL
17936,1116,"Di ko na nga masagutan precal ko tapos iiyakan pako ng mga tropa ko na gusto nila mag drop out , sige sama na din ako .",masagutan,FIL
17937,1116,"Di ko na nga masagutan precal ko tapos iiyakan pako ng mga tropa ko na gusto nila mag drop out , sige sama na din ako .",precal,OTH
17938,1116,"Di ko na nga masagutan precal ko tapos iiyakan pako ng mga tropa ko na gusto nila mag drop out , sige sama na din ako .",ko,FIL
17939,1116,"Di ko na nga masagutan precal ko tapos iiyakan pako ng mga tropa ko na gusto nila mag drop out , sige sama na din ako .",tapos,FIL
17940,1116,"Di ko na nga masagutan precal ko tapos iiyakan pako ng mga tropa ko na gusto nila mag drop out , sige sama na din ako .",iiyakan,FIL
17941,1116,"Di ko na nga masagutan precal ko tapos iiyakan pako ng mga tropa ko na gusto nila mag drop out , sige sama na din ako .",pako,FIL
17942,1116,"Di ko na nga masagutan precal ko tapos iiyakan pako ng mga tropa ko na gusto nila mag drop out , sige sama na din ako .",ng,FIL
17943,1116,"Di ko na nga masagutan precal ko tapos iiyakan pako ng mga tropa ko na gusto nila mag drop out , sige sama na din ako .",mga,FIL
17944,1116,"Di ko na nga masagutan precal ko tapos iiyakan pako ng mga tropa ko na gusto nila mag drop out , sige sama na din ako .",tropa,FIL
17945,1116,"Di ko na nga masagutan precal ko tapos iiyakan pako ng mga tropa ko na gusto nila mag drop out , sige sama na din ako .",ko,FIL
17946,1116,"Di ko na nga masagutan precal ko tapos iiyakan pako ng mga tropa ko na gusto nila mag drop out , sige sama na din ako .",na,FIL
17947,1116,"Di ko na nga masagutan precal ko tapos iiyakan pako ng mga tropa ko na gusto nila mag drop out , sige sama na din ako .",gusto,FIL
17948,1116,"Di ko na nga masagutan precal ko tapos iiyakan pako ng mga tropa ko na gusto nila mag drop out , sige sama na din ako .",nila,FIL
17949,1116,"Di ko na nga masagutan precal ko tapos iiyakan pako ng mga tropa ko na gusto nila mag drop out , sige sama na din ako .",mag,FIL
17950,1116,"Di ko na nga masagutan precal ko tapos iiyakan pako ng mga tropa ko na gusto nila mag drop out , sige sama na din ako .",drop,ENG
17951,1116,"Di ko na nga masagutan precal ko tapos iiyakan pako ng mga tropa ko na gusto nila mag drop out , sige sama na din ako .",out,ENG
17952,1116,"Di ko na nga masagutan precal ko tapos iiyakan pako ng mga tropa ko na gusto nila mag drop out , sige sama na din ako .",",",OTH
17953,1116,"Di ko na nga masagutan precal ko tapos iiyakan pako ng mga tropa ko na gusto nila mag drop out , sige sama na din ako .",sige,FIL
17954,1116,"Di ko na nga masagutan precal ko tapos iiyakan pako ng mga tropa ko na gusto nila mag drop out , sige sama na din ako .",sama,FIL
17955,1116,"Di ko na nga masagutan precal ko tapos iiyakan pako ng mga tropa ko na gusto nila mag drop out , sige sama na din ako .",na,FIL
17956,1116,"Di ko na nga masagutan precal ko tapos iiyakan pako ng mga tropa ko na gusto nila mag drop out , sige sama na din ako .",din,FIL
17957,1116,"Di ko na nga masagutan precal ko tapos iiyakan pako ng mga tropa ko na gusto nila mag drop out , sige sama na din ako .",ako,FIL
17958,1116,"Di ko na nga masagutan precal ko tapos iiyakan pako ng mga tropa ko na gusto nila mag drop out , sige sama na din ako .",.,OTH
17959,1117,"After that , gawin mo na ang gusto mong gawin .",After,ENG
17960,1117,"After that , gawin mo na ang gusto mong gawin .",that,ENG
17961,1117,"After that , gawin mo na ang gusto mong gawin .",",",OTH
17962,1117,"After that , gawin mo na ang gusto mong gawin .",gawin,FIL
17963,1117,"After that , gawin mo na ang gusto mong gawin .",mo,FIL
17964,1117,"After that , gawin mo na ang gusto mong gawin .",na,FIL
17965,1117,"After that , gawin mo na ang gusto mong gawin .",ang,FIL
17966,1117,"After that , gawin mo na ang gusto mong gawin .",gusto,FIL
17967,1117,"After that , gawin mo na ang gusto mong gawin .",mong,FIL
17968,1117,"After that , gawin mo na ang gusto mong gawin .",gawin,FIL
17969,1117,"After that , gawin mo na ang gusto mong gawin .",.,OTH
17970,1118,Hangga't nanjan si Doque di ako naniniwala sa mga resulta ng daily covid cases report .,Hangga't,FIL
17971,1118,Hangga't nanjan si Doque di ako naniniwala sa mga resulta ng daily covid cases report .,nanjan,FIL
17972,1118,Hangga't nanjan si Doque di ako naniniwala sa mga resulta ng daily covid cases report .,si,FIL
17973,1118,Hangga't nanjan si Doque di ako naniniwala sa mga resulta ng daily covid cases report .,Doque,OTH
17974,1118,Hangga't nanjan si Doque di ako naniniwala sa mga resulta ng daily covid cases report .,di,FIL
17975,1118,Hangga't nanjan si Doque di ako naniniwala sa mga resulta ng daily covid cases report .,ako,FIL
17976,1118,Hangga't nanjan si Doque di ako naniniwala sa mga resulta ng daily covid cases report .,naniniwala,FIL
17977,1118,Hangga't nanjan si Doque di ako naniniwala sa mga resulta ng daily covid cases report .,sa,FIL
17978,1118,Hangga't nanjan si Doque di ako naniniwala sa mga resulta ng daily covid cases report .,mga,FIL
17979,1118,Hangga't nanjan si Doque di ako naniniwala sa mga resulta ng daily covid cases report .,resulta,FIL
17980,1118,Hangga't nanjan si Doque di ako naniniwala sa mga resulta ng daily covid cases report .,ng,FIL
17981,1118,Hangga't nanjan si Doque di ako naniniwala sa mga resulta ng daily covid cases report .,daily,ENG
17982,1118,Hangga't nanjan si Doque di ako naniniwala sa mga resulta ng daily covid cases report .,covid,OTH
17983,1118,Hangga't nanjan si Doque di ako naniniwala sa mga resulta ng daily covid cases report .,cases,ENG
17984,1118,Hangga't nanjan si Doque di ako naniniwala sa mga resulta ng daily covid cases report .,report,ENG
17985,1118,Hangga't nanjan si Doque di ako naniniwala sa mga resulta ng daily covid cases report .,.,OTH
17986,1119,Wala silang mga ngipin at kadalasang kumakain lamang ng .,Wala,FIL
17987,1119,Wala silang mga ngipin at kadalasang kumakain lamang ng .,silang,FIL
17988,1119,Wala silang mga ngipin at kadalasang kumakain lamang ng .,mga,FIL
17989,1119,Wala silang mga ngipin at kadalasang kumakain lamang ng .,ngipin,FIL
17990,1119,Wala silang mga ngipin at kadalasang kumakain lamang ng .,at,FIL
17991,1119,Wala silang mga ngipin at kadalasang kumakain lamang ng .,kadalasang,FIL
17992,1119,Wala silang mga ngipin at kadalasang kumakain lamang ng .,kumakain,FIL
17993,1119,Wala silang mga ngipin at kadalasang kumakain lamang ng .,lamang,FIL
17994,1119,Wala silang mga ngipin at kadalasang kumakain lamang ng .,ng,FIL
17995,1119,Wala silang mga ngipin at kadalasang kumakain lamang ng .,.,OTH
17996,1120,"Kasunod nito , ibinahagi rin niya ang kuha ng sanggol habang kalong ng kanyang Lolo Willie .",Kasunod,FIL
17997,1120,"Kasunod nito , ibinahagi rin niya ang kuha ng sanggol habang kalong ng kanyang Lolo Willie .",nito,FIL
17998,1120,"Kasunod nito , ibinahagi rin niya ang kuha ng sanggol habang kalong ng kanyang Lolo Willie .",",",OTH
17999,1120,"Kasunod nito , ibinahagi rin niya ang kuha ng sanggol habang kalong ng kanyang Lolo Willie .",ibinahagi,FIL
18000,1120,"Kasunod nito , ibinahagi rin niya ang kuha ng sanggol habang kalong ng kanyang Lolo Willie .",rin,FIL
18001,1120,"Kasunod nito , ibinahagi rin niya ang kuha ng sanggol habang kalong ng kanyang Lolo Willie .",niya,FIL
18002,1120,"Kasunod nito , ibinahagi rin niya ang kuha ng sanggol habang kalong ng kanyang Lolo Willie .",ang,FIL
18003,1120,"Kasunod nito , ibinahagi rin niya ang kuha ng sanggol habang kalong ng kanyang Lolo Willie .",kuha,FIL
18004,1120,"Kasunod nito , ibinahagi rin niya ang kuha ng sanggol habang kalong ng kanyang Lolo Willie .",ng,FIL
18005,1120,"Kasunod nito , ibinahagi rin niya ang kuha ng sanggol habang kalong ng kanyang Lolo Willie .",sanggol,FIL
18006,1120,"Kasunod nito , ibinahagi rin niya ang kuha ng sanggol habang kalong ng kanyang Lolo Willie .",habang,FIL
18007,1120,"Kasunod nito , ibinahagi rin niya ang kuha ng sanggol habang kalong ng kanyang Lolo Willie .",kalong,FIL
18008,1120,"Kasunod nito , ibinahagi rin niya ang kuha ng sanggol habang kalong ng kanyang Lolo Willie .",ng,FIL
18009,1120,"Kasunod nito , ibinahagi rin niya ang kuha ng sanggol habang kalong ng kanyang Lolo Willie .",kanyang,FIL
18010,1120,"Kasunod nito , ibinahagi rin niya ang kuha ng sanggol habang kalong ng kanyang Lolo Willie .",Lolo,FIL
18011,1120,"Kasunod nito , ibinahagi rin niya ang kuha ng sanggol habang kalong ng kanyang Lolo Willie .",Willie,OTH
18012,1120,"Kasunod nito , ibinahagi rin niya ang kuha ng sanggol habang kalong ng kanyang Lolo Willie .",.,OTH
18013,1121,BAI SUBAIDAH : At saka 'yan ang pangako niya bilang kapalit sa hindi namin paghahanda nang masyadong en grande sa kanilang kasal ni Fatima .,BAI,OTH
18014,1121,BAI SUBAIDAH : At saka 'yan ang pangako niya bilang kapalit sa hindi namin paghahanda nang masyadong en grande sa kanilang kasal ni Fatima .,SUBAIDAH,OTH
18015,1121,BAI SUBAIDAH : At saka 'yan ang pangako niya bilang kapalit sa hindi namin paghahanda nang masyadong en grande sa kanilang kasal ni Fatima .,:,OTH
18016,1121,BAI SUBAIDAH : At saka 'yan ang pangako niya bilang kapalit sa hindi namin paghahanda nang masyadong en grande sa kanilang kasal ni Fatima .,At,FIL
18017,1121,BAI SUBAIDAH : At saka 'yan ang pangako niya bilang kapalit sa hindi namin paghahanda nang masyadong en grande sa kanilang kasal ni Fatima .,saka,FIL
18018,1121,BAI SUBAIDAH : At saka 'yan ang pangako niya bilang kapalit sa hindi namin paghahanda nang masyadong en grande sa kanilang kasal ni Fatima .,'yan,FIL
18019,1121,BAI SUBAIDAH : At saka 'yan ang pangako niya bilang kapalit sa hindi namin paghahanda nang masyadong en grande sa kanilang kasal ni Fatima .,ang,FIL
18020,1121,BAI SUBAIDAH : At saka 'yan ang pangako niya bilang kapalit sa hindi namin paghahanda nang masyadong en grande sa kanilang kasal ni Fatima .,pangako,FIL
18021,1121,BAI SUBAIDAH : At saka 'yan ang pangako niya bilang kapalit sa hindi namin paghahanda nang masyadong en grande sa kanilang kasal ni Fatima .,niya,FIL
18022,1121,BAI SUBAIDAH : At saka 'yan ang pangako niya bilang kapalit sa hindi namin paghahanda nang masyadong en grande sa kanilang kasal ni Fatima .,bilang,FIL
18023,1121,BAI SUBAIDAH : At saka 'yan ang pangako niya bilang kapalit sa hindi namin paghahanda nang masyadong en grande sa kanilang kasal ni Fatima .,kapalit,FIL
18024,1121,BAI SUBAIDAH : At saka 'yan ang pangako niya bilang kapalit sa hindi namin paghahanda nang masyadong en grande sa kanilang kasal ni Fatima .,sa,FIL
18025,1121,BAI SUBAIDAH : At saka 'yan ang pangako niya bilang kapalit sa hindi namin paghahanda nang masyadong en grande sa kanilang kasal ni Fatima .,hindi,FIL
18026,1121,BAI SUBAIDAH : At saka 'yan ang pangako niya bilang kapalit sa hindi namin paghahanda nang masyadong en grande sa kanilang kasal ni Fatima .,namin,FIL
18027,1121,BAI SUBAIDAH : At saka 'yan ang pangako niya bilang kapalit sa hindi namin paghahanda nang masyadong en grande sa kanilang kasal ni Fatima .,paghahanda,FIL
18028,1121,BAI SUBAIDAH : At saka 'yan ang pangako niya bilang kapalit sa hindi namin paghahanda nang masyadong en grande sa kanilang kasal ni Fatima .,nang,FIL
18029,1121,BAI SUBAIDAH : At saka 'yan ang pangako niya bilang kapalit sa hindi namin paghahanda nang masyadong en grande sa kanilang kasal ni Fatima .,masyadong,FIL
18030,1121,BAI SUBAIDAH : At saka 'yan ang pangako niya bilang kapalit sa hindi namin paghahanda nang masyadong en grande sa kanilang kasal ni Fatima .,en,FIL
18031,1121,BAI SUBAIDAH : At saka 'yan ang pangako niya bilang kapalit sa hindi namin paghahanda nang masyadong en grande sa kanilang kasal ni Fatima .,grande,FIL
18032,1121,BAI SUBAIDAH : At saka 'yan ang pangako niya bilang kapalit sa hindi namin paghahanda nang masyadong en grande sa kanilang kasal ni Fatima .,sa,FIL
18033,1121,BAI SUBAIDAH : At saka 'yan ang pangako niya bilang kapalit sa hindi namin paghahanda nang masyadong en grande sa kanilang kasal ni Fatima .,kanilang,FIL
18034,1121,BAI SUBAIDAH : At saka 'yan ang pangako niya bilang kapalit sa hindi namin paghahanda nang masyadong en grande sa kanilang kasal ni Fatima .,kasal,FIL
18035,1121,BAI SUBAIDAH : At saka 'yan ang pangako niya bilang kapalit sa hindi namin paghahanda nang masyadong en grande sa kanilang kasal ni Fatima .,ni,FIL
18036,1121,BAI SUBAIDAH : At saka 'yan ang pangako niya bilang kapalit sa hindi namin paghahanda nang masyadong en grande sa kanilang kasal ni Fatima .,Fatima,OTH
18037,1121,BAI SUBAIDAH : At saka 'yan ang pangako niya bilang kapalit sa hindi namin paghahanda nang masyadong en grande sa kanilang kasal ni Fatima .,.,OTH
18038,1122,"Bukod pa rito , nangahulugan ito na may pagkakataon na si Job na makuha ang pagsang-ayon ng Diyos , at sa gayon ay mas mapapalapit siya sa Diyos .",Bukod,FIL
18039,1122,"Bukod pa rito , nangahulugan ito na may pagkakataon na si Job na makuha ang pagsang-ayon ng Diyos , at sa gayon ay mas mapapalapit siya sa Diyos .",pa,FIL
18040,1122,"Bukod pa rito , nangahulugan ito na may pagkakataon na si Job na makuha ang pagsang-ayon ng Diyos , at sa gayon ay mas mapapalapit siya sa Diyos .",rito,FIL
18041,1122,"Bukod pa rito , nangahulugan ito na may pagkakataon na si Job na makuha ang pagsang-ayon ng Diyos , at sa gayon ay mas mapapalapit siya sa Diyos .",",",OTH
18042,1122,"Bukod pa rito , nangahulugan ito na may pagkakataon na si Job na makuha ang pagsang-ayon ng Diyos , at sa gayon ay mas mapapalapit siya sa Diyos .",nangahulugan,FIL
18043,1122,"Bukod pa rito , nangahulugan ito na may pagkakataon na si Job na makuha ang pagsang-ayon ng Diyos , at sa gayon ay mas mapapalapit siya sa Diyos .",ito,FIL
18044,1122,"Bukod pa rito , nangahulugan ito na may pagkakataon na si Job na makuha ang pagsang-ayon ng Diyos , at sa gayon ay mas mapapalapit siya sa Diyos .",na,FIL
18045,1122,"Bukod pa rito , nangahulugan ito na may pagkakataon na si Job na makuha ang pagsang-ayon ng Diyos , at sa gayon ay mas mapapalapit siya sa Diyos .",may,FIL
18046,1122,"Bukod pa rito , nangahulugan ito na may pagkakataon na si Job na makuha ang pagsang-ayon ng Diyos , at sa gayon ay mas mapapalapit siya sa Diyos .",pagkakataon,FIL
18047,1122,"Bukod pa rito , nangahulugan ito na may pagkakataon na si Job na makuha ang pagsang-ayon ng Diyos , at sa gayon ay mas mapapalapit siya sa Diyos .",na,FIL
18048,1122,"Bukod pa rito , nangahulugan ito na may pagkakataon na si Job na makuha ang pagsang-ayon ng Diyos , at sa gayon ay mas mapapalapit siya sa Diyos .",si,FIL
18049,1122,"Bukod pa rito , nangahulugan ito na may pagkakataon na si Job na makuha ang pagsang-ayon ng Diyos , at sa gayon ay mas mapapalapit siya sa Diyos .",Job,OTH
18050,1122,"Bukod pa rito , nangahulugan ito na may pagkakataon na si Job na makuha ang pagsang-ayon ng Diyos , at sa gayon ay mas mapapalapit siya sa Diyos .",na,FIL
18051,1122,"Bukod pa rito , nangahulugan ito na may pagkakataon na si Job na makuha ang pagsang-ayon ng Diyos , at sa gayon ay mas mapapalapit siya sa Diyos .",makuha,FIL
18052,1122,"Bukod pa rito , nangahulugan ito na may pagkakataon na si Job na makuha ang pagsang-ayon ng Diyos , at sa gayon ay mas mapapalapit siya sa Diyos .",ang,FIL
18053,1122,"Bukod pa rito , nangahulugan ito na may pagkakataon na si Job na makuha ang pagsang-ayon ng Diyos , at sa gayon ay mas mapapalapit siya sa Diyos .",pagsang-ayon,FIL
18054,1122,"Bukod pa rito , nangahulugan ito na may pagkakataon na si Job na makuha ang pagsang-ayon ng Diyos , at sa gayon ay mas mapapalapit siya sa Diyos .",ng,FIL
18055,1122,"Bukod pa rito , nangahulugan ito na may pagkakataon na si Job na makuha ang pagsang-ayon ng Diyos , at sa gayon ay mas mapapalapit siya sa Diyos .",Diyos,FIL
18056,1122,"Bukod pa rito , nangahulugan ito na may pagkakataon na si Job na makuha ang pagsang-ayon ng Diyos , at sa gayon ay mas mapapalapit siya sa Diyos .",",",OTH
18057,1122,"Bukod pa rito , nangahulugan ito na may pagkakataon na si Job na makuha ang pagsang-ayon ng Diyos , at sa gayon ay mas mapapalapit siya sa Diyos .",at,FIL
18058,1122,"Bukod pa rito , nangahulugan ito na may pagkakataon na si Job na makuha ang pagsang-ayon ng Diyos , at sa gayon ay mas mapapalapit siya sa Diyos .",sa,FIL
18059,1122,"Bukod pa rito , nangahulugan ito na may pagkakataon na si Job na makuha ang pagsang-ayon ng Diyos , at sa gayon ay mas mapapalapit siya sa Diyos .",gayon,FIL
18060,1122,"Bukod pa rito , nangahulugan ito na may pagkakataon na si Job na makuha ang pagsang-ayon ng Diyos , at sa gayon ay mas mapapalapit siya sa Diyos .",ay,FIL
18061,1122,"Bukod pa rito , nangahulugan ito na may pagkakataon na si Job na makuha ang pagsang-ayon ng Diyos , at sa gayon ay mas mapapalapit siya sa Diyos .",mas,FIL
18062,1122,"Bukod pa rito , nangahulugan ito na may pagkakataon na si Job na makuha ang pagsang-ayon ng Diyos , at sa gayon ay mas mapapalapit siya sa Diyos .",mapapalapit,FIL
18063,1122,"Bukod pa rito , nangahulugan ito na may pagkakataon na si Job na makuha ang pagsang-ayon ng Diyos , at sa gayon ay mas mapapalapit siya sa Diyos .",siya,FIL
18064,1122,"Bukod pa rito , nangahulugan ito na may pagkakataon na si Job na makuha ang pagsang-ayon ng Diyos , at sa gayon ay mas mapapalapit siya sa Diyos .",sa,FIL
18065,1122,"Bukod pa rito , nangahulugan ito na may pagkakataon na si Job na makuha ang pagsang-ayon ng Diyos , at sa gayon ay mas mapapalapit siya sa Diyos .",Diyos,FIL
18066,1122,"Bukod pa rito , nangahulugan ito na may pagkakataon na si Job na makuha ang pagsang-ayon ng Diyos , at sa gayon ay mas mapapalapit siya sa Diyos .",.,OTH
18067,1123,Never ako sumigaw during online concert kasi takot ako sa tatay ko to the point na mas takot pa ako sa tatay ko kesa mamatay ako .,Never,ENG
18068,1123,Never ako sumigaw during online concert kasi takot ako sa tatay ko to the point na mas takot pa ako sa tatay ko kesa mamatay ako .,ako,FIL
18069,1123,Never ako sumigaw during online concert kasi takot ako sa tatay ko to the point na mas takot pa ako sa tatay ko kesa mamatay ako .,sumigaw,FIL
18070,1123,Never ako sumigaw during online concert kasi takot ako sa tatay ko to the point na mas takot pa ako sa tatay ko kesa mamatay ako .,during,ENG
18071,1123,Never ako sumigaw during online concert kasi takot ako sa tatay ko to the point na mas takot pa ako sa tatay ko kesa mamatay ako .,online,ENG
18072,1123,Never ako sumigaw during online concert kasi takot ako sa tatay ko to the point na mas takot pa ako sa tatay ko kesa mamatay ako .,concert,ENG
18073,1123,Never ako sumigaw during online concert kasi takot ako sa tatay ko to the point na mas takot pa ako sa tatay ko kesa mamatay ako .,kasi,FIL
18074,1123,Never ako sumigaw during online concert kasi takot ako sa tatay ko to the point na mas takot pa ako sa tatay ko kesa mamatay ako .,takot,FIL
18075,1123,Never ako sumigaw during online concert kasi takot ako sa tatay ko to the point na mas takot pa ako sa tatay ko kesa mamatay ako .,ako,FIL
18076,1123,Never ako sumigaw during online concert kasi takot ako sa tatay ko to the point na mas takot pa ako sa tatay ko kesa mamatay ako .,sa,FIL
18077,1123,Never ako sumigaw during online concert kasi takot ako sa tatay ko to the point na mas takot pa ako sa tatay ko kesa mamatay ako .,tatay,FIL
18078,1123,Never ako sumigaw during online concert kasi takot ako sa tatay ko to the point na mas takot pa ako sa tatay ko kesa mamatay ako .,ko,FIL
18079,1123,Never ako sumigaw during online concert kasi takot ako sa tatay ko to the point na mas takot pa ako sa tatay ko kesa mamatay ako .,to,ENG
18080,1123,Never ako sumigaw during online concert kasi takot ako sa tatay ko to the point na mas takot pa ako sa tatay ko kesa mamatay ako .,the,ENG
18081,1123,Never ako sumigaw during online concert kasi takot ako sa tatay ko to the point na mas takot pa ako sa tatay ko kesa mamatay ako .,point,ENG
18082,1123,Never ako sumigaw during online concert kasi takot ako sa tatay ko to the point na mas takot pa ako sa tatay ko kesa mamatay ako .,na,FIL
18083,1123,Never ako sumigaw during online concert kasi takot ako sa tatay ko to the point na mas takot pa ako sa tatay ko kesa mamatay ako .,mas,FIL
18084,1123,Never ako sumigaw during online concert kasi takot ako sa tatay ko to the point na mas takot pa ako sa tatay ko kesa mamatay ako .,takot,FIL
18085,1123,Never ako sumigaw during online concert kasi takot ako sa tatay ko to the point na mas takot pa ako sa tatay ko kesa mamatay ako .,pa,FIL
18086,1123,Never ako sumigaw during online concert kasi takot ako sa tatay ko to the point na mas takot pa ako sa tatay ko kesa mamatay ako .,ako,FIL
18087,1123,Never ako sumigaw during online concert kasi takot ako sa tatay ko to the point na mas takot pa ako sa tatay ko kesa mamatay ako .,sa,FIL
18088,1123,Never ako sumigaw during online concert kasi takot ako sa tatay ko to the point na mas takot pa ako sa tatay ko kesa mamatay ako .,tatay,FIL
18089,1123,Never ako sumigaw during online concert kasi takot ako sa tatay ko to the point na mas takot pa ako sa tatay ko kesa mamatay ako .,ko,FIL
18090,1123,Never ako sumigaw during online concert kasi takot ako sa tatay ko to the point na mas takot pa ako sa tatay ko kesa mamatay ako .,kesa,FIL
18091,1123,Never ako sumigaw during online concert kasi takot ako sa tatay ko to the point na mas takot pa ako sa tatay ko kesa mamatay ako .,mamatay,FIL
18092,1123,Never ako sumigaw during online concert kasi takot ako sa tatay ko to the point na mas takot pa ako sa tatay ko kesa mamatay ako .,ako,FIL
18093,1123,Never ako sumigaw during online concert kasi takot ako sa tatay ko to the point na mas takot pa ako sa tatay ko kesa mamatay ako .,.,OTH
18094,1124,Sa presscon pa rin na `yon ay tinanong ko ang talent nilang si Lauren Reid .,Sa,FIL
18095,1124,Sa presscon pa rin na `yon ay tinanong ko ang talent nilang si Lauren Reid .,presscon,OTH
18096,1124,Sa presscon pa rin na `yon ay tinanong ko ang talent nilang si Lauren Reid .,pa,FIL
18097,1124,Sa presscon pa rin na `yon ay tinanong ko ang talent nilang si Lauren Reid .,rin,FIL
18098,1124,Sa presscon pa rin na `yon ay tinanong ko ang talent nilang si Lauren Reid .,na,FIL
18099,1124,Sa presscon pa rin na `yon ay tinanong ko ang talent nilang si Lauren Reid .,`yon,FIL
18100,1124,Sa presscon pa rin na `yon ay tinanong ko ang talent nilang si Lauren Reid .,ay,FIL
18101,1124,Sa presscon pa rin na `yon ay tinanong ko ang talent nilang si Lauren Reid .,tinanong,FIL
18102,1124,Sa presscon pa rin na `yon ay tinanong ko ang talent nilang si Lauren Reid .,ko,FIL
18103,1124,Sa presscon pa rin na `yon ay tinanong ko ang talent nilang si Lauren Reid .,ang,FIL
18104,1124,Sa presscon pa rin na `yon ay tinanong ko ang talent nilang si Lauren Reid .,talent,ENG
18105,1124,Sa presscon pa rin na `yon ay tinanong ko ang talent nilang si Lauren Reid .,nilang,FIL
18106,1124,Sa presscon pa rin na `yon ay tinanong ko ang talent nilang si Lauren Reid .,si,FIL
18107,1124,Sa presscon pa rin na `yon ay tinanong ko ang talent nilang si Lauren Reid .,Lauren,OTH
18108,1124,Sa presscon pa rin na `yon ay tinanong ko ang talent nilang si Lauren Reid .,Reid,OTH
18109,1124,Sa presscon pa rin na `yon ay tinanong ko ang talent nilang si Lauren Reid .,.,OTH
18110,1126,"Sapagkat ang Aking gawain ay ang gawain ng panlulupig , at nakatutok sa inyong hindi pagsunod at lumang kalikasan .",Sapagkat,FIL
18111,1126,"Sapagkat ang Aking gawain ay ang gawain ng panlulupig , at nakatutok sa inyong hindi pagsunod at lumang kalikasan .",ang,FIL
18112,1126,"Sapagkat ang Aking gawain ay ang gawain ng panlulupig , at nakatutok sa inyong hindi pagsunod at lumang kalikasan .",Aking,FIL
18113,1126,"Sapagkat ang Aking gawain ay ang gawain ng panlulupig , at nakatutok sa inyong hindi pagsunod at lumang kalikasan .",gawain,FIL
18114,1126,"Sapagkat ang Aking gawain ay ang gawain ng panlulupig , at nakatutok sa inyong hindi pagsunod at lumang kalikasan .",ay,FIL
18115,1126,"Sapagkat ang Aking gawain ay ang gawain ng panlulupig , at nakatutok sa inyong hindi pagsunod at lumang kalikasan .",ang,FIL
18116,1126,"Sapagkat ang Aking gawain ay ang gawain ng panlulupig , at nakatutok sa inyong hindi pagsunod at lumang kalikasan .",gawain,FIL
18117,1126,"Sapagkat ang Aking gawain ay ang gawain ng panlulupig , at nakatutok sa inyong hindi pagsunod at lumang kalikasan .",ng,FIL
18118,1126,"Sapagkat ang Aking gawain ay ang gawain ng panlulupig , at nakatutok sa inyong hindi pagsunod at lumang kalikasan .",panlulupig,FIL
18119,1126,"Sapagkat ang Aking gawain ay ang gawain ng panlulupig , at nakatutok sa inyong hindi pagsunod at lumang kalikasan .",",",OTH
18120,1126,"Sapagkat ang Aking gawain ay ang gawain ng panlulupig , at nakatutok sa inyong hindi pagsunod at lumang kalikasan .",at,FIL
18121,1126,"Sapagkat ang Aking gawain ay ang gawain ng panlulupig , at nakatutok sa inyong hindi pagsunod at lumang kalikasan .",nakatutok,FIL
18122,1126,"Sapagkat ang Aking gawain ay ang gawain ng panlulupig , at nakatutok sa inyong hindi pagsunod at lumang kalikasan .",sa,FIL
18123,1126,"Sapagkat ang Aking gawain ay ang gawain ng panlulupig , at nakatutok sa inyong hindi pagsunod at lumang kalikasan .",inyong,FIL
18124,1126,"Sapagkat ang Aking gawain ay ang gawain ng panlulupig , at nakatutok sa inyong hindi pagsunod at lumang kalikasan .",hindi,FIL
18125,1126,"Sapagkat ang Aking gawain ay ang gawain ng panlulupig , at nakatutok sa inyong hindi pagsunod at lumang kalikasan .",pagsunod,FIL
18126,1126,"Sapagkat ang Aking gawain ay ang gawain ng panlulupig , at nakatutok sa inyong hindi pagsunod at lumang kalikasan .",at,FIL
18127,1126,"Sapagkat ang Aking gawain ay ang gawain ng panlulupig , at nakatutok sa inyong hindi pagsunod at lumang kalikasan .",lumang,FIL
18128,1126,"Sapagkat ang Aking gawain ay ang gawain ng panlulupig , at nakatutok sa inyong hindi pagsunod at lumang kalikasan .",kalikasan,FIL
18129,1126,"Sapagkat ang Aking gawain ay ang gawain ng panlulupig , at nakatutok sa inyong hindi pagsunod at lumang kalikasan .",.,OTH
18130,1127,Sa ngayon ay pinagiisipan na ng NDRRMC ang gagawin nilang hakbang para dito .,Sa,FIL
18131,1127,Sa ngayon ay pinagiisipan na ng NDRRMC ang gagawin nilang hakbang para dito .,ngayon,FIL
18132,1127,Sa ngayon ay pinagiisipan na ng NDRRMC ang gagawin nilang hakbang para dito .,ay,FIL
18133,1127,Sa ngayon ay pinagiisipan na ng NDRRMC ang gagawin nilang hakbang para dito .,pinagiisipan,FIL
18134,1127,Sa ngayon ay pinagiisipan na ng NDRRMC ang gagawin nilang hakbang para dito .,na,FIL
18135,1127,Sa ngayon ay pinagiisipan na ng NDRRMC ang gagawin nilang hakbang para dito .,ng,FIL
18136,1127,Sa ngayon ay pinagiisipan na ng NDRRMC ang gagawin nilang hakbang para dito .,NDRRMC,OTH
18137,1127,Sa ngayon ay pinagiisipan na ng NDRRMC ang gagawin nilang hakbang para dito .,ang,FIL
18138,1127,Sa ngayon ay pinagiisipan na ng NDRRMC ang gagawin nilang hakbang para dito .,gagawin,FIL
18139,1127,Sa ngayon ay pinagiisipan na ng NDRRMC ang gagawin nilang hakbang para dito .,nilang,FIL
18140,1127,Sa ngayon ay pinagiisipan na ng NDRRMC ang gagawin nilang hakbang para dito .,hakbang,FIL
18141,1127,Sa ngayon ay pinagiisipan na ng NDRRMC ang gagawin nilang hakbang para dito .,para,FIL
18142,1127,Sa ngayon ay pinagiisipan na ng NDRRMC ang gagawin nilang hakbang para dito .,dito,FIL
18143,1127,Sa ngayon ay pinagiisipan na ng NDRRMC ang gagawin nilang hakbang para dito .,.,OTH
18144,1129,Mag-aaral na ako ng mabuti,Mag-aaral,FIL
18145,1129,Mag-aaral na ako ng mabuti,na,FIL
18146,1129,Mag-aaral na ako ng mabuti,ako,FIL
18147,1129,Mag-aaral na ako ng mabuti,ng,FIL
18148,1129,Mag-aaral na ako ng mabuti,mabuti,FIL
18149,1130,"Nauunawaan , aniya , nila na habang may pandemya ay may karapatan namang magbigay ng babala ang alinmang bansa para sa kanilang mga kababayan .",Nauunawaan,FIL
18150,1130,"Nauunawaan , aniya , nila na habang may pandemya ay may karapatan namang magbigay ng babala ang alinmang bansa para sa kanilang mga kababayan .",",",OTH
18151,1130,"Nauunawaan , aniya , nila na habang may pandemya ay may karapatan namang magbigay ng babala ang alinmang bansa para sa kanilang mga kababayan .",aniya,FIL
18152,1130,"Nauunawaan , aniya , nila na habang may pandemya ay may karapatan namang magbigay ng babala ang alinmang bansa para sa kanilang mga kababayan .",",",OTH
18153,1130,"Nauunawaan , aniya , nila na habang may pandemya ay may karapatan namang magbigay ng babala ang alinmang bansa para sa kanilang mga kababayan .",nila,FIL
18154,1130,"Nauunawaan , aniya , nila na habang may pandemya ay may karapatan namang magbigay ng babala ang alinmang bansa para sa kanilang mga kababayan .",na,FIL
18155,1130,"Nauunawaan , aniya , nila na habang may pandemya ay may karapatan namang magbigay ng babala ang alinmang bansa para sa kanilang mga kababayan .",habang,FIL
18156,1130,"Nauunawaan , aniya , nila na habang may pandemya ay may karapatan namang magbigay ng babala ang alinmang bansa para sa kanilang mga kababayan .",may,FIL
18157,1130,"Nauunawaan , aniya , nila na habang may pandemya ay may karapatan namang magbigay ng babala ang alinmang bansa para sa kanilang mga kababayan .",pandemya,FIL
18158,1130,"Nauunawaan , aniya , nila na habang may pandemya ay may karapatan namang magbigay ng babala ang alinmang bansa para sa kanilang mga kababayan .",ay,FIL
18159,1130,"Nauunawaan , aniya , nila na habang may pandemya ay may karapatan namang magbigay ng babala ang alinmang bansa para sa kanilang mga kababayan .",may,FIL
18160,1130,"Nauunawaan , aniya , nila na habang may pandemya ay may karapatan namang magbigay ng babala ang alinmang bansa para sa kanilang mga kababayan .",karapatan,FIL
18161,1130,"Nauunawaan , aniya , nila na habang may pandemya ay may karapatan namang magbigay ng babala ang alinmang bansa para sa kanilang mga kababayan .",namang,FIL
18162,1130,"Nauunawaan , aniya , nila na habang may pandemya ay may karapatan namang magbigay ng babala ang alinmang bansa para sa kanilang mga kababayan .",magbigay,FIL
18163,1130,"Nauunawaan , aniya , nila na habang may pandemya ay may karapatan namang magbigay ng babala ang alinmang bansa para sa kanilang mga kababayan .",ng,FIL
18164,1130,"Nauunawaan , aniya , nila na habang may pandemya ay may karapatan namang magbigay ng babala ang alinmang bansa para sa kanilang mga kababayan .",babala,FIL
18165,1130,"Nauunawaan , aniya , nila na habang may pandemya ay may karapatan namang magbigay ng babala ang alinmang bansa para sa kanilang mga kababayan .",ang,FIL
18166,1130,"Nauunawaan , aniya , nila na habang may pandemya ay may karapatan namang magbigay ng babala ang alinmang bansa para sa kanilang mga kababayan .",alinmang,FIL
18167,1130,"Nauunawaan , aniya , nila na habang may pandemya ay may karapatan namang magbigay ng babala ang alinmang bansa para sa kanilang mga kababayan .",bansa,FIL
18168,1130,"Nauunawaan , aniya , nila na habang may pandemya ay may karapatan namang magbigay ng babala ang alinmang bansa para sa kanilang mga kababayan .",para,FIL
18169,1130,"Nauunawaan , aniya , nila na habang may pandemya ay may karapatan namang magbigay ng babala ang alinmang bansa para sa kanilang mga kababayan .",sa,FIL
18170,1130,"Nauunawaan , aniya , nila na habang may pandemya ay may karapatan namang magbigay ng babala ang alinmang bansa para sa kanilang mga kababayan .",kanilang,FIL
18171,1130,"Nauunawaan , aniya , nila na habang may pandemya ay may karapatan namang magbigay ng babala ang alinmang bansa para sa kanilang mga kababayan .",mga,FIL
18172,1130,"Nauunawaan , aniya , nila na habang may pandemya ay may karapatan namang magbigay ng babala ang alinmang bansa para sa kanilang mga kababayan .",kababayan,FIL
18173,1130,"Nauunawaan , aniya , nila na habang may pandemya ay may karapatan namang magbigay ng babala ang alinmang bansa para sa kanilang mga kababayan .",.,OTH
18174,1131,Labing-apat na banyagang turista at isang Pinoy crew ng isang yate ang nagpositibo sa COVID-19 sa Palawan .,Labing-apat,FIL
18175,1131,Labing-apat na banyagang turista at isang Pinoy crew ng isang yate ang nagpositibo sa COVID-19 sa Palawan .,na,FIL
18176,1131,Labing-apat na banyagang turista at isang Pinoy crew ng isang yate ang nagpositibo sa COVID-19 sa Palawan .,banyagang,FIL
18177,1131,Labing-apat na banyagang turista at isang Pinoy crew ng isang yate ang nagpositibo sa COVID-19 sa Palawan .,turista,FIL
18178,1131,Labing-apat na banyagang turista at isang Pinoy crew ng isang yate ang nagpositibo sa COVID-19 sa Palawan .,at,FIL
18179,1131,Labing-apat na banyagang turista at isang Pinoy crew ng isang yate ang nagpositibo sa COVID-19 sa Palawan .,isang,FIL
18180,1131,Labing-apat na banyagang turista at isang Pinoy crew ng isang yate ang nagpositibo sa COVID-19 sa Palawan .,Pinoy,FIL
18181,1131,Labing-apat na banyagang turista at isang Pinoy crew ng isang yate ang nagpositibo sa COVID-19 sa Palawan .,crew,FIL
18182,1131,Labing-apat na banyagang turista at isang Pinoy crew ng isang yate ang nagpositibo sa COVID-19 sa Palawan .,ng,FIL
18183,1131,Labing-apat na banyagang turista at isang Pinoy crew ng isang yate ang nagpositibo sa COVID-19 sa Palawan .,isang,FIL
18184,1131,Labing-apat na banyagang turista at isang Pinoy crew ng isang yate ang nagpositibo sa COVID-19 sa Palawan .,yate,FIL
18185,1131,Labing-apat na banyagang turista at isang Pinoy crew ng isang yate ang nagpositibo sa COVID-19 sa Palawan .,ang,FIL
18186,1131,Labing-apat na banyagang turista at isang Pinoy crew ng isang yate ang nagpositibo sa COVID-19 sa Palawan .,nagpositibo,FIL
18187,1131,Labing-apat na banyagang turista at isang Pinoy crew ng isang yate ang nagpositibo sa COVID-19 sa Palawan .,sa,FIL
18188,1131,Labing-apat na banyagang turista at isang Pinoy crew ng isang yate ang nagpositibo sa COVID-19 sa Palawan .,COVID-19,OTH
18189,1131,Labing-apat na banyagang turista at isang Pinoy crew ng isang yate ang nagpositibo sa COVID-19 sa Palawan .,sa,FIL
18190,1131,Labing-apat na banyagang turista at isang Pinoy crew ng isang yate ang nagpositibo sa COVID-19 sa Palawan .,Palawan,OTH
18191,1131,Labing-apat na banyagang turista at isang Pinoy crew ng isang yate ang nagpositibo sa COVID-19 sa Palawan .,.,OTH
18192,1132,Madyafo po skong naapektuhan kung pano pjnatay ang pamangkin ko sana po magkaroon ng katarungan at makaman kung sino pumatsy sa bata,Madyafo,FIL
18193,1132,Madyafo po skong naapektuhan kung pano pjnatay ang pamangkin ko sana po magkaroon ng katarungan at makaman kung sino pumatsy sa bata,po,FIL
18194,1132,Madyafo po skong naapektuhan kung pano pjnatay ang pamangkin ko sana po magkaroon ng katarungan at makaman kung sino pumatsy sa bata,skong,FIL
18195,1132,Madyafo po skong naapektuhan kung pano pjnatay ang pamangkin ko sana po magkaroon ng katarungan at makaman kung sino pumatsy sa bata,naapektuhan,FIL
18196,1132,Madyafo po skong naapektuhan kung pano pjnatay ang pamangkin ko sana po magkaroon ng katarungan at makaman kung sino pumatsy sa bata,kung,FIL
18197,1132,Madyafo po skong naapektuhan kung pano pjnatay ang pamangkin ko sana po magkaroon ng katarungan at makaman kung sino pumatsy sa bata,pano,FIL
18198,1132,Madyafo po skong naapektuhan kung pano pjnatay ang pamangkin ko sana po magkaroon ng katarungan at makaman kung sino pumatsy sa bata,pjnatay,FIL
18199,1132,Madyafo po skong naapektuhan kung pano pjnatay ang pamangkin ko sana po magkaroon ng katarungan at makaman kung sino pumatsy sa bata,ang,FIL
18200,1132,Madyafo po skong naapektuhan kung pano pjnatay ang pamangkin ko sana po magkaroon ng katarungan at makaman kung sino pumatsy sa bata,pamangkin,FIL
18201,1132,Madyafo po skong naapektuhan kung pano pjnatay ang pamangkin ko sana po magkaroon ng katarungan at makaman kung sino pumatsy sa bata,ko,FIL
18202,1132,Madyafo po skong naapektuhan kung pano pjnatay ang pamangkin ko sana po magkaroon ng katarungan at makaman kung sino pumatsy sa bata,sana,FIL
18203,1132,Madyafo po skong naapektuhan kung pano pjnatay ang pamangkin ko sana po magkaroon ng katarungan at makaman kung sino pumatsy sa bata,po,FIL
18204,1132,Madyafo po skong naapektuhan kung pano pjnatay ang pamangkin ko sana po magkaroon ng katarungan at makaman kung sino pumatsy sa bata,magkaroon,FIL
18205,1132,Madyafo po skong naapektuhan kung pano pjnatay ang pamangkin ko sana po magkaroon ng katarungan at makaman kung sino pumatsy sa bata,ng,FIL
18206,1132,Madyafo po skong naapektuhan kung pano pjnatay ang pamangkin ko sana po magkaroon ng katarungan at makaman kung sino pumatsy sa bata,katarungan,FIL
18207,1132,Madyafo po skong naapektuhan kung pano pjnatay ang pamangkin ko sana po magkaroon ng katarungan at makaman kung sino pumatsy sa bata,at,FIL
18208,1132,Madyafo po skong naapektuhan kung pano pjnatay ang pamangkin ko sana po magkaroon ng katarungan at makaman kung sino pumatsy sa bata,makaman,FIL
18209,1132,Madyafo po skong naapektuhan kung pano pjnatay ang pamangkin ko sana po magkaroon ng katarungan at makaman kung sino pumatsy sa bata,kung,FIL
18210,1132,Madyafo po skong naapektuhan kung pano pjnatay ang pamangkin ko sana po magkaroon ng katarungan at makaman kung sino pumatsy sa bata,sino,FIL
18211,1132,Madyafo po skong naapektuhan kung pano pjnatay ang pamangkin ko sana po magkaroon ng katarungan at makaman kung sino pumatsy sa bata,pumatsy,FIL
18212,1132,Madyafo po skong naapektuhan kung pano pjnatay ang pamangkin ko sana po magkaroon ng katarungan at makaman kung sino pumatsy sa bata,sa,FIL
18213,1132,Madyafo po skong naapektuhan kung pano pjnatay ang pamangkin ko sana po magkaroon ng katarungan at makaman kung sino pumatsy sa bata,bata,FIL
18214,1134,sasama na ako kay Papa Jesus pag may bagsak akong grade,sasama,FIL
18215,1134,sasama na ako kay Papa Jesus pag may bagsak akong grade,na,FIL
18216,1134,sasama na ako kay Papa Jesus pag may bagsak akong grade,ako,FIL
18217,1134,sasama na ako kay Papa Jesus pag may bagsak akong grade,kay,FIL
18218,1134,sasama na ako kay Papa Jesus pag may bagsak akong grade,Papa,FIL
18219,1134,sasama na ako kay Papa Jesus pag may bagsak akong grade,Jesus,FIL
18220,1134,sasama na ako kay Papa Jesus pag may bagsak akong grade,pag,FIL
18221,1134,sasama na ako kay Papa Jesus pag may bagsak akong grade,may,FIL
18222,1134,sasama na ako kay Papa Jesus pag may bagsak akong grade,bagsak,FIL
18223,1134,sasama na ako kay Papa Jesus pag may bagsak akong grade,akong,FIL
18224,1134,sasama na ako kay Papa Jesus pag may bagsak akong grade,grade,FIL
18225,1135,Ilang personalidad kabilang na ang human rights lawyer na si Atty Chel Diokno ang nagpahayag ng pagtutol sa nominasyon ni Roque sa international body .,Ilang,FIL
18226,1135,Ilang personalidad kabilang na ang human rights lawyer na si Atty Chel Diokno ang nagpahayag ng pagtutol sa nominasyon ni Roque sa international body .,personalidad,FIL
18227,1135,Ilang personalidad kabilang na ang human rights lawyer na si Atty Chel Diokno ang nagpahayag ng pagtutol sa nominasyon ni Roque sa international body .,kabilang,FIL
18228,1135,Ilang personalidad kabilang na ang human rights lawyer na si Atty Chel Diokno ang nagpahayag ng pagtutol sa nominasyon ni Roque sa international body .,na,FIL
18229,1135,Ilang personalidad kabilang na ang human rights lawyer na si Atty Chel Diokno ang nagpahayag ng pagtutol sa nominasyon ni Roque sa international body .,ang,FIL
18230,1135,Ilang personalidad kabilang na ang human rights lawyer na si Atty Chel Diokno ang nagpahayag ng pagtutol sa nominasyon ni Roque sa international body .,human,ENG
18231,1135,Ilang personalidad kabilang na ang human rights lawyer na si Atty Chel Diokno ang nagpahayag ng pagtutol sa nominasyon ni Roque sa international body .,rights,ENG
18232,1135,Ilang personalidad kabilang na ang human rights lawyer na si Atty Chel Diokno ang nagpahayag ng pagtutol sa nominasyon ni Roque sa international body .,lawyer,ENG
18233,1135,Ilang personalidad kabilang na ang human rights lawyer na si Atty Chel Diokno ang nagpahayag ng pagtutol sa nominasyon ni Roque sa international body .,na,FIL
18234,1135,Ilang personalidad kabilang na ang human rights lawyer na si Atty Chel Diokno ang nagpahayag ng pagtutol sa nominasyon ni Roque sa international body .,si,FIL
18235,1135,Ilang personalidad kabilang na ang human rights lawyer na si Atty Chel Diokno ang nagpahayag ng pagtutol sa nominasyon ni Roque sa international body .,Atty,OTH
18236,1135,Ilang personalidad kabilang na ang human rights lawyer na si Atty Chel Diokno ang nagpahayag ng pagtutol sa nominasyon ni Roque sa international body .,Chel,OTH
18237,1135,Ilang personalidad kabilang na ang human rights lawyer na si Atty Chel Diokno ang nagpahayag ng pagtutol sa nominasyon ni Roque sa international body .,Diokno,OTH
18238,1135,Ilang personalidad kabilang na ang human rights lawyer na si Atty Chel Diokno ang nagpahayag ng pagtutol sa nominasyon ni Roque sa international body .,ang,FIL
18239,1135,Ilang personalidad kabilang na ang human rights lawyer na si Atty Chel Diokno ang nagpahayag ng pagtutol sa nominasyon ni Roque sa international body .,nagpahayag,FIL
18240,1135,Ilang personalidad kabilang na ang human rights lawyer na si Atty Chel Diokno ang nagpahayag ng pagtutol sa nominasyon ni Roque sa international body .,ng,FIL
18241,1135,Ilang personalidad kabilang na ang human rights lawyer na si Atty Chel Diokno ang nagpahayag ng pagtutol sa nominasyon ni Roque sa international body .,pagtutol,FIL
18242,1135,Ilang personalidad kabilang na ang human rights lawyer na si Atty Chel Diokno ang nagpahayag ng pagtutol sa nominasyon ni Roque sa international body .,sa,FIL
18243,1135,Ilang personalidad kabilang na ang human rights lawyer na si Atty Chel Diokno ang nagpahayag ng pagtutol sa nominasyon ni Roque sa international body .,nominasyon,FIL
18244,1135,Ilang personalidad kabilang na ang human rights lawyer na si Atty Chel Diokno ang nagpahayag ng pagtutol sa nominasyon ni Roque sa international body .,ni,FIL
18245,1135,Ilang personalidad kabilang na ang human rights lawyer na si Atty Chel Diokno ang nagpahayag ng pagtutol sa nominasyon ni Roque sa international body .,Roque,OTH
18246,1135,Ilang personalidad kabilang na ang human rights lawyer na si Atty Chel Diokno ang nagpahayag ng pagtutol sa nominasyon ni Roque sa international body .,sa,FIL
18247,1135,Ilang personalidad kabilang na ang human rights lawyer na si Atty Chel Diokno ang nagpahayag ng pagtutol sa nominasyon ni Roque sa international body .,international,ENG
18248,1135,Ilang personalidad kabilang na ang human rights lawyer na si Atty Chel Diokno ang nagpahayag ng pagtutol sa nominasyon ni Roque sa international body .,body,ENG
18249,1135,Ilang personalidad kabilang na ang human rights lawyer na si Atty Chel Diokno ang nagpahayag ng pagtutol sa nominasyon ni Roque sa international body .,.,OTH
18250,1136,Oh my God mga gold digger ang naka black,Oh,ENG
18251,1136,Oh my God mga gold digger ang naka black,my,ENG
18252,1136,Oh my God mga gold digger ang naka black,God,ENG
18253,1136,Oh my God mga gold digger ang naka black,mga,FIL
18254,1136,Oh my God mga gold digger ang naka black,gold,ENG
18255,1136,Oh my God mga gold digger ang naka black,digger,ENG
18256,1136,Oh my God mga gold digger ang naka black,ang,FIL
18257,1136,Oh my God mga gold digger ang naka black,naka,FIL
18258,1136,Oh my God mga gold digger ang naka black,black,ENG
18259,1137,Pangit ang Finals konti manonood .,Pangit,FIL
18260,1137,Pangit ang Finals konti manonood .,ang,FIL
18261,1137,Pangit ang Finals konti manonood .,Finals,ENG
18262,1137,Pangit ang Finals konti manonood .,konti,FIL
18263,1137,Pangit ang Finals konti manonood .,manonood,FIL
18264,1137,Pangit ang Finals konti manonood .,.,OTH
18265,1138,"Hindi man lang binigyan yung bata ng konting regalo , laki ng kita ninyo magkakapatid sa YouTube eh !",Hindi,FIL
18266,1138,"Hindi man lang binigyan yung bata ng konting regalo , laki ng kita ninyo magkakapatid sa YouTube eh !",man,FIL
18267,1138,"Hindi man lang binigyan yung bata ng konting regalo , laki ng kita ninyo magkakapatid sa YouTube eh !",lang,FIL
18268,1138,"Hindi man lang binigyan yung bata ng konting regalo , laki ng kita ninyo magkakapatid sa YouTube eh !",binigyan,FIL
18269,1138,"Hindi man lang binigyan yung bata ng konting regalo , laki ng kita ninyo magkakapatid sa YouTube eh !",yung,FIL
18270,1138,"Hindi man lang binigyan yung bata ng konting regalo , laki ng kita ninyo magkakapatid sa YouTube eh !",bata,FIL
18271,1138,"Hindi man lang binigyan yung bata ng konting regalo , laki ng kita ninyo magkakapatid sa YouTube eh !",ng,FIL
18272,1138,"Hindi man lang binigyan yung bata ng konting regalo , laki ng kita ninyo magkakapatid sa YouTube eh !",konting,FIL
18273,1138,"Hindi man lang binigyan yung bata ng konting regalo , laki ng kita ninyo magkakapatid sa YouTube eh !",regalo,FIL
18274,1138,"Hindi man lang binigyan yung bata ng konting regalo , laki ng kita ninyo magkakapatid sa YouTube eh !",",",OTH
18275,1138,"Hindi man lang binigyan yung bata ng konting regalo , laki ng kita ninyo magkakapatid sa YouTube eh !",laki,FIL
18276,1138,"Hindi man lang binigyan yung bata ng konting regalo , laki ng kita ninyo magkakapatid sa YouTube eh !",ng,FIL
18277,1138,"Hindi man lang binigyan yung bata ng konting regalo , laki ng kita ninyo magkakapatid sa YouTube eh !",kita,FIL
18278,1138,"Hindi man lang binigyan yung bata ng konting regalo , laki ng kita ninyo magkakapatid sa YouTube eh !",ninyo,FIL
18279,1138,"Hindi man lang binigyan yung bata ng konting regalo , laki ng kita ninyo magkakapatid sa YouTube eh !",magkakapatid,FIL
18280,1138,"Hindi man lang binigyan yung bata ng konting regalo , laki ng kita ninyo magkakapatid sa YouTube eh !",sa,FIL
18281,1138,"Hindi man lang binigyan yung bata ng konting regalo , laki ng kita ninyo magkakapatid sa YouTube eh !",YouTube,OTH
18282,1138,"Hindi man lang binigyan yung bata ng konting regalo , laki ng kita ninyo magkakapatid sa YouTube eh !",eh,OTH
18283,1138,"Hindi man lang binigyan yung bata ng konting regalo , laki ng kita ninyo magkakapatid sa YouTube eh !",!,OTH
18284,1139,Eto dapat pinapanuod ng mga kabataan ngayon eh .,Eto,FIL
18285,1139,Eto dapat pinapanuod ng mga kabataan ngayon eh .,dapat,FIL
18286,1139,Eto dapat pinapanuod ng mga kabataan ngayon eh .,pinapanuod,FIL
18287,1139,Eto dapat pinapanuod ng mga kabataan ngayon eh .,ng,FIL
18288,1139,Eto dapat pinapanuod ng mga kabataan ngayon eh .,mga,FIL
18289,1139,Eto dapat pinapanuod ng mga kabataan ngayon eh .,kabataan,FIL
18290,1139,Eto dapat pinapanuod ng mga kabataan ngayon eh .,ngayon,FIL
18291,1139,Eto dapat pinapanuod ng mga kabataan ngayon eh .,eh,OTH
18292,1139,Eto dapat pinapanuod ng mga kabataan ngayon eh .,.,OTH
18293,1140,Siya manalo pag papasok siya,Siya,FIL
18294,1140,Siya manalo pag papasok siya,manalo,FIL
18295,1140,Siya manalo pag papasok siya,pag,FIL
18296,1140,Siya manalo pag papasok siya,papasok,FIL
18297,1140,Siya manalo pag papasok siya,siya,FIL
18298,1141,"Nagguilty ako , hindi ko matulungan sa module .",Nagguilty,CS
18299,1141,"Nagguilty ako , hindi ko matulungan sa module .",ako,FIL
18300,1141,"Nagguilty ako , hindi ko matulungan sa module .",",",OTH
18301,1141,"Nagguilty ako , hindi ko matulungan sa module .",hindi,FIL
18302,1141,"Nagguilty ako , hindi ko matulungan sa module .",ko,FIL
18303,1141,"Nagguilty ako , hindi ko matulungan sa module .",matulungan,FIL
18304,1141,"Nagguilty ako , hindi ko matulungan sa module .",sa,FIL
18305,1141,"Nagguilty ako , hindi ko matulungan sa module .",module,ENG
18306,1141,"Nagguilty ako , hindi ko matulungan sa module .",.,OTH
18307,1142,Sana dumami pa kayo sa hanay nyo Teacher Annie dahil nagampanan nyo ang responsibilidad sa kapwa sa naisip na paraan !,Sana,FIL
18308,1142,Sana dumami pa kayo sa hanay nyo Teacher Annie dahil nagampanan nyo ang responsibilidad sa kapwa sa naisip na paraan !,dumami,FIL
18309,1142,Sana dumami pa kayo sa hanay nyo Teacher Annie dahil nagampanan nyo ang responsibilidad sa kapwa sa naisip na paraan !,pa,FIL
18310,1142,Sana dumami pa kayo sa hanay nyo Teacher Annie dahil nagampanan nyo ang responsibilidad sa kapwa sa naisip na paraan !,kayo,FIL
18311,1142,Sana dumami pa kayo sa hanay nyo Teacher Annie dahil nagampanan nyo ang responsibilidad sa kapwa sa naisip na paraan !,sa,FIL
18312,1142,Sana dumami pa kayo sa hanay nyo Teacher Annie dahil nagampanan nyo ang responsibilidad sa kapwa sa naisip na paraan !,hanay,FIL
18313,1142,Sana dumami pa kayo sa hanay nyo Teacher Annie dahil nagampanan nyo ang responsibilidad sa kapwa sa naisip na paraan !,nyo,FIL
18314,1142,Sana dumami pa kayo sa hanay nyo Teacher Annie dahil nagampanan nyo ang responsibilidad sa kapwa sa naisip na paraan !,Teacher,ENG
18315,1142,Sana dumami pa kayo sa hanay nyo Teacher Annie dahil nagampanan nyo ang responsibilidad sa kapwa sa naisip na paraan !,Annie,OTH
18316,1142,Sana dumami pa kayo sa hanay nyo Teacher Annie dahil nagampanan nyo ang responsibilidad sa kapwa sa naisip na paraan !,dahil,FIL
18317,1142,Sana dumami pa kayo sa hanay nyo Teacher Annie dahil nagampanan nyo ang responsibilidad sa kapwa sa naisip na paraan !,nagampanan,FIL
18318,1142,Sana dumami pa kayo sa hanay nyo Teacher Annie dahil nagampanan nyo ang responsibilidad sa kapwa sa naisip na paraan !,nyo,FIL
18319,1142,Sana dumami pa kayo sa hanay nyo Teacher Annie dahil nagampanan nyo ang responsibilidad sa kapwa sa naisip na paraan !,ang,FIL
18320,1142,Sana dumami pa kayo sa hanay nyo Teacher Annie dahil nagampanan nyo ang responsibilidad sa kapwa sa naisip na paraan !,responsibilidad,FIL
18321,1142,Sana dumami pa kayo sa hanay nyo Teacher Annie dahil nagampanan nyo ang responsibilidad sa kapwa sa naisip na paraan !,sa,FIL
18322,1142,Sana dumami pa kayo sa hanay nyo Teacher Annie dahil nagampanan nyo ang responsibilidad sa kapwa sa naisip na paraan !,kapwa,FIL
18323,1142,Sana dumami pa kayo sa hanay nyo Teacher Annie dahil nagampanan nyo ang responsibilidad sa kapwa sa naisip na paraan !,sa,FIL
18324,1142,Sana dumami pa kayo sa hanay nyo Teacher Annie dahil nagampanan nyo ang responsibilidad sa kapwa sa naisip na paraan !,naisip,FIL
18325,1142,Sana dumami pa kayo sa hanay nyo Teacher Annie dahil nagampanan nyo ang responsibilidad sa kapwa sa naisip na paraan !,na,FIL
18326,1142,Sana dumami pa kayo sa hanay nyo Teacher Annie dahil nagampanan nyo ang responsibilidad sa kapwa sa naisip na paraan !,paraan,FIL
18327,1142,Sana dumami pa kayo sa hanay nyo Teacher Annie dahil nagampanan nyo ang responsibilidad sa kapwa sa naisip na paraan !,!,OTH
18328,1143,Jusko be ang galing nia magtanggal ng inis ko dahil sa alien nia,Jusko,FIL
18329,1143,Jusko be ang galing nia magtanggal ng inis ko dahil sa alien nia,be,FIL
18330,1143,Jusko be ang galing nia magtanggal ng inis ko dahil sa alien nia,ang,FIL
18331,1143,Jusko be ang galing nia magtanggal ng inis ko dahil sa alien nia,galing,FIL
18332,1143,Jusko be ang galing nia magtanggal ng inis ko dahil sa alien nia,nia,FIL
18333,1143,Jusko be ang galing nia magtanggal ng inis ko dahil sa alien nia,magtanggal,FIL
18334,1143,Jusko be ang galing nia magtanggal ng inis ko dahil sa alien nia,ng,FIL
18335,1143,Jusko be ang galing nia magtanggal ng inis ko dahil sa alien nia,inis,FIL
18336,1143,Jusko be ang galing nia magtanggal ng inis ko dahil sa alien nia,ko,FIL
18337,1143,Jusko be ang galing nia magtanggal ng inis ko dahil sa alien nia,dahil,FIL
18338,1143,Jusko be ang galing nia magtanggal ng inis ko dahil sa alien nia,sa,FIL
18339,1143,Jusko be ang galing nia magtanggal ng inis ko dahil sa alien nia,alien,ENG
18340,1143,Jusko be ang galing nia magtanggal ng inis ko dahil sa alien nia,nia,FIL
18341,1144,Sa nasabi ring interview nabanggit ni Juday na ramdam niyang parang may kulang sa buhay niya noon hanggang sa dumating nga si Ryan sa buhay niya .,Sa,FIL
18342,1144,Sa nasabi ring interview nabanggit ni Juday na ramdam niyang parang may kulang sa buhay niya noon hanggang sa dumating nga si Ryan sa buhay niya .,nasabi,FIL
18343,1144,Sa nasabi ring interview nabanggit ni Juday na ramdam niyang parang may kulang sa buhay niya noon hanggang sa dumating nga si Ryan sa buhay niya .,ring,FIL
18344,1144,Sa nasabi ring interview nabanggit ni Juday na ramdam niyang parang may kulang sa buhay niya noon hanggang sa dumating nga si Ryan sa buhay niya .,interview,ENG
18345,1144,Sa nasabi ring interview nabanggit ni Juday na ramdam niyang parang may kulang sa buhay niya noon hanggang sa dumating nga si Ryan sa buhay niya .,nabanggit,FIL
18346,1144,Sa nasabi ring interview nabanggit ni Juday na ramdam niyang parang may kulang sa buhay niya noon hanggang sa dumating nga si Ryan sa buhay niya .,ni,FIL
18347,1144,Sa nasabi ring interview nabanggit ni Juday na ramdam niyang parang may kulang sa buhay niya noon hanggang sa dumating nga si Ryan sa buhay niya .,Juday,OTH
18348,1144,Sa nasabi ring interview nabanggit ni Juday na ramdam niyang parang may kulang sa buhay niya noon hanggang sa dumating nga si Ryan sa buhay niya .,na,FIL
18349,1144,Sa nasabi ring interview nabanggit ni Juday na ramdam niyang parang may kulang sa buhay niya noon hanggang sa dumating nga si Ryan sa buhay niya .,ramdam,FIL
18350,1144,Sa nasabi ring interview nabanggit ni Juday na ramdam niyang parang may kulang sa buhay niya noon hanggang sa dumating nga si Ryan sa buhay niya .,niyang,FIL
18351,1144,Sa nasabi ring interview nabanggit ni Juday na ramdam niyang parang may kulang sa buhay niya noon hanggang sa dumating nga si Ryan sa buhay niya .,parang,FIL
18352,1144,Sa nasabi ring interview nabanggit ni Juday na ramdam niyang parang may kulang sa buhay niya noon hanggang sa dumating nga si Ryan sa buhay niya .,may,FIL
18353,1144,Sa nasabi ring interview nabanggit ni Juday na ramdam niyang parang may kulang sa buhay niya noon hanggang sa dumating nga si Ryan sa buhay niya .,kulang,FIL
18354,1144,Sa nasabi ring interview nabanggit ni Juday na ramdam niyang parang may kulang sa buhay niya noon hanggang sa dumating nga si Ryan sa buhay niya .,sa,FIL
18355,1144,Sa nasabi ring interview nabanggit ni Juday na ramdam niyang parang may kulang sa buhay niya noon hanggang sa dumating nga si Ryan sa buhay niya .,buhay,FIL
18356,1144,Sa nasabi ring interview nabanggit ni Juday na ramdam niyang parang may kulang sa buhay niya noon hanggang sa dumating nga si Ryan sa buhay niya .,niya,FIL
18357,1144,Sa nasabi ring interview nabanggit ni Juday na ramdam niyang parang may kulang sa buhay niya noon hanggang sa dumating nga si Ryan sa buhay niya .,noon,FIL
18358,1144,Sa nasabi ring interview nabanggit ni Juday na ramdam niyang parang may kulang sa buhay niya noon hanggang sa dumating nga si Ryan sa buhay niya .,hanggang,FIL
18359,1144,Sa nasabi ring interview nabanggit ni Juday na ramdam niyang parang may kulang sa buhay niya noon hanggang sa dumating nga si Ryan sa buhay niya .,sa,FIL
18360,1144,Sa nasabi ring interview nabanggit ni Juday na ramdam niyang parang may kulang sa buhay niya noon hanggang sa dumating nga si Ryan sa buhay niya .,dumating,FIL
18361,1144,Sa nasabi ring interview nabanggit ni Juday na ramdam niyang parang may kulang sa buhay niya noon hanggang sa dumating nga si Ryan sa buhay niya .,nga,FIL
18362,1144,Sa nasabi ring interview nabanggit ni Juday na ramdam niyang parang may kulang sa buhay niya noon hanggang sa dumating nga si Ryan sa buhay niya .,si,FIL
18363,1144,Sa nasabi ring interview nabanggit ni Juday na ramdam niyang parang may kulang sa buhay niya noon hanggang sa dumating nga si Ryan sa buhay niya .,Ryan,OTH
18364,1144,Sa nasabi ring interview nabanggit ni Juday na ramdam niyang parang may kulang sa buhay niya noon hanggang sa dumating nga si Ryan sa buhay niya .,sa,FIL
18365,1144,Sa nasabi ring interview nabanggit ni Juday na ramdam niyang parang may kulang sa buhay niya noon hanggang sa dumating nga si Ryan sa buhay niya .,buhay,FIL
18366,1144,Sa nasabi ring interview nabanggit ni Juday na ramdam niyang parang may kulang sa buhay niya noon hanggang sa dumating nga si Ryan sa buhay niya .,niya,FIL
18367,1144,Sa nasabi ring interview nabanggit ni Juday na ramdam niyang parang may kulang sa buhay niya noon hanggang sa dumating nga si Ryan sa buhay niya .,.,OTH
18368,1145,"Pagkatapos na nilikha ng Diyos ang sangkatauhan at binigyan sila ng mga espiritu , iniutos Niya sa kanila na kung hindi sila tatawag sa Diyos , kung gayon hindi sila makakaugnay sa Kanyang Espiritu at kaya hindi matatanggap sa daigdig ang telebisyong satelayt mula sa langit .",Pagkatapos,FIL
18369,1145,"Pagkatapos na nilikha ng Diyos ang sangkatauhan at binigyan sila ng mga espiritu , iniutos Niya sa kanila na kung hindi sila tatawag sa Diyos , kung gayon hindi sila makakaugnay sa Kanyang Espiritu at kaya hindi matatanggap sa daigdig ang telebisyong satelayt mula sa langit .",na,FIL
18370,1145,"Pagkatapos na nilikha ng Diyos ang sangkatauhan at binigyan sila ng mga espiritu , iniutos Niya sa kanila na kung hindi sila tatawag sa Diyos , kung gayon hindi sila makakaugnay sa Kanyang Espiritu at kaya hindi matatanggap sa daigdig ang telebisyong satelayt mula sa langit .",nilikha,FIL
18371,1145,"Pagkatapos na nilikha ng Diyos ang sangkatauhan at binigyan sila ng mga espiritu , iniutos Niya sa kanila na kung hindi sila tatawag sa Diyos , kung gayon hindi sila makakaugnay sa Kanyang Espiritu at kaya hindi matatanggap sa daigdig ang telebisyong satelayt mula sa langit .",ng,FIL
18372,1145,"Pagkatapos na nilikha ng Diyos ang sangkatauhan at binigyan sila ng mga espiritu , iniutos Niya sa kanila na kung hindi sila tatawag sa Diyos , kung gayon hindi sila makakaugnay sa Kanyang Espiritu at kaya hindi matatanggap sa daigdig ang telebisyong satelayt mula sa langit .",Diyos,FIL
18373,1145,"Pagkatapos na nilikha ng Diyos ang sangkatauhan at binigyan sila ng mga espiritu , iniutos Niya sa kanila na kung hindi sila tatawag sa Diyos , kung gayon hindi sila makakaugnay sa Kanyang Espiritu at kaya hindi matatanggap sa daigdig ang telebisyong satelayt mula sa langit .",ang,FIL
18374,1145,"Pagkatapos na nilikha ng Diyos ang sangkatauhan at binigyan sila ng mga espiritu , iniutos Niya sa kanila na kung hindi sila tatawag sa Diyos , kung gayon hindi sila makakaugnay sa Kanyang Espiritu at kaya hindi matatanggap sa daigdig ang telebisyong satelayt mula sa langit .",sangkatauhan,FIL
18375,1145,"Pagkatapos na nilikha ng Diyos ang sangkatauhan at binigyan sila ng mga espiritu , iniutos Niya sa kanila na kung hindi sila tatawag sa Diyos , kung gayon hindi sila makakaugnay sa Kanyang Espiritu at kaya hindi matatanggap sa daigdig ang telebisyong satelayt mula sa langit .",at,FIL
18376,1145,"Pagkatapos na nilikha ng Diyos ang sangkatauhan at binigyan sila ng mga espiritu , iniutos Niya sa kanila na kung hindi sila tatawag sa Diyos , kung gayon hindi sila makakaugnay sa Kanyang Espiritu at kaya hindi matatanggap sa daigdig ang telebisyong satelayt mula sa langit .",binigyan,FIL
18377,1145,"Pagkatapos na nilikha ng Diyos ang sangkatauhan at binigyan sila ng mga espiritu , iniutos Niya sa kanila na kung hindi sila tatawag sa Diyos , kung gayon hindi sila makakaugnay sa Kanyang Espiritu at kaya hindi matatanggap sa daigdig ang telebisyong satelayt mula sa langit .",sila,FIL
18378,1145,"Pagkatapos na nilikha ng Diyos ang sangkatauhan at binigyan sila ng mga espiritu , iniutos Niya sa kanila na kung hindi sila tatawag sa Diyos , kung gayon hindi sila makakaugnay sa Kanyang Espiritu at kaya hindi matatanggap sa daigdig ang telebisyong satelayt mula sa langit .",ng,FIL
18379,1145,"Pagkatapos na nilikha ng Diyos ang sangkatauhan at binigyan sila ng mga espiritu , iniutos Niya sa kanila na kung hindi sila tatawag sa Diyos , kung gayon hindi sila makakaugnay sa Kanyang Espiritu at kaya hindi matatanggap sa daigdig ang telebisyong satelayt mula sa langit .",mga,FIL
18380,1145,"Pagkatapos na nilikha ng Diyos ang sangkatauhan at binigyan sila ng mga espiritu , iniutos Niya sa kanila na kung hindi sila tatawag sa Diyos , kung gayon hindi sila makakaugnay sa Kanyang Espiritu at kaya hindi matatanggap sa daigdig ang telebisyong satelayt mula sa langit .",espiritu,FIL
18381,1145,"Pagkatapos na nilikha ng Diyos ang sangkatauhan at binigyan sila ng mga espiritu , iniutos Niya sa kanila na kung hindi sila tatawag sa Diyos , kung gayon hindi sila makakaugnay sa Kanyang Espiritu at kaya hindi matatanggap sa daigdig ang telebisyong satelayt mula sa langit .",",",OTH
18382,1145,"Pagkatapos na nilikha ng Diyos ang sangkatauhan at binigyan sila ng mga espiritu , iniutos Niya sa kanila na kung hindi sila tatawag sa Diyos , kung gayon hindi sila makakaugnay sa Kanyang Espiritu at kaya hindi matatanggap sa daigdig ang telebisyong satelayt mula sa langit .",iniutos,FIL
18383,1145,"Pagkatapos na nilikha ng Diyos ang sangkatauhan at binigyan sila ng mga espiritu , iniutos Niya sa kanila na kung hindi sila tatawag sa Diyos , kung gayon hindi sila makakaugnay sa Kanyang Espiritu at kaya hindi matatanggap sa daigdig ang telebisyong satelayt mula sa langit .",Niya,FIL
18384,1145,"Pagkatapos na nilikha ng Diyos ang sangkatauhan at binigyan sila ng mga espiritu , iniutos Niya sa kanila na kung hindi sila tatawag sa Diyos , kung gayon hindi sila makakaugnay sa Kanyang Espiritu at kaya hindi matatanggap sa daigdig ang telebisyong satelayt mula sa langit .",sa,FIL
18385,1145,"Pagkatapos na nilikha ng Diyos ang sangkatauhan at binigyan sila ng mga espiritu , iniutos Niya sa kanila na kung hindi sila tatawag sa Diyos , kung gayon hindi sila makakaugnay sa Kanyang Espiritu at kaya hindi matatanggap sa daigdig ang telebisyong satelayt mula sa langit .",kanila,FIL
18386,1145,"Pagkatapos na nilikha ng Diyos ang sangkatauhan at binigyan sila ng mga espiritu , iniutos Niya sa kanila na kung hindi sila tatawag sa Diyos , kung gayon hindi sila makakaugnay sa Kanyang Espiritu at kaya hindi matatanggap sa daigdig ang telebisyong satelayt mula sa langit .",na,FIL
18387,1145,"Pagkatapos na nilikha ng Diyos ang sangkatauhan at binigyan sila ng mga espiritu , iniutos Niya sa kanila na kung hindi sila tatawag sa Diyos , kung gayon hindi sila makakaugnay sa Kanyang Espiritu at kaya hindi matatanggap sa daigdig ang telebisyong satelayt mula sa langit .",kung,FIL
18388,1145,"Pagkatapos na nilikha ng Diyos ang sangkatauhan at binigyan sila ng mga espiritu , iniutos Niya sa kanila na kung hindi sila tatawag sa Diyos , kung gayon hindi sila makakaugnay sa Kanyang Espiritu at kaya hindi matatanggap sa daigdig ang telebisyong satelayt mula sa langit .",hindi,FIL
18389,1145,"Pagkatapos na nilikha ng Diyos ang sangkatauhan at binigyan sila ng mga espiritu , iniutos Niya sa kanila na kung hindi sila tatawag sa Diyos , kung gayon hindi sila makakaugnay sa Kanyang Espiritu at kaya hindi matatanggap sa daigdig ang telebisyong satelayt mula sa langit .",sila,FIL
18390,1145,"Pagkatapos na nilikha ng Diyos ang sangkatauhan at binigyan sila ng mga espiritu , iniutos Niya sa kanila na kung hindi sila tatawag sa Diyos , kung gayon hindi sila makakaugnay sa Kanyang Espiritu at kaya hindi matatanggap sa daigdig ang telebisyong satelayt mula sa langit .",tatawag,FIL
18391,1145,"Pagkatapos na nilikha ng Diyos ang sangkatauhan at binigyan sila ng mga espiritu , iniutos Niya sa kanila na kung hindi sila tatawag sa Diyos , kung gayon hindi sila makakaugnay sa Kanyang Espiritu at kaya hindi matatanggap sa daigdig ang telebisyong satelayt mula sa langit .",sa,FIL
18392,1145,"Pagkatapos na nilikha ng Diyos ang sangkatauhan at binigyan sila ng mga espiritu , iniutos Niya sa kanila na kung hindi sila tatawag sa Diyos , kung gayon hindi sila makakaugnay sa Kanyang Espiritu at kaya hindi matatanggap sa daigdig ang telebisyong satelayt mula sa langit .",Diyos,FIL
18393,1145,"Pagkatapos na nilikha ng Diyos ang sangkatauhan at binigyan sila ng mga espiritu , iniutos Niya sa kanila na kung hindi sila tatawag sa Diyos , kung gayon hindi sila makakaugnay sa Kanyang Espiritu at kaya hindi matatanggap sa daigdig ang telebisyong satelayt mula sa langit .",",",OTH
18394,1145,"Pagkatapos na nilikha ng Diyos ang sangkatauhan at binigyan sila ng mga espiritu , iniutos Niya sa kanila na kung hindi sila tatawag sa Diyos , kung gayon hindi sila makakaugnay sa Kanyang Espiritu at kaya hindi matatanggap sa daigdig ang telebisyong satelayt mula sa langit .",kung,FIL
18395,1145,"Pagkatapos na nilikha ng Diyos ang sangkatauhan at binigyan sila ng mga espiritu , iniutos Niya sa kanila na kung hindi sila tatawag sa Diyos , kung gayon hindi sila makakaugnay sa Kanyang Espiritu at kaya hindi matatanggap sa daigdig ang telebisyong satelayt mula sa langit .",gayon,FIL
18396,1145,"Pagkatapos na nilikha ng Diyos ang sangkatauhan at binigyan sila ng mga espiritu , iniutos Niya sa kanila na kung hindi sila tatawag sa Diyos , kung gayon hindi sila makakaugnay sa Kanyang Espiritu at kaya hindi matatanggap sa daigdig ang telebisyong satelayt mula sa langit .",hindi,FIL
18397,1145,"Pagkatapos na nilikha ng Diyos ang sangkatauhan at binigyan sila ng mga espiritu , iniutos Niya sa kanila na kung hindi sila tatawag sa Diyos , kung gayon hindi sila makakaugnay sa Kanyang Espiritu at kaya hindi matatanggap sa daigdig ang telebisyong satelayt mula sa langit .",sila,FIL
18398,1145,"Pagkatapos na nilikha ng Diyos ang sangkatauhan at binigyan sila ng mga espiritu , iniutos Niya sa kanila na kung hindi sila tatawag sa Diyos , kung gayon hindi sila makakaugnay sa Kanyang Espiritu at kaya hindi matatanggap sa daigdig ang telebisyong satelayt mula sa langit .",makakaugnay,FIL
18399,1145,"Pagkatapos na nilikha ng Diyos ang sangkatauhan at binigyan sila ng mga espiritu , iniutos Niya sa kanila na kung hindi sila tatawag sa Diyos , kung gayon hindi sila makakaugnay sa Kanyang Espiritu at kaya hindi matatanggap sa daigdig ang telebisyong satelayt mula sa langit .",sa,FIL
18400,1145,"Pagkatapos na nilikha ng Diyos ang sangkatauhan at binigyan sila ng mga espiritu , iniutos Niya sa kanila na kung hindi sila tatawag sa Diyos , kung gayon hindi sila makakaugnay sa Kanyang Espiritu at kaya hindi matatanggap sa daigdig ang telebisyong satelayt mula sa langit .",Kanyang,FIL
18401,1145,"Pagkatapos na nilikha ng Diyos ang sangkatauhan at binigyan sila ng mga espiritu , iniutos Niya sa kanila na kung hindi sila tatawag sa Diyos , kung gayon hindi sila makakaugnay sa Kanyang Espiritu at kaya hindi matatanggap sa daigdig ang telebisyong satelayt mula sa langit .",Espiritu,FIL
18402,1145,"Pagkatapos na nilikha ng Diyos ang sangkatauhan at binigyan sila ng mga espiritu , iniutos Niya sa kanila na kung hindi sila tatawag sa Diyos , kung gayon hindi sila makakaugnay sa Kanyang Espiritu at kaya hindi matatanggap sa daigdig ang telebisyong satelayt mula sa langit .",at,FIL
18403,1145,"Pagkatapos na nilikha ng Diyos ang sangkatauhan at binigyan sila ng mga espiritu , iniutos Niya sa kanila na kung hindi sila tatawag sa Diyos , kung gayon hindi sila makakaugnay sa Kanyang Espiritu at kaya hindi matatanggap sa daigdig ang telebisyong satelayt mula sa langit .",kaya,FIL
18404,1145,"Pagkatapos na nilikha ng Diyos ang sangkatauhan at binigyan sila ng mga espiritu , iniutos Niya sa kanila na kung hindi sila tatawag sa Diyos , kung gayon hindi sila makakaugnay sa Kanyang Espiritu at kaya hindi matatanggap sa daigdig ang telebisyong satelayt mula sa langit .",hindi,FIL
18405,1145,"Pagkatapos na nilikha ng Diyos ang sangkatauhan at binigyan sila ng mga espiritu , iniutos Niya sa kanila na kung hindi sila tatawag sa Diyos , kung gayon hindi sila makakaugnay sa Kanyang Espiritu at kaya hindi matatanggap sa daigdig ang telebisyong satelayt mula sa langit .",matatanggap,FIL
18406,1145,"Pagkatapos na nilikha ng Diyos ang sangkatauhan at binigyan sila ng mga espiritu , iniutos Niya sa kanila na kung hindi sila tatawag sa Diyos , kung gayon hindi sila makakaugnay sa Kanyang Espiritu at kaya hindi matatanggap sa daigdig ang telebisyong satelayt mula sa langit .",sa,FIL
18407,1145,"Pagkatapos na nilikha ng Diyos ang sangkatauhan at binigyan sila ng mga espiritu , iniutos Niya sa kanila na kung hindi sila tatawag sa Diyos , kung gayon hindi sila makakaugnay sa Kanyang Espiritu at kaya hindi matatanggap sa daigdig ang telebisyong satelayt mula sa langit .",daigdig,FIL
18408,1145,"Pagkatapos na nilikha ng Diyos ang sangkatauhan at binigyan sila ng mga espiritu , iniutos Niya sa kanila na kung hindi sila tatawag sa Diyos , kung gayon hindi sila makakaugnay sa Kanyang Espiritu at kaya hindi matatanggap sa daigdig ang telebisyong satelayt mula sa langit .",ang,FIL
18409,1145,"Pagkatapos na nilikha ng Diyos ang sangkatauhan at binigyan sila ng mga espiritu , iniutos Niya sa kanila na kung hindi sila tatawag sa Diyos , kung gayon hindi sila makakaugnay sa Kanyang Espiritu at kaya hindi matatanggap sa daigdig ang telebisyong satelayt mula sa langit .",telebisyong,FIL
18410,1145,"Pagkatapos na nilikha ng Diyos ang sangkatauhan at binigyan sila ng mga espiritu , iniutos Niya sa kanila na kung hindi sila tatawag sa Diyos , kung gayon hindi sila makakaugnay sa Kanyang Espiritu at kaya hindi matatanggap sa daigdig ang telebisyong satelayt mula sa langit .",satelayt,FIL
18411,1145,"Pagkatapos na nilikha ng Diyos ang sangkatauhan at binigyan sila ng mga espiritu , iniutos Niya sa kanila na kung hindi sila tatawag sa Diyos , kung gayon hindi sila makakaugnay sa Kanyang Espiritu at kaya hindi matatanggap sa daigdig ang telebisyong satelayt mula sa langit .",mula,FIL
18412,1145,"Pagkatapos na nilikha ng Diyos ang sangkatauhan at binigyan sila ng mga espiritu , iniutos Niya sa kanila na kung hindi sila tatawag sa Diyos , kung gayon hindi sila makakaugnay sa Kanyang Espiritu at kaya hindi matatanggap sa daigdig ang telebisyong satelayt mula sa langit .",sa,FIL
18413,1145,"Pagkatapos na nilikha ng Diyos ang sangkatauhan at binigyan sila ng mga espiritu , iniutos Niya sa kanila na kung hindi sila tatawag sa Diyos , kung gayon hindi sila makakaugnay sa Kanyang Espiritu at kaya hindi matatanggap sa daigdig ang telebisyong satelayt mula sa langit .",langit,FIL
18414,1145,"Pagkatapos na nilikha ng Diyos ang sangkatauhan at binigyan sila ng mga espiritu , iniutos Niya sa kanila na kung hindi sila tatawag sa Diyos , kung gayon hindi sila makakaugnay sa Kanyang Espiritu at kaya hindi matatanggap sa daigdig ang telebisyong satelayt mula sa langit .",.,OTH
18415,1147,Puro ang ganda ng boses nalang nasasabi ko dito .,Puro,FIL
18416,1147,Puro ang ganda ng boses nalang nasasabi ko dito .,ang,FIL
18417,1147,Puro ang ganda ng boses nalang nasasabi ko dito .,ganda,FIL
18418,1147,Puro ang ganda ng boses nalang nasasabi ko dito .,ng,FIL
18419,1147,Puro ang ganda ng boses nalang nasasabi ko dito .,boses,FIL
18420,1147,Puro ang ganda ng boses nalang nasasabi ko dito .,nalang,FIL
18421,1147,Puro ang ganda ng boses nalang nasasabi ko dito .,nasasabi,FIL
18422,1147,Puro ang ganda ng boses nalang nasasabi ko dito .,ko,FIL
18423,1147,Puro ang ganda ng boses nalang nasasabi ko dito .,dito,FIL
18424,1147,Puro ang ganda ng boses nalang nasasabi ko dito .,.,OTH
18425,1148,Pa invite naman ako tulog na mga kasama ko hays,Pa,FIL
18426,1148,Pa invite naman ako tulog na mga kasama ko hays,invite,ENG
18427,1148,Pa invite naman ako tulog na mga kasama ko hays,naman,FIL
18428,1148,Pa invite naman ako tulog na mga kasama ko hays,ako,FIL
18429,1148,Pa invite naman ako tulog na mga kasama ko hays,tulog,FIL
18430,1148,Pa invite naman ako tulog na mga kasama ko hays,na,FIL
18431,1148,Pa invite naman ako tulog na mga kasama ko hays,mga,FIL
18432,1148,Pa invite naman ako tulog na mga kasama ko hays,kasama,FIL
18433,1148,Pa invite naman ako tulog na mga kasama ko hays,ko,FIL
18434,1148,Pa invite naman ako tulog na mga kasama ko hays,hays,OTH
18435,1149,Alex and Mikee are the living proof na wala sa grande ng kasal nasusukat ang pagmamahal .,Alex,OTH
18436,1149,Alex and Mikee are the living proof na wala sa grande ng kasal nasusukat ang pagmamahal .,and,ENG
18437,1149,Alex and Mikee are the living proof na wala sa grande ng kasal nasusukat ang pagmamahal .,Mikee,OTH
18438,1149,Alex and Mikee are the living proof na wala sa grande ng kasal nasusukat ang pagmamahal .,are,ENG
18439,1149,Alex and Mikee are the living proof na wala sa grande ng kasal nasusukat ang pagmamahal .,the,ENG
18440,1149,Alex and Mikee are the living proof na wala sa grande ng kasal nasusukat ang pagmamahal .,living,ENG
18441,1149,Alex and Mikee are the living proof na wala sa grande ng kasal nasusukat ang pagmamahal .,proof,ENG
18442,1149,Alex and Mikee are the living proof na wala sa grande ng kasal nasusukat ang pagmamahal .,na,FIL
18443,1149,Alex and Mikee are the living proof na wala sa grande ng kasal nasusukat ang pagmamahal .,wala,FIL
18444,1149,Alex and Mikee are the living proof na wala sa grande ng kasal nasusukat ang pagmamahal .,sa,FIL
18445,1149,Alex and Mikee are the living proof na wala sa grande ng kasal nasusukat ang pagmamahal .,grande,FIL
18446,1149,Alex and Mikee are the living proof na wala sa grande ng kasal nasusukat ang pagmamahal .,ng,FIL
18447,1149,Alex and Mikee are the living proof na wala sa grande ng kasal nasusukat ang pagmamahal .,kasal,FIL
18448,1149,Alex and Mikee are the living proof na wala sa grande ng kasal nasusukat ang pagmamahal .,nasusukat,FIL
18449,1149,Alex and Mikee are the living proof na wala sa grande ng kasal nasusukat ang pagmamahal .,ang,FIL
18450,1149,Alex and Mikee are the living proof na wala sa grande ng kasal nasusukat ang pagmamahal .,pagmamahal,FIL
18451,1149,Alex and Mikee are the living proof na wala sa grande ng kasal nasusukat ang pagmamahal .,.,OTH
18452,1150,"May mga araw na malungkot , may mga araw na masaya .",May,FIL
18453,1150,"May mga araw na malungkot , may mga araw na masaya .",mga,FIL
18454,1150,"May mga araw na malungkot , may mga araw na masaya .",araw,FIL
18455,1150,"May mga araw na malungkot , may mga araw na masaya .",na,FIL
18456,1150,"May mga araw na malungkot , may mga araw na masaya .",malungkot,FIL
18457,1150,"May mga araw na malungkot , may mga araw na masaya .",",",OTH
18458,1150,"May mga araw na malungkot , may mga araw na masaya .",may,FIL
18459,1150,"May mga araw na malungkot , may mga araw na masaya .",mga,FIL
18460,1150,"May mga araw na malungkot , may mga araw na masaya .",araw,FIL
18461,1150,"May mga araw na malungkot , may mga araw na masaya .",na,FIL
18462,1150,"May mga araw na malungkot , may mga araw na masaya .",masaya,FIL
18463,1150,"May mga araw na malungkot , may mga araw na masaya .",.,OTH
18464,1151,God bless po sayo idol sana isa din ako sa mapili mo na mabigyan ng gamit hehehehe stay safe po at sa family mo po,God,ENG
18465,1151,God bless po sayo idol sana isa din ako sa mapili mo na mabigyan ng gamit hehehehe stay safe po at sa family mo po,bless,ENG
18466,1151,God bless po sayo idol sana isa din ako sa mapili mo na mabigyan ng gamit hehehehe stay safe po at sa family mo po,po,FIL
18467,1151,God bless po sayo idol sana isa din ako sa mapili mo na mabigyan ng gamit hehehehe stay safe po at sa family mo po,sayo,FIL
18468,1151,God bless po sayo idol sana isa din ako sa mapili mo na mabigyan ng gamit hehehehe stay safe po at sa family mo po,idol,ENG
18469,1151,God bless po sayo idol sana isa din ako sa mapili mo na mabigyan ng gamit hehehehe stay safe po at sa family mo po,sana,FIL
18470,1151,God bless po sayo idol sana isa din ako sa mapili mo na mabigyan ng gamit hehehehe stay safe po at sa family mo po,isa,FIL
18471,1151,God bless po sayo idol sana isa din ako sa mapili mo na mabigyan ng gamit hehehehe stay safe po at sa family mo po,din,FIL
18472,1151,God bless po sayo idol sana isa din ako sa mapili mo na mabigyan ng gamit hehehehe stay safe po at sa family mo po,ako,FIL
18473,1151,God bless po sayo idol sana isa din ako sa mapili mo na mabigyan ng gamit hehehehe stay safe po at sa family mo po,sa,FIL
18474,1151,God bless po sayo idol sana isa din ako sa mapili mo na mabigyan ng gamit hehehehe stay safe po at sa family mo po,mapili,FIL
18475,1151,God bless po sayo idol sana isa din ako sa mapili mo na mabigyan ng gamit hehehehe stay safe po at sa family mo po,mo,FIL
18476,1151,God bless po sayo idol sana isa din ako sa mapili mo na mabigyan ng gamit hehehehe stay safe po at sa family mo po,na,FIL
18477,1151,God bless po sayo idol sana isa din ako sa mapili mo na mabigyan ng gamit hehehehe stay safe po at sa family mo po,mabigyan,FIL
18478,1151,God bless po sayo idol sana isa din ako sa mapili mo na mabigyan ng gamit hehehehe stay safe po at sa family mo po,ng,FIL
18479,1151,God bless po sayo idol sana isa din ako sa mapili mo na mabigyan ng gamit hehehehe stay safe po at sa family mo po,gamit,FIL
18480,1151,God bless po sayo idol sana isa din ako sa mapili mo na mabigyan ng gamit hehehehe stay safe po at sa family mo po,hehehehe,OTH
18481,1151,God bless po sayo idol sana isa din ako sa mapili mo na mabigyan ng gamit hehehehe stay safe po at sa family mo po,stay,ENG
18482,1151,God bless po sayo idol sana isa din ako sa mapili mo na mabigyan ng gamit hehehehe stay safe po at sa family mo po,safe,ENG
18483,1151,God bless po sayo idol sana isa din ako sa mapili mo na mabigyan ng gamit hehehehe stay safe po at sa family mo po,po,FIL
18484,1151,God bless po sayo idol sana isa din ako sa mapili mo na mabigyan ng gamit hehehehe stay safe po at sa family mo po,at,FIL
18485,1151,God bless po sayo idol sana isa din ako sa mapili mo na mabigyan ng gamit hehehehe stay safe po at sa family mo po,sa,FIL
18486,1151,God bless po sayo idol sana isa din ako sa mapili mo na mabigyan ng gamit hehehehe stay safe po at sa family mo po,family,ENG
18487,1151,God bless po sayo idol sana isa din ako sa mapili mo na mabigyan ng gamit hehehehe stay safe po at sa family mo po,mo,FIL
18488,1151,God bless po sayo idol sana isa din ako sa mapili mo na mabigyan ng gamit hehehehe stay safe po at sa family mo po,po,FIL
18489,1152,"Well , dalawang buwan pa ang palilipasin bago makasama ni Ryza ang baby niya .",Well,ENG
18490,1152,"Well , dalawang buwan pa ang palilipasin bago makasama ni Ryza ang baby niya .",",",OTH
18491,1152,"Well , dalawang buwan pa ang palilipasin bago makasama ni Ryza ang baby niya .",dalawang,FIL
18492,1152,"Well , dalawang buwan pa ang palilipasin bago makasama ni Ryza ang baby niya .",buwan,FIL
18493,1152,"Well , dalawang buwan pa ang palilipasin bago makasama ni Ryza ang baby niya .",pa,FIL
18494,1152,"Well , dalawang buwan pa ang palilipasin bago makasama ni Ryza ang baby niya .",ang,FIL
18495,1152,"Well , dalawang buwan pa ang palilipasin bago makasama ni Ryza ang baby niya .",palilipasin,FIL
18496,1152,"Well , dalawang buwan pa ang palilipasin bago makasama ni Ryza ang baby niya .",bago,FIL
18497,1152,"Well , dalawang buwan pa ang palilipasin bago makasama ni Ryza ang baby niya .",makasama,FIL
18498,1152,"Well , dalawang buwan pa ang palilipasin bago makasama ni Ryza ang baby niya .",ni,FIL
18499,1152,"Well , dalawang buwan pa ang palilipasin bago makasama ni Ryza ang baby niya .",Ryza,OTH
18500,1152,"Well , dalawang buwan pa ang palilipasin bago makasama ni Ryza ang baby niya .",ang,FIL
18501,1152,"Well , dalawang buwan pa ang palilipasin bago makasama ni Ryza ang baby niya .",baby,ENG
18502,1152,"Well , dalawang buwan pa ang palilipasin bago makasama ni Ryza ang baby niya .",niya,FIL
18503,1152,"Well , dalawang buwan pa ang palilipasin bago makasama ni Ryza ang baby niya .",.,OTH
18504,1153,"Ayon sa Forbes magazine , nasa $16 . 6 bilyon o P830 bilyon ang kayaman ng magkakapatid ng mga Sy .",Ayon,FIL
18505,1153,"Ayon sa Forbes magazine , nasa $16 . 6 bilyon o P830 bilyon ang kayaman ng magkakapatid ng mga Sy .",sa,FIL
18506,1153,"Ayon sa Forbes magazine , nasa $16 . 6 bilyon o P830 bilyon ang kayaman ng magkakapatid ng mga Sy .",Forbes,OTH
18507,1153,"Ayon sa Forbes magazine , nasa $16 . 6 bilyon o P830 bilyon ang kayaman ng magkakapatid ng mga Sy .",magazine,ENG
18508,1153,"Ayon sa Forbes magazine , nasa $16 . 6 bilyon o P830 bilyon ang kayaman ng magkakapatid ng mga Sy .",",",OTH
18509,1153,"Ayon sa Forbes magazine , nasa $16 . 6 bilyon o P830 bilyon ang kayaman ng magkakapatid ng mga Sy .",nasa,FIL
18510,1153,"Ayon sa Forbes magazine , nasa $16 . 6 bilyon o P830 bilyon ang kayaman ng magkakapatid ng mga Sy .",$16,OTH
18511,1153,"Ayon sa Forbes magazine , nasa $16 . 6 bilyon o P830 bilyon ang kayaman ng magkakapatid ng mga Sy .",.,OTH
18512,1153,"Ayon sa Forbes magazine , nasa $16 . 6 bilyon o P830 bilyon ang kayaman ng magkakapatid ng mga Sy .",6,OTH
18513,1153,"Ayon sa Forbes magazine , nasa $16 . 6 bilyon o P830 bilyon ang kayaman ng magkakapatid ng mga Sy .",bilyon,FIL
18514,1153,"Ayon sa Forbes magazine , nasa $16 . 6 bilyon o P830 bilyon ang kayaman ng magkakapatid ng mga Sy .",o,FIL
18515,1153,"Ayon sa Forbes magazine , nasa $16 . 6 bilyon o P830 bilyon ang kayaman ng magkakapatid ng mga Sy .",P830,OTH
18516,1153,"Ayon sa Forbes magazine , nasa $16 . 6 bilyon o P830 bilyon ang kayaman ng magkakapatid ng mga Sy .",bilyon,FIL
18517,1153,"Ayon sa Forbes magazine , nasa $16 . 6 bilyon o P830 bilyon ang kayaman ng magkakapatid ng mga Sy .",ang,FIL
18518,1153,"Ayon sa Forbes magazine , nasa $16 . 6 bilyon o P830 bilyon ang kayaman ng magkakapatid ng mga Sy .",kayaman,FIL
18519,1153,"Ayon sa Forbes magazine , nasa $16 . 6 bilyon o P830 bilyon ang kayaman ng magkakapatid ng mga Sy .",ng,FIL
18520,1153,"Ayon sa Forbes magazine , nasa $16 . 6 bilyon o P830 bilyon ang kayaman ng magkakapatid ng mga Sy .",magkakapatid,FIL
18521,1153,"Ayon sa Forbes magazine , nasa $16 . 6 bilyon o P830 bilyon ang kayaman ng magkakapatid ng mga Sy .",ng,FIL
18522,1153,"Ayon sa Forbes magazine , nasa $16 . 6 bilyon o P830 bilyon ang kayaman ng magkakapatid ng mga Sy .",mga,FIL
18523,1153,"Ayon sa Forbes magazine , nasa $16 . 6 bilyon o P830 bilyon ang kayaman ng magkakapatid ng mga Sy .",Sy,OTH
18524,1153,"Ayon sa Forbes magazine , nasa $16 . 6 bilyon o P830 bilyon ang kayaman ng magkakapatid ng mga Sy .",.,OTH
18525,1154,"Hoping na makabalik siya ulit , kung saan man niya gusto .",Hoping,ENG
18526,1154,"Hoping na makabalik siya ulit , kung saan man niya gusto .",na,FIL
18527,1154,"Hoping na makabalik siya ulit , kung saan man niya gusto .",makabalik,FIL
18528,1154,"Hoping na makabalik siya ulit , kung saan man niya gusto .",siya,FIL
18529,1154,"Hoping na makabalik siya ulit , kung saan man niya gusto .",ulit,FIL
18530,1154,"Hoping na makabalik siya ulit , kung saan man niya gusto .",",",OTH
18531,1154,"Hoping na makabalik siya ulit , kung saan man niya gusto .",kung,FIL
18532,1154,"Hoping na makabalik siya ulit , kung saan man niya gusto .",saan,FIL
18533,1154,"Hoping na makabalik siya ulit , kung saan man niya gusto .",man,FIL
18534,1154,"Hoping na makabalik siya ulit , kung saan man niya gusto .",niya,FIL
18535,1154,"Hoping na makabalik siya ulit , kung saan man niya gusto .",gusto,FIL
18536,1154,"Hoping na makabalik siya ulit , kung saan man niya gusto .",.,OTH
18537,1155,Super early ngayun nakaka wala ng stress mga vlogs mo,Super,ENG
18538,1155,Super early ngayun nakaka wala ng stress mga vlogs mo,early,ENG
18539,1155,Super early ngayun nakaka wala ng stress mga vlogs mo,ngayun,FIL
18540,1155,Super early ngayun nakaka wala ng stress mga vlogs mo,nakaka,FIL
18541,1155,Super early ngayun nakaka wala ng stress mga vlogs mo,wala,FIL
18542,1155,Super early ngayun nakaka wala ng stress mga vlogs mo,ng,FIL
18543,1155,Super early ngayun nakaka wala ng stress mga vlogs mo,stress,ENG
18544,1155,Super early ngayun nakaka wala ng stress mga vlogs mo,mga,FIL
18545,1155,Super early ngayun nakaka wala ng stress mga vlogs mo,vlogs,ENG
18546,1155,Super early ngayun nakaka wala ng stress mga vlogs mo,mo,FIL
18547,1156,"So , kailangan pa rin nating sundin lahat ng health protocols , pahayag ni Castelo sa isang panayam sa radyo .",So,ENG
18548,1156,"So , kailangan pa rin nating sundin lahat ng health protocols , pahayag ni Castelo sa isang panayam sa radyo .",",",OTH
18549,1156,"So , kailangan pa rin nating sundin lahat ng health protocols , pahayag ni Castelo sa isang panayam sa radyo .",kailangan,FIL
18550,1156,"So , kailangan pa rin nating sundin lahat ng health protocols , pahayag ni Castelo sa isang panayam sa radyo .",pa,FIL
18551,1156,"So , kailangan pa rin nating sundin lahat ng health protocols , pahayag ni Castelo sa isang panayam sa radyo .",rin,FIL
18552,1156,"So , kailangan pa rin nating sundin lahat ng health protocols , pahayag ni Castelo sa isang panayam sa radyo .",nating,FIL
18553,1156,"So , kailangan pa rin nating sundin lahat ng health protocols , pahayag ni Castelo sa isang panayam sa radyo .",sundin,FIL
18554,1156,"So , kailangan pa rin nating sundin lahat ng health protocols , pahayag ni Castelo sa isang panayam sa radyo .",lahat,FIL
18555,1156,"So , kailangan pa rin nating sundin lahat ng health protocols , pahayag ni Castelo sa isang panayam sa radyo .",ng,FIL
18556,1156,"So , kailangan pa rin nating sundin lahat ng health protocols , pahayag ni Castelo sa isang panayam sa radyo .",health,ENG
18557,1156,"So , kailangan pa rin nating sundin lahat ng health protocols , pahayag ni Castelo sa isang panayam sa radyo .",protocols,ENG
18558,1156,"So , kailangan pa rin nating sundin lahat ng health protocols , pahayag ni Castelo sa isang panayam sa radyo .",",",OTH
18559,1156,"So , kailangan pa rin nating sundin lahat ng health protocols , pahayag ni Castelo sa isang panayam sa radyo .",pahayag,FIL
18560,1156,"So , kailangan pa rin nating sundin lahat ng health protocols , pahayag ni Castelo sa isang panayam sa radyo .",ni,FIL
18561,1156,"So , kailangan pa rin nating sundin lahat ng health protocols , pahayag ni Castelo sa isang panayam sa radyo .",Castelo,OTH
18562,1156,"So , kailangan pa rin nating sundin lahat ng health protocols , pahayag ni Castelo sa isang panayam sa radyo .",sa,FIL
18563,1156,"So , kailangan pa rin nating sundin lahat ng health protocols , pahayag ni Castelo sa isang panayam sa radyo .",isang,FIL
18564,1156,"So , kailangan pa rin nating sundin lahat ng health protocols , pahayag ni Castelo sa isang panayam sa radyo .",panayam,FIL
18565,1156,"So , kailangan pa rin nating sundin lahat ng health protocols , pahayag ni Castelo sa isang panayam sa radyo .",sa,FIL
18566,1156,"So , kailangan pa rin nating sundin lahat ng health protocols , pahayag ni Castelo sa isang panayam sa radyo .",radyo,FIL
18567,1156,"So , kailangan pa rin nating sundin lahat ng health protocols , pahayag ni Castelo sa isang panayam sa radyo .",.,OTH
18568,1157,nakabili na lahat ng A'tin .,nakabili,FIL
18569,1157,nakabili na lahat ng A'tin .,na,FIL
18570,1157,nakabili na lahat ng A'tin .,lahat,FIL
18571,1157,nakabili na lahat ng A'tin .,ng,FIL
18572,1157,nakabili na lahat ng A'tin .,A'tin,OTH
18573,1157,nakabili na lahat ng A'tin .,.,OTH
18574,1158,Namimiss kong makasama ang ate haifa ko !,Namimiss,CS
18575,1158,Namimiss kong makasama ang ate haifa ko !,kong,FIL
18576,1158,Namimiss kong makasama ang ate haifa ko !,makasama,FIL
18577,1158,Namimiss kong makasama ang ate haifa ko !,ang,FIL
18578,1158,Namimiss kong makasama ang ate haifa ko !,ate,FIL
18579,1158,Namimiss kong makasama ang ate haifa ko !,haifa,OTH
18580,1158,Namimiss kong makasama ang ate haifa ko !,ko,FIL
18581,1158,Namimiss kong makasama ang ate haifa ko !,!,OTH
18582,1159,like nyo to para uwian kayo ng mga bias nyo,like,ENG
18583,1159,like nyo to para uwian kayo ng mga bias nyo,nyo,FIL
18584,1159,like nyo to para uwian kayo ng mga bias nyo,to,FIL
18585,1159,like nyo to para uwian kayo ng mga bias nyo,para,FIL
18586,1159,like nyo to para uwian kayo ng mga bias nyo,uwian,FIL
18587,1159,like nyo to para uwian kayo ng mga bias nyo,kayo,FIL
18588,1159,like nyo to para uwian kayo ng mga bias nyo,ng,FIL
18589,1159,like nyo to para uwian kayo ng mga bias nyo,mga,FIL
18590,1159,like nyo to para uwian kayo ng mga bias nyo,bias,ENG
18591,1159,like nyo to para uwian kayo ng mga bias nyo,nyo,FIL
18592,1160,"Ang mga naturang mutation na natukoy sa Visayas ay natukoy na rin sa variants sa ibang bansa , gaya ng UK variant , South African at Brazilian .",Ang,FIL
18593,1160,"Ang mga naturang mutation na natukoy sa Visayas ay natukoy na rin sa variants sa ibang bansa , gaya ng UK variant , South African at Brazilian .",mga,FIL
18594,1160,"Ang mga naturang mutation na natukoy sa Visayas ay natukoy na rin sa variants sa ibang bansa , gaya ng UK variant , South African at Brazilian .",naturang,FIL
18595,1160,"Ang mga naturang mutation na natukoy sa Visayas ay natukoy na rin sa variants sa ibang bansa , gaya ng UK variant , South African at Brazilian .",mutation,ENG
18596,1160,"Ang mga naturang mutation na natukoy sa Visayas ay natukoy na rin sa variants sa ibang bansa , gaya ng UK variant , South African at Brazilian .",na,FIL
18597,1160,"Ang mga naturang mutation na natukoy sa Visayas ay natukoy na rin sa variants sa ibang bansa , gaya ng UK variant , South African at Brazilian .",natukoy,FIL
18598,1160,"Ang mga naturang mutation na natukoy sa Visayas ay natukoy na rin sa variants sa ibang bansa , gaya ng UK variant , South African at Brazilian .",sa,FIL
18599,1160,"Ang mga naturang mutation na natukoy sa Visayas ay natukoy na rin sa variants sa ibang bansa , gaya ng UK variant , South African at Brazilian .",Visayas,OTH
18600,1160,"Ang mga naturang mutation na natukoy sa Visayas ay natukoy na rin sa variants sa ibang bansa , gaya ng UK variant , South African at Brazilian .",ay,FIL
18601,1160,"Ang mga naturang mutation na natukoy sa Visayas ay natukoy na rin sa variants sa ibang bansa , gaya ng UK variant , South African at Brazilian .",natukoy,FIL
18602,1160,"Ang mga naturang mutation na natukoy sa Visayas ay natukoy na rin sa variants sa ibang bansa , gaya ng UK variant , South African at Brazilian .",na,FIL
18603,1160,"Ang mga naturang mutation na natukoy sa Visayas ay natukoy na rin sa variants sa ibang bansa , gaya ng UK variant , South African at Brazilian .",rin,FIL
18604,1160,"Ang mga naturang mutation na natukoy sa Visayas ay natukoy na rin sa variants sa ibang bansa , gaya ng UK variant , South African at Brazilian .",sa,FIL
18605,1160,"Ang mga naturang mutation na natukoy sa Visayas ay natukoy na rin sa variants sa ibang bansa , gaya ng UK variant , South African at Brazilian .",variants,ENG
18606,1160,"Ang mga naturang mutation na natukoy sa Visayas ay natukoy na rin sa variants sa ibang bansa , gaya ng UK variant , South African at Brazilian .",sa,FIL
18607,1160,"Ang mga naturang mutation na natukoy sa Visayas ay natukoy na rin sa variants sa ibang bansa , gaya ng UK variant , South African at Brazilian .",ibang,FIL
18608,1160,"Ang mga naturang mutation na natukoy sa Visayas ay natukoy na rin sa variants sa ibang bansa , gaya ng UK variant , South African at Brazilian .",bansa,FIL
18609,1160,"Ang mga naturang mutation na natukoy sa Visayas ay natukoy na rin sa variants sa ibang bansa , gaya ng UK variant , South African at Brazilian .",",",OTH
18610,1160,"Ang mga naturang mutation na natukoy sa Visayas ay natukoy na rin sa variants sa ibang bansa , gaya ng UK variant , South African at Brazilian .",gaya,FIL
18611,1160,"Ang mga naturang mutation na natukoy sa Visayas ay natukoy na rin sa variants sa ibang bansa , gaya ng UK variant , South African at Brazilian .",ng,FIL
18612,1160,"Ang mga naturang mutation na natukoy sa Visayas ay natukoy na rin sa variants sa ibang bansa , gaya ng UK variant , South African at Brazilian .",UK,OTH
18613,1160,"Ang mga naturang mutation na natukoy sa Visayas ay natukoy na rin sa variants sa ibang bansa , gaya ng UK variant , South African at Brazilian .",variant,ENG
18614,1160,"Ang mga naturang mutation na natukoy sa Visayas ay natukoy na rin sa variants sa ibang bansa , gaya ng UK variant , South African at Brazilian .",",",OTH
18615,1160,"Ang mga naturang mutation na natukoy sa Visayas ay natukoy na rin sa variants sa ibang bansa , gaya ng UK variant , South African at Brazilian .",South,ENG
18616,1160,"Ang mga naturang mutation na natukoy sa Visayas ay natukoy na rin sa variants sa ibang bansa , gaya ng UK variant , South African at Brazilian .",African,OTH
18617,1160,"Ang mga naturang mutation na natukoy sa Visayas ay natukoy na rin sa variants sa ibang bansa , gaya ng UK variant , South African at Brazilian .",at,FIL
18618,1160,"Ang mga naturang mutation na natukoy sa Visayas ay natukoy na rin sa variants sa ibang bansa , gaya ng UK variant , South African at Brazilian .",Brazilian,OTH
18619,1160,"Ang mga naturang mutation na natukoy sa Visayas ay natukoy na rin sa variants sa ibang bansa , gaya ng UK variant , South African at Brazilian .",.,OTH
18620,1162,"Inisip ko pa nga na , Tingin nyo mas magaling kayo sa akin ?",Inisip,FIL
18621,1162,"Inisip ko pa nga na , Tingin nyo mas magaling kayo sa akin ?",ko,FIL
18622,1162,"Inisip ko pa nga na , Tingin nyo mas magaling kayo sa akin ?",pa,FIL
18623,1162,"Inisip ko pa nga na , Tingin nyo mas magaling kayo sa akin ?",nga,FIL
18624,1162,"Inisip ko pa nga na , Tingin nyo mas magaling kayo sa akin ?",na,FIL
18625,1162,"Inisip ko pa nga na , Tingin nyo mas magaling kayo sa akin ?",",",OTH
18626,1162,"Inisip ko pa nga na , Tingin nyo mas magaling kayo sa akin ?",Tingin,FIL
18627,1162,"Inisip ko pa nga na , Tingin nyo mas magaling kayo sa akin ?",nyo,FIL
18628,1162,"Inisip ko pa nga na , Tingin nyo mas magaling kayo sa akin ?",mas,FIL
18629,1162,"Inisip ko pa nga na , Tingin nyo mas magaling kayo sa akin ?",magaling,FIL
18630,1162,"Inisip ko pa nga na , Tingin nyo mas magaling kayo sa akin ?",kayo,FIL
18631,1162,"Inisip ko pa nga na , Tingin nyo mas magaling kayo sa akin ?",sa,FIL
18632,1162,"Inisip ko pa nga na , Tingin nyo mas magaling kayo sa akin ?",akin,FIL
18633,1162,"Inisip ko pa nga na , Tingin nyo mas magaling kayo sa akin ?",?,OTH
18634,1164,"pre , nagkulang ba kami bilang kaibigan",pre,FIL
18635,1164,"pre , nagkulang ba kami bilang kaibigan",",",OTH
18636,1164,"pre , nagkulang ba kami bilang kaibigan",nagkulang,FIL
18637,1164,"pre , nagkulang ba kami bilang kaibigan",ba,FIL
18638,1164,"pre , nagkulang ba kami bilang kaibigan",kami,FIL
18639,1164,"pre , nagkulang ba kami bilang kaibigan",bilang,FIL
18640,1164,"pre , nagkulang ba kami bilang kaibigan",kaibigan,FIL
18641,1165,pag eto nasanay na pre tuturuan na natin to ng parts para magsetup na to ng tsikot,pag,FIL
18642,1165,pag eto nasanay na pre tuturuan na natin to ng parts para magsetup na to ng tsikot,eto,FIL
18643,1165,pag eto nasanay na pre tuturuan na natin to ng parts para magsetup na to ng tsikot,nasanay,FIL
18644,1165,pag eto nasanay na pre tuturuan na natin to ng parts para magsetup na to ng tsikot,na,FIL
18645,1165,pag eto nasanay na pre tuturuan na natin to ng parts para magsetup na to ng tsikot,pre,FIL
18646,1165,pag eto nasanay na pre tuturuan na natin to ng parts para magsetup na to ng tsikot,tuturuan,FIL
18647,1165,pag eto nasanay na pre tuturuan na natin to ng parts para magsetup na to ng tsikot,na,FIL
18648,1165,pag eto nasanay na pre tuturuan na natin to ng parts para magsetup na to ng tsikot,natin,FIL
18649,1165,pag eto nasanay na pre tuturuan na natin to ng parts para magsetup na to ng tsikot,to,FIL
18650,1165,pag eto nasanay na pre tuturuan na natin to ng parts para magsetup na to ng tsikot,ng,FIL
18651,1165,pag eto nasanay na pre tuturuan na natin to ng parts para magsetup na to ng tsikot,parts,ENG
18652,1165,pag eto nasanay na pre tuturuan na natin to ng parts para magsetup na to ng tsikot,para,FIL
18653,1165,pag eto nasanay na pre tuturuan na natin to ng parts para magsetup na to ng tsikot,magsetup,CS
18654,1165,pag eto nasanay na pre tuturuan na natin to ng parts para magsetup na to ng tsikot,na,FIL
18655,1165,pag eto nasanay na pre tuturuan na natin to ng parts para magsetup na to ng tsikot,to,FIL
18656,1165,pag eto nasanay na pre tuturuan na natin to ng parts para magsetup na to ng tsikot,ng,FIL
18657,1165,pag eto nasanay na pre tuturuan na natin to ng parts para magsetup na to ng tsikot,tsikot,FIL
18658,1166,Minsan lang po kame magham ng pasko . apat lang din po kame sa pamilya kaya minsan ako nalang po ang gising at nag aantay ng pasko dahil matanda at bta po ang kasama ko kaya maaga natutulog .,Minsan,FIL
18659,1166,Minsan lang po kame magham ng pasko . apat lang din po kame sa pamilya kaya minsan ako nalang po ang gising at nag aantay ng pasko dahil matanda at bta po ang kasama ko kaya maaga natutulog .,lang,FIL
18660,1166,Minsan lang po kame magham ng pasko . apat lang din po kame sa pamilya kaya minsan ako nalang po ang gising at nag aantay ng pasko dahil matanda at bta po ang kasama ko kaya maaga natutulog .,po,FIL
18661,1166,Minsan lang po kame magham ng pasko . apat lang din po kame sa pamilya kaya minsan ako nalang po ang gising at nag aantay ng pasko dahil matanda at bta po ang kasama ko kaya maaga natutulog .,kame,FIL
18662,1166,Minsan lang po kame magham ng pasko . apat lang din po kame sa pamilya kaya minsan ako nalang po ang gising at nag aantay ng pasko dahil matanda at bta po ang kasama ko kaya maaga natutulog .,magham,CS
18663,1166,Minsan lang po kame magham ng pasko . apat lang din po kame sa pamilya kaya minsan ako nalang po ang gising at nag aantay ng pasko dahil matanda at bta po ang kasama ko kaya maaga natutulog .,ng,FIL
18664,1166,Minsan lang po kame magham ng pasko . apat lang din po kame sa pamilya kaya minsan ako nalang po ang gising at nag aantay ng pasko dahil matanda at bta po ang kasama ko kaya maaga natutulog .,pasko,FIL
18665,1166,Minsan lang po kame magham ng pasko . apat lang din po kame sa pamilya kaya minsan ako nalang po ang gising at nag aantay ng pasko dahil matanda at bta po ang kasama ko kaya maaga natutulog .,.,OTH
18666,1166,Minsan lang po kame magham ng pasko . apat lang din po kame sa pamilya kaya minsan ako nalang po ang gising at nag aantay ng pasko dahil matanda at bta po ang kasama ko kaya maaga natutulog .,apat,FIL
18667,1166,Minsan lang po kame magham ng pasko . apat lang din po kame sa pamilya kaya minsan ako nalang po ang gising at nag aantay ng pasko dahil matanda at bta po ang kasama ko kaya maaga natutulog .,lang,FIL
18668,1166,Minsan lang po kame magham ng pasko . apat lang din po kame sa pamilya kaya minsan ako nalang po ang gising at nag aantay ng pasko dahil matanda at bta po ang kasama ko kaya maaga natutulog .,din,FIL
18669,1166,Minsan lang po kame magham ng pasko . apat lang din po kame sa pamilya kaya minsan ako nalang po ang gising at nag aantay ng pasko dahil matanda at bta po ang kasama ko kaya maaga natutulog .,po,FIL
18670,1166,Minsan lang po kame magham ng pasko . apat lang din po kame sa pamilya kaya minsan ako nalang po ang gising at nag aantay ng pasko dahil matanda at bta po ang kasama ko kaya maaga natutulog .,kame,FIL
18671,1166,Minsan lang po kame magham ng pasko . apat lang din po kame sa pamilya kaya minsan ako nalang po ang gising at nag aantay ng pasko dahil matanda at bta po ang kasama ko kaya maaga natutulog .,sa,FIL
18672,1166,Minsan lang po kame magham ng pasko . apat lang din po kame sa pamilya kaya minsan ako nalang po ang gising at nag aantay ng pasko dahil matanda at bta po ang kasama ko kaya maaga natutulog .,pamilya,FIL
18673,1166,Minsan lang po kame magham ng pasko . apat lang din po kame sa pamilya kaya minsan ako nalang po ang gising at nag aantay ng pasko dahil matanda at bta po ang kasama ko kaya maaga natutulog .,kaya,FIL
18674,1166,Minsan lang po kame magham ng pasko . apat lang din po kame sa pamilya kaya minsan ako nalang po ang gising at nag aantay ng pasko dahil matanda at bta po ang kasama ko kaya maaga natutulog .,minsan,FIL
18675,1166,Minsan lang po kame magham ng pasko . apat lang din po kame sa pamilya kaya minsan ako nalang po ang gising at nag aantay ng pasko dahil matanda at bta po ang kasama ko kaya maaga natutulog .,ako,FIL
18676,1166,Minsan lang po kame magham ng pasko . apat lang din po kame sa pamilya kaya minsan ako nalang po ang gising at nag aantay ng pasko dahil matanda at bta po ang kasama ko kaya maaga natutulog .,nalang,FIL
18677,1166,Minsan lang po kame magham ng pasko . apat lang din po kame sa pamilya kaya minsan ako nalang po ang gising at nag aantay ng pasko dahil matanda at bta po ang kasama ko kaya maaga natutulog .,po,FIL
18678,1166,Minsan lang po kame magham ng pasko . apat lang din po kame sa pamilya kaya minsan ako nalang po ang gising at nag aantay ng pasko dahil matanda at bta po ang kasama ko kaya maaga natutulog .,ang,FIL
18679,1166,Minsan lang po kame magham ng pasko . apat lang din po kame sa pamilya kaya minsan ako nalang po ang gising at nag aantay ng pasko dahil matanda at bta po ang kasama ko kaya maaga natutulog .,gising,FIL
18680,1166,Minsan lang po kame magham ng pasko . apat lang din po kame sa pamilya kaya minsan ako nalang po ang gising at nag aantay ng pasko dahil matanda at bta po ang kasama ko kaya maaga natutulog .,at,FIL
18681,1166,Minsan lang po kame magham ng pasko . apat lang din po kame sa pamilya kaya minsan ako nalang po ang gising at nag aantay ng pasko dahil matanda at bta po ang kasama ko kaya maaga natutulog .,nag,FIL
18682,1166,Minsan lang po kame magham ng pasko . apat lang din po kame sa pamilya kaya minsan ako nalang po ang gising at nag aantay ng pasko dahil matanda at bta po ang kasama ko kaya maaga natutulog .,aantay,FIL
18683,1166,Minsan lang po kame magham ng pasko . apat lang din po kame sa pamilya kaya minsan ako nalang po ang gising at nag aantay ng pasko dahil matanda at bta po ang kasama ko kaya maaga natutulog .,ng,FIL
18684,1166,Minsan lang po kame magham ng pasko . apat lang din po kame sa pamilya kaya minsan ako nalang po ang gising at nag aantay ng pasko dahil matanda at bta po ang kasama ko kaya maaga natutulog .,pasko,FIL
18685,1166,Minsan lang po kame magham ng pasko . apat lang din po kame sa pamilya kaya minsan ako nalang po ang gising at nag aantay ng pasko dahil matanda at bta po ang kasama ko kaya maaga natutulog .,dahil,FIL
18686,1166,Minsan lang po kame magham ng pasko . apat lang din po kame sa pamilya kaya minsan ako nalang po ang gising at nag aantay ng pasko dahil matanda at bta po ang kasama ko kaya maaga natutulog .,matanda,FIL
18687,1166,Minsan lang po kame magham ng pasko . apat lang din po kame sa pamilya kaya minsan ako nalang po ang gising at nag aantay ng pasko dahil matanda at bta po ang kasama ko kaya maaga natutulog .,at,FIL
18688,1166,Minsan lang po kame magham ng pasko . apat lang din po kame sa pamilya kaya minsan ako nalang po ang gising at nag aantay ng pasko dahil matanda at bta po ang kasama ko kaya maaga natutulog .,bta,FIL
18689,1166,Minsan lang po kame magham ng pasko . apat lang din po kame sa pamilya kaya minsan ako nalang po ang gising at nag aantay ng pasko dahil matanda at bta po ang kasama ko kaya maaga natutulog .,po,FIL
18690,1166,Minsan lang po kame magham ng pasko . apat lang din po kame sa pamilya kaya minsan ako nalang po ang gising at nag aantay ng pasko dahil matanda at bta po ang kasama ko kaya maaga natutulog .,ang,FIL
18691,1166,Minsan lang po kame magham ng pasko . apat lang din po kame sa pamilya kaya minsan ako nalang po ang gising at nag aantay ng pasko dahil matanda at bta po ang kasama ko kaya maaga natutulog .,kasama,FIL
18692,1166,Minsan lang po kame magham ng pasko . apat lang din po kame sa pamilya kaya minsan ako nalang po ang gising at nag aantay ng pasko dahil matanda at bta po ang kasama ko kaya maaga natutulog .,ko,FIL
18693,1166,Minsan lang po kame magham ng pasko . apat lang din po kame sa pamilya kaya minsan ako nalang po ang gising at nag aantay ng pasko dahil matanda at bta po ang kasama ko kaya maaga natutulog .,kaya,FIL
18694,1166,Minsan lang po kame magham ng pasko . apat lang din po kame sa pamilya kaya minsan ako nalang po ang gising at nag aantay ng pasko dahil matanda at bta po ang kasama ko kaya maaga natutulog .,maaga,FIL
18695,1166,Minsan lang po kame magham ng pasko . apat lang din po kame sa pamilya kaya minsan ako nalang po ang gising at nag aantay ng pasko dahil matanda at bta po ang kasama ko kaya maaga natutulog .,natutulog,FIL
18696,1166,Minsan lang po kame magham ng pasko . apat lang din po kame sa pamilya kaya minsan ako nalang po ang gising at nag aantay ng pasko dahil matanda at bta po ang kasama ko kaya maaga natutulog .,.,OTH
18697,1167,No way magpabakuna nakakatakot fai ang mabuti ikaw nalang ang mauna ma'am,No,ENG
18698,1167,No way magpabakuna nakakatakot fai ang mabuti ikaw nalang ang mauna ma'am,way,ENG
18699,1167,No way magpabakuna nakakatakot fai ang mabuti ikaw nalang ang mauna ma'am,magpabakuna,FIL
18700,1167,No way magpabakuna nakakatakot fai ang mabuti ikaw nalang ang mauna ma'am,nakakatakot,FIL
18701,1167,No way magpabakuna nakakatakot fai ang mabuti ikaw nalang ang mauna ma'am,fai,OTH
18702,1167,No way magpabakuna nakakatakot fai ang mabuti ikaw nalang ang mauna ma'am,ang,FIL
18703,1167,No way magpabakuna nakakatakot fai ang mabuti ikaw nalang ang mauna ma'am,mabuti,FIL
18704,1167,No way magpabakuna nakakatakot fai ang mabuti ikaw nalang ang mauna ma'am,ikaw,FIL
18705,1167,No way magpabakuna nakakatakot fai ang mabuti ikaw nalang ang mauna ma'am,nalang,FIL
18706,1167,No way magpabakuna nakakatakot fai ang mabuti ikaw nalang ang mauna ma'am,ang,FIL
18707,1167,No way magpabakuna nakakatakot fai ang mabuti ikaw nalang ang mauna ma'am,mauna,FIL
18708,1167,No way magpabakuna nakakatakot fai ang mabuti ikaw nalang ang mauna ma'am,ma'am,ENG
18709,1168,lahat ata ng lumabas nilagay ko sa infographics na pinagawa,lahat,FIL
18710,1168,lahat ata ng lumabas nilagay ko sa infographics na pinagawa,ata,FIL
18711,1168,lahat ata ng lumabas nilagay ko sa infographics na pinagawa,ng,FIL
18712,1168,lahat ata ng lumabas nilagay ko sa infographics na pinagawa,lumabas,FIL
18713,1168,lahat ata ng lumabas nilagay ko sa infographics na pinagawa,nilagay,FIL
18714,1168,lahat ata ng lumabas nilagay ko sa infographics na pinagawa,ko,FIL
18715,1168,lahat ata ng lumabas nilagay ko sa infographics na pinagawa,sa,FIL
18716,1168,lahat ata ng lumabas nilagay ko sa infographics na pinagawa,infographics,ENG
18717,1168,lahat ata ng lumabas nilagay ko sa infographics na pinagawa,na,FIL
18718,1168,lahat ata ng lumabas nilagay ko sa infographics na pinagawa,pinagawa,FIL
18719,1169,Pero past 9 na talaga sila nagsisimula mag accomodate ng mga tao,Pero,FIL
18720,1169,Pero past 9 na talaga sila nagsisimula mag accomodate ng mga tao,past,ENG
18721,1169,Pero past 9 na talaga sila nagsisimula mag accomodate ng mga tao,9,OTH
18722,1169,Pero past 9 na talaga sila nagsisimula mag accomodate ng mga tao,na,FIL
18723,1169,Pero past 9 na talaga sila nagsisimula mag accomodate ng mga tao,talaga,FIL
18724,1169,Pero past 9 na talaga sila nagsisimula mag accomodate ng mga tao,sila,FIL
18725,1169,Pero past 9 na talaga sila nagsisimula mag accomodate ng mga tao,nagsisimula,FIL
18726,1169,Pero past 9 na talaga sila nagsisimula mag accomodate ng mga tao,mag,FIL
18727,1169,Pero past 9 na talaga sila nagsisimula mag accomodate ng mga tao,accomodate,ENG
18728,1169,Pero past 9 na talaga sila nagsisimula mag accomodate ng mga tao,ng,FIL
18729,1169,Pero past 9 na talaga sila nagsisimula mag accomodate ng mga tao,mga,FIL
18730,1169,Pero past 9 na talaga sila nagsisimula mag accomodate ng mga tao,tao,FIL
18731,1170,Bayaran kayo dapat patas ang laban kung maari hwag na kayong mag survey dahil alam na nang smartmatic ang mananalo,Bayaran,FIL
18732,1170,Bayaran kayo dapat patas ang laban kung maari hwag na kayong mag survey dahil alam na nang smartmatic ang mananalo,kayo,FIL
18733,1170,Bayaran kayo dapat patas ang laban kung maari hwag na kayong mag survey dahil alam na nang smartmatic ang mananalo,dapat,FIL
18734,1170,Bayaran kayo dapat patas ang laban kung maari hwag na kayong mag survey dahil alam na nang smartmatic ang mananalo,patas,FIL
18735,1170,Bayaran kayo dapat patas ang laban kung maari hwag na kayong mag survey dahil alam na nang smartmatic ang mananalo,ang,FIL
18736,1170,Bayaran kayo dapat patas ang laban kung maari hwag na kayong mag survey dahil alam na nang smartmatic ang mananalo,laban,FIL
18737,1170,Bayaran kayo dapat patas ang laban kung maari hwag na kayong mag survey dahil alam na nang smartmatic ang mananalo,kung,FIL
18738,1170,Bayaran kayo dapat patas ang laban kung maari hwag na kayong mag survey dahil alam na nang smartmatic ang mananalo,maari,FIL
18739,1170,Bayaran kayo dapat patas ang laban kung maari hwag na kayong mag survey dahil alam na nang smartmatic ang mananalo,hwag,FIL
18740,1170,Bayaran kayo dapat patas ang laban kung maari hwag na kayong mag survey dahil alam na nang smartmatic ang mananalo,na,FIL
18741,1170,Bayaran kayo dapat patas ang laban kung maari hwag na kayong mag survey dahil alam na nang smartmatic ang mananalo,kayong,FIL
18742,1170,Bayaran kayo dapat patas ang laban kung maari hwag na kayong mag survey dahil alam na nang smartmatic ang mananalo,mag,FIL
18743,1170,Bayaran kayo dapat patas ang laban kung maari hwag na kayong mag survey dahil alam na nang smartmatic ang mananalo,survey,ENG
18744,1170,Bayaran kayo dapat patas ang laban kung maari hwag na kayong mag survey dahil alam na nang smartmatic ang mananalo,dahil,FIL
18745,1170,Bayaran kayo dapat patas ang laban kung maari hwag na kayong mag survey dahil alam na nang smartmatic ang mananalo,alam,FIL
18746,1170,Bayaran kayo dapat patas ang laban kung maari hwag na kayong mag survey dahil alam na nang smartmatic ang mananalo,na,FIL
18747,1170,Bayaran kayo dapat patas ang laban kung maari hwag na kayong mag survey dahil alam na nang smartmatic ang mananalo,nang,FIL
18748,1170,Bayaran kayo dapat patas ang laban kung maari hwag na kayong mag survey dahil alam na nang smartmatic ang mananalo,smartmatic,OTH
18749,1170,Bayaran kayo dapat patas ang laban kung maari hwag na kayong mag survey dahil alam na nang smartmatic ang mananalo,ang,FIL
18750,1170,Bayaran kayo dapat patas ang laban kung maari hwag na kayong mag survey dahil alam na nang smartmatic ang mananalo,mananalo,FIL
18751,1171,Nanawagan rin siya na tulungan ang kanyang kaibigang si Sam Bernardo na isa rin sa mga nominadong housemates at posibleng mapalabas ng Bahay ni Kuya .,Nanawagan,FIL
18752,1171,Nanawagan rin siya na tulungan ang kanyang kaibigang si Sam Bernardo na isa rin sa mga nominadong housemates at posibleng mapalabas ng Bahay ni Kuya .,rin,FIL
18753,1171,Nanawagan rin siya na tulungan ang kanyang kaibigang si Sam Bernardo na isa rin sa mga nominadong housemates at posibleng mapalabas ng Bahay ni Kuya .,siya,FIL
18754,1171,Nanawagan rin siya na tulungan ang kanyang kaibigang si Sam Bernardo na isa rin sa mga nominadong housemates at posibleng mapalabas ng Bahay ni Kuya .,na,FIL
18755,1171,Nanawagan rin siya na tulungan ang kanyang kaibigang si Sam Bernardo na isa rin sa mga nominadong housemates at posibleng mapalabas ng Bahay ni Kuya .,tulungan,FIL
18756,1171,Nanawagan rin siya na tulungan ang kanyang kaibigang si Sam Bernardo na isa rin sa mga nominadong housemates at posibleng mapalabas ng Bahay ni Kuya .,ang,FIL
18757,1171,Nanawagan rin siya na tulungan ang kanyang kaibigang si Sam Bernardo na isa rin sa mga nominadong housemates at posibleng mapalabas ng Bahay ni Kuya .,kanyang,FIL
18758,1171,Nanawagan rin siya na tulungan ang kanyang kaibigang si Sam Bernardo na isa rin sa mga nominadong housemates at posibleng mapalabas ng Bahay ni Kuya .,kaibigang,FIL
18759,1171,Nanawagan rin siya na tulungan ang kanyang kaibigang si Sam Bernardo na isa rin sa mga nominadong housemates at posibleng mapalabas ng Bahay ni Kuya .,si,FIL
18760,1171,Nanawagan rin siya na tulungan ang kanyang kaibigang si Sam Bernardo na isa rin sa mga nominadong housemates at posibleng mapalabas ng Bahay ni Kuya .,Sam,OTH
18761,1171,Nanawagan rin siya na tulungan ang kanyang kaibigang si Sam Bernardo na isa rin sa mga nominadong housemates at posibleng mapalabas ng Bahay ni Kuya .,Bernardo,OTH
18762,1171,Nanawagan rin siya na tulungan ang kanyang kaibigang si Sam Bernardo na isa rin sa mga nominadong housemates at posibleng mapalabas ng Bahay ni Kuya .,na,FIL
18763,1171,Nanawagan rin siya na tulungan ang kanyang kaibigang si Sam Bernardo na isa rin sa mga nominadong housemates at posibleng mapalabas ng Bahay ni Kuya .,isa,FIL
18764,1171,Nanawagan rin siya na tulungan ang kanyang kaibigang si Sam Bernardo na isa rin sa mga nominadong housemates at posibleng mapalabas ng Bahay ni Kuya .,rin,FIL
18765,1171,Nanawagan rin siya na tulungan ang kanyang kaibigang si Sam Bernardo na isa rin sa mga nominadong housemates at posibleng mapalabas ng Bahay ni Kuya .,sa,FIL
18766,1171,Nanawagan rin siya na tulungan ang kanyang kaibigang si Sam Bernardo na isa rin sa mga nominadong housemates at posibleng mapalabas ng Bahay ni Kuya .,mga,FIL
18767,1171,Nanawagan rin siya na tulungan ang kanyang kaibigang si Sam Bernardo na isa rin sa mga nominadong housemates at posibleng mapalabas ng Bahay ni Kuya .,nominadong,FIL
18768,1171,Nanawagan rin siya na tulungan ang kanyang kaibigang si Sam Bernardo na isa rin sa mga nominadong housemates at posibleng mapalabas ng Bahay ni Kuya .,housemates,ENG
18769,1171,Nanawagan rin siya na tulungan ang kanyang kaibigang si Sam Bernardo na isa rin sa mga nominadong housemates at posibleng mapalabas ng Bahay ni Kuya .,at,FIL
18770,1171,Nanawagan rin siya na tulungan ang kanyang kaibigang si Sam Bernardo na isa rin sa mga nominadong housemates at posibleng mapalabas ng Bahay ni Kuya .,posibleng,FIL
18771,1171,Nanawagan rin siya na tulungan ang kanyang kaibigang si Sam Bernardo na isa rin sa mga nominadong housemates at posibleng mapalabas ng Bahay ni Kuya .,mapalabas,FIL
18772,1171,Nanawagan rin siya na tulungan ang kanyang kaibigang si Sam Bernardo na isa rin sa mga nominadong housemates at posibleng mapalabas ng Bahay ni Kuya .,ng,FIL
18773,1171,Nanawagan rin siya na tulungan ang kanyang kaibigang si Sam Bernardo na isa rin sa mga nominadong housemates at posibleng mapalabas ng Bahay ni Kuya .,Bahay,FIL
18774,1171,Nanawagan rin siya na tulungan ang kanyang kaibigang si Sam Bernardo na isa rin sa mga nominadong housemates at posibleng mapalabas ng Bahay ni Kuya .,ni,FIL
18775,1171,Nanawagan rin siya na tulungan ang kanyang kaibigang si Sam Bernardo na isa rin sa mga nominadong housemates at posibleng mapalabas ng Bahay ni Kuya .,Kuya,FIL
18776,1171,Nanawagan rin siya na tulungan ang kanyang kaibigang si Sam Bernardo na isa rin sa mga nominadong housemates at posibleng mapalabas ng Bahay ni Kuya .,.,OTH
18777,1172,"Dadalo sa funeral ng kanyang lolo na si Prince Philip ang Duke of Sussex na si Prince Harry , pero hindi makakasama ang misis na si Meghan Markle dahil sa buntis ito ngayon .",Dadalo,FIL
18778,1172,"Dadalo sa funeral ng kanyang lolo na si Prince Philip ang Duke of Sussex na si Prince Harry , pero hindi makakasama ang misis na si Meghan Markle dahil sa buntis ito ngayon .",sa,FIL
18779,1172,"Dadalo sa funeral ng kanyang lolo na si Prince Philip ang Duke of Sussex na si Prince Harry , pero hindi makakasama ang misis na si Meghan Markle dahil sa buntis ito ngayon .",funeral,ENG
18780,1172,"Dadalo sa funeral ng kanyang lolo na si Prince Philip ang Duke of Sussex na si Prince Harry , pero hindi makakasama ang misis na si Meghan Markle dahil sa buntis ito ngayon .",ng,FIL
18781,1172,"Dadalo sa funeral ng kanyang lolo na si Prince Philip ang Duke of Sussex na si Prince Harry , pero hindi makakasama ang misis na si Meghan Markle dahil sa buntis ito ngayon .",kanyang,FIL
18782,1172,"Dadalo sa funeral ng kanyang lolo na si Prince Philip ang Duke of Sussex na si Prince Harry , pero hindi makakasama ang misis na si Meghan Markle dahil sa buntis ito ngayon .",lolo,FIL
18783,1172,"Dadalo sa funeral ng kanyang lolo na si Prince Philip ang Duke of Sussex na si Prince Harry , pero hindi makakasama ang misis na si Meghan Markle dahil sa buntis ito ngayon .",na,FIL
18784,1172,"Dadalo sa funeral ng kanyang lolo na si Prince Philip ang Duke of Sussex na si Prince Harry , pero hindi makakasama ang misis na si Meghan Markle dahil sa buntis ito ngayon .",si,FIL
18785,1172,"Dadalo sa funeral ng kanyang lolo na si Prince Philip ang Duke of Sussex na si Prince Harry , pero hindi makakasama ang misis na si Meghan Markle dahil sa buntis ito ngayon .",Prince,ENG
18786,1172,"Dadalo sa funeral ng kanyang lolo na si Prince Philip ang Duke of Sussex na si Prince Harry , pero hindi makakasama ang misis na si Meghan Markle dahil sa buntis ito ngayon .",Philip,OTH
18787,1172,"Dadalo sa funeral ng kanyang lolo na si Prince Philip ang Duke of Sussex na si Prince Harry , pero hindi makakasama ang misis na si Meghan Markle dahil sa buntis ito ngayon .",ang,FIL
18788,1172,"Dadalo sa funeral ng kanyang lolo na si Prince Philip ang Duke of Sussex na si Prince Harry , pero hindi makakasama ang misis na si Meghan Markle dahil sa buntis ito ngayon .",Duke,ENG
18789,1172,"Dadalo sa funeral ng kanyang lolo na si Prince Philip ang Duke of Sussex na si Prince Harry , pero hindi makakasama ang misis na si Meghan Markle dahil sa buntis ito ngayon .",of,ENG
18790,1172,"Dadalo sa funeral ng kanyang lolo na si Prince Philip ang Duke of Sussex na si Prince Harry , pero hindi makakasama ang misis na si Meghan Markle dahil sa buntis ito ngayon .",Sussex,OTH
18791,1172,"Dadalo sa funeral ng kanyang lolo na si Prince Philip ang Duke of Sussex na si Prince Harry , pero hindi makakasama ang misis na si Meghan Markle dahil sa buntis ito ngayon .",na,FIL
18792,1172,"Dadalo sa funeral ng kanyang lolo na si Prince Philip ang Duke of Sussex na si Prince Harry , pero hindi makakasama ang misis na si Meghan Markle dahil sa buntis ito ngayon .",si,FIL
18793,1172,"Dadalo sa funeral ng kanyang lolo na si Prince Philip ang Duke of Sussex na si Prince Harry , pero hindi makakasama ang misis na si Meghan Markle dahil sa buntis ito ngayon .",Prince,ENG
18794,1172,"Dadalo sa funeral ng kanyang lolo na si Prince Philip ang Duke of Sussex na si Prince Harry , pero hindi makakasama ang misis na si Meghan Markle dahil sa buntis ito ngayon .",Harry,OTH
18795,1172,"Dadalo sa funeral ng kanyang lolo na si Prince Philip ang Duke of Sussex na si Prince Harry , pero hindi makakasama ang misis na si Meghan Markle dahil sa buntis ito ngayon .",",",OTH
18796,1172,"Dadalo sa funeral ng kanyang lolo na si Prince Philip ang Duke of Sussex na si Prince Harry , pero hindi makakasama ang misis na si Meghan Markle dahil sa buntis ito ngayon .",pero,FIL
18797,1172,"Dadalo sa funeral ng kanyang lolo na si Prince Philip ang Duke of Sussex na si Prince Harry , pero hindi makakasama ang misis na si Meghan Markle dahil sa buntis ito ngayon .",hindi,FIL
18798,1172,"Dadalo sa funeral ng kanyang lolo na si Prince Philip ang Duke of Sussex na si Prince Harry , pero hindi makakasama ang misis na si Meghan Markle dahil sa buntis ito ngayon .",makakasama,FIL
18799,1172,"Dadalo sa funeral ng kanyang lolo na si Prince Philip ang Duke of Sussex na si Prince Harry , pero hindi makakasama ang misis na si Meghan Markle dahil sa buntis ito ngayon .",ang,FIL
18800,1172,"Dadalo sa funeral ng kanyang lolo na si Prince Philip ang Duke of Sussex na si Prince Harry , pero hindi makakasama ang misis na si Meghan Markle dahil sa buntis ito ngayon .",misis,FIL
18801,1172,"Dadalo sa funeral ng kanyang lolo na si Prince Philip ang Duke of Sussex na si Prince Harry , pero hindi makakasama ang misis na si Meghan Markle dahil sa buntis ito ngayon .",na,FIL
18802,1172,"Dadalo sa funeral ng kanyang lolo na si Prince Philip ang Duke of Sussex na si Prince Harry , pero hindi makakasama ang misis na si Meghan Markle dahil sa buntis ito ngayon .",si,FIL
18803,1172,"Dadalo sa funeral ng kanyang lolo na si Prince Philip ang Duke of Sussex na si Prince Harry , pero hindi makakasama ang misis na si Meghan Markle dahil sa buntis ito ngayon .",Meghan,OTH
18804,1172,"Dadalo sa funeral ng kanyang lolo na si Prince Philip ang Duke of Sussex na si Prince Harry , pero hindi makakasama ang misis na si Meghan Markle dahil sa buntis ito ngayon .",Markle,OTH
18805,1172,"Dadalo sa funeral ng kanyang lolo na si Prince Philip ang Duke of Sussex na si Prince Harry , pero hindi makakasama ang misis na si Meghan Markle dahil sa buntis ito ngayon .",dahil,FIL
18806,1172,"Dadalo sa funeral ng kanyang lolo na si Prince Philip ang Duke of Sussex na si Prince Harry , pero hindi makakasama ang misis na si Meghan Markle dahil sa buntis ito ngayon .",sa,FIL
18807,1172,"Dadalo sa funeral ng kanyang lolo na si Prince Philip ang Duke of Sussex na si Prince Harry , pero hindi makakasama ang misis na si Meghan Markle dahil sa buntis ito ngayon .",buntis,FIL
18808,1172,"Dadalo sa funeral ng kanyang lolo na si Prince Philip ang Duke of Sussex na si Prince Harry , pero hindi makakasama ang misis na si Meghan Markle dahil sa buntis ito ngayon .",ito,FIL
18809,1172,"Dadalo sa funeral ng kanyang lolo na si Prince Philip ang Duke of Sussex na si Prince Harry , pero hindi makakasama ang misis na si Meghan Markle dahil sa buntis ito ngayon .",ngayon,FIL
18810,1172,"Dadalo sa funeral ng kanyang lolo na si Prince Philip ang Duke of Sussex na si Prince Harry , pero hindi makakasama ang misis na si Meghan Markle dahil sa buntis ito ngayon .",.,OTH
18811,1173,"bakit po minsan hindi gumagana ang chitin jump , at ang inaatake nya ay ang nasa unahan na axie ?",bakit,FIL
18812,1173,"bakit po minsan hindi gumagana ang chitin jump , at ang inaatake nya ay ang nasa unahan na axie ?",po,FIL
18813,1173,"bakit po minsan hindi gumagana ang chitin jump , at ang inaatake nya ay ang nasa unahan na axie ?",minsan,FIL
18814,1173,"bakit po minsan hindi gumagana ang chitin jump , at ang inaatake nya ay ang nasa unahan na axie ?",hindi,FIL
18815,1173,"bakit po minsan hindi gumagana ang chitin jump , at ang inaatake nya ay ang nasa unahan na axie ?",gumagana,FIL
18816,1173,"bakit po minsan hindi gumagana ang chitin jump , at ang inaatake nya ay ang nasa unahan na axie ?",ang,FIL
18817,1173,"bakit po minsan hindi gumagana ang chitin jump , at ang inaatake nya ay ang nasa unahan na axie ?",chitin,ENG
18818,1173,"bakit po minsan hindi gumagana ang chitin jump , at ang inaatake nya ay ang nasa unahan na axie ?",jump,ENG
18819,1173,"bakit po minsan hindi gumagana ang chitin jump , at ang inaatake nya ay ang nasa unahan na axie ?",",",OTH
18820,1173,"bakit po minsan hindi gumagana ang chitin jump , at ang inaatake nya ay ang nasa unahan na axie ?",at,FIL
18821,1173,"bakit po minsan hindi gumagana ang chitin jump , at ang inaatake nya ay ang nasa unahan na axie ?",ang,FIL
18822,1173,"bakit po minsan hindi gumagana ang chitin jump , at ang inaatake nya ay ang nasa unahan na axie ?",inaatake,FIL
18823,1173,"bakit po minsan hindi gumagana ang chitin jump , at ang inaatake nya ay ang nasa unahan na axie ?",nya,FIL
18824,1173,"bakit po minsan hindi gumagana ang chitin jump , at ang inaatake nya ay ang nasa unahan na axie ?",ay,FIL
18825,1173,"bakit po minsan hindi gumagana ang chitin jump , at ang inaatake nya ay ang nasa unahan na axie ?",ang,FIL
18826,1173,"bakit po minsan hindi gumagana ang chitin jump , at ang inaatake nya ay ang nasa unahan na axie ?",nasa,FIL
18827,1173,"bakit po minsan hindi gumagana ang chitin jump , at ang inaatake nya ay ang nasa unahan na axie ?",unahan,FIL
18828,1173,"bakit po minsan hindi gumagana ang chitin jump , at ang inaatake nya ay ang nasa unahan na axie ?",na,FIL
18829,1173,"bakit po minsan hindi gumagana ang chitin jump , at ang inaatake nya ay ang nasa unahan na axie ?",axie,OTH
18830,1173,"bakit po minsan hindi gumagana ang chitin jump , at ang inaatake nya ay ang nasa unahan na axie ?",?,OTH
18831,1174,Magandang gabi mga ka Ogienatics,Magandang,FIL
18832,1174,Magandang gabi mga ka Ogienatics,gabi,FIL
18833,1174,Magandang gabi mga ka Ogienatics,mga,FIL
18834,1174,Magandang gabi mga ka Ogienatics,ka,FIL
18835,1174,Magandang gabi mga ka Ogienatics,Ogienatics,OTH
18836,1175,"03 Nakatayo lang ako rito sa harap ng gate , clueless kung ano ba dapat kong gawin .",3,OTH
18837,1175,"03 Nakatayo lang ako rito sa harap ng gate , clueless kung ano ba dapat kong gawin .",Nakatayo,FIL
18838,1175,"03 Nakatayo lang ako rito sa harap ng gate , clueless kung ano ba dapat kong gawin .",lang,FIL
18839,1175,"03 Nakatayo lang ako rito sa harap ng gate , clueless kung ano ba dapat kong gawin .",ako,FIL
18840,1175,"03 Nakatayo lang ako rito sa harap ng gate , clueless kung ano ba dapat kong gawin .",rito,FIL
18841,1175,"03 Nakatayo lang ako rito sa harap ng gate , clueless kung ano ba dapat kong gawin .",sa,FIL
18842,1175,"03 Nakatayo lang ako rito sa harap ng gate , clueless kung ano ba dapat kong gawin .",harap,FIL
18843,1175,"03 Nakatayo lang ako rito sa harap ng gate , clueless kung ano ba dapat kong gawin .",ng,FIL
18844,1175,"03 Nakatayo lang ako rito sa harap ng gate , clueless kung ano ba dapat kong gawin .",gate,ENG
18845,1175,"03 Nakatayo lang ako rito sa harap ng gate , clueless kung ano ba dapat kong gawin .",",",OTH
18846,1175,"03 Nakatayo lang ako rito sa harap ng gate , clueless kung ano ba dapat kong gawin .",clueless,ENG
18847,1175,"03 Nakatayo lang ako rito sa harap ng gate , clueless kung ano ba dapat kong gawin .",kung,FIL
18848,1175,"03 Nakatayo lang ako rito sa harap ng gate , clueless kung ano ba dapat kong gawin .",ano,FIL
18849,1175,"03 Nakatayo lang ako rito sa harap ng gate , clueless kung ano ba dapat kong gawin .",ba,FIL
18850,1175,"03 Nakatayo lang ako rito sa harap ng gate , clueless kung ano ba dapat kong gawin .",dapat,FIL
18851,1175,"03 Nakatayo lang ako rito sa harap ng gate , clueless kung ano ba dapat kong gawin .",kong,FIL
18852,1175,"03 Nakatayo lang ako rito sa harap ng gate , clueless kung ano ba dapat kong gawin .",gawin,FIL
18853,1175,"03 Nakatayo lang ako rito sa harap ng gate , clueless kung ano ba dapat kong gawin .",.,OTH
18854,1176,Kahit mayaman na kayo sobrang organized mo naglalaan kapaden ng time sa pagpapaganda ng balor nyo !,Kahit,FIL
18855,1176,Kahit mayaman na kayo sobrang organized mo naglalaan kapaden ng time sa pagpapaganda ng balor nyo !,mayaman,FIL
18856,1176,Kahit mayaman na kayo sobrang organized mo naglalaan kapaden ng time sa pagpapaganda ng balor nyo !,na,FIL
18857,1176,Kahit mayaman na kayo sobrang organized mo naglalaan kapaden ng time sa pagpapaganda ng balor nyo !,kayo,FIL
18858,1176,Kahit mayaman na kayo sobrang organized mo naglalaan kapaden ng time sa pagpapaganda ng balor nyo !,sobrang,FIL
18859,1176,Kahit mayaman na kayo sobrang organized mo naglalaan kapaden ng time sa pagpapaganda ng balor nyo !,organized,ENG
18860,1176,Kahit mayaman na kayo sobrang organized mo naglalaan kapaden ng time sa pagpapaganda ng balor nyo !,mo,FIL
18861,1176,Kahit mayaman na kayo sobrang organized mo naglalaan kapaden ng time sa pagpapaganda ng balor nyo !,naglalaan,FIL
18862,1176,Kahit mayaman na kayo sobrang organized mo naglalaan kapaden ng time sa pagpapaganda ng balor nyo !,kapaden,OTH
18863,1176,Kahit mayaman na kayo sobrang organized mo naglalaan kapaden ng time sa pagpapaganda ng balor nyo !,ng,FIL
18864,1176,Kahit mayaman na kayo sobrang organized mo naglalaan kapaden ng time sa pagpapaganda ng balor nyo !,time,ENG
18865,1176,Kahit mayaman na kayo sobrang organized mo naglalaan kapaden ng time sa pagpapaganda ng balor nyo !,sa,FIL
18866,1176,Kahit mayaman na kayo sobrang organized mo naglalaan kapaden ng time sa pagpapaganda ng balor nyo !,pagpapaganda,FIL
18867,1176,Kahit mayaman na kayo sobrang organized mo naglalaan kapaden ng time sa pagpapaganda ng balor nyo !,ng,FIL
18868,1176,Kahit mayaman na kayo sobrang organized mo naglalaan kapaden ng time sa pagpapaganda ng balor nyo !,balor,FIL
18869,1176,Kahit mayaman na kayo sobrang organized mo naglalaan kapaden ng time sa pagpapaganda ng balor nyo !,nyo,FIL
18870,1176,Kahit mayaman na kayo sobrang organized mo naglalaan kapaden ng time sa pagpapaganda ng balor nyo !,!,OTH
18871,1178,"Magagaling ang heart ko pag tinanong kita kung cnu ka , at bakit ka nagrereply sa walang kwenta kong tweets .",Magagaling,FIL
18872,1178,"Magagaling ang heart ko pag tinanong kita kung cnu ka , at bakit ka nagrereply sa walang kwenta kong tweets .",ang,FIL
18873,1178,"Magagaling ang heart ko pag tinanong kita kung cnu ka , at bakit ka nagrereply sa walang kwenta kong tweets .",heart,ENG
18874,1178,"Magagaling ang heart ko pag tinanong kita kung cnu ka , at bakit ka nagrereply sa walang kwenta kong tweets .",ko,FIL
18875,1178,"Magagaling ang heart ko pag tinanong kita kung cnu ka , at bakit ka nagrereply sa walang kwenta kong tweets .",pag,FIL
18876,1178,"Magagaling ang heart ko pag tinanong kita kung cnu ka , at bakit ka nagrereply sa walang kwenta kong tweets .",tinanong,FIL
18877,1178,"Magagaling ang heart ko pag tinanong kita kung cnu ka , at bakit ka nagrereply sa walang kwenta kong tweets .",kita,FIL
18878,1178,"Magagaling ang heart ko pag tinanong kita kung cnu ka , at bakit ka nagrereply sa walang kwenta kong tweets .",kung,FIL
18879,1178,"Magagaling ang heart ko pag tinanong kita kung cnu ka , at bakit ka nagrereply sa walang kwenta kong tweets .",cnu,FIL
18880,1178,"Magagaling ang heart ko pag tinanong kita kung cnu ka , at bakit ka nagrereply sa walang kwenta kong tweets .",ka,FIL
18881,1178,"Magagaling ang heart ko pag tinanong kita kung cnu ka , at bakit ka nagrereply sa walang kwenta kong tweets .",",",OTH
18882,1178,"Magagaling ang heart ko pag tinanong kita kung cnu ka , at bakit ka nagrereply sa walang kwenta kong tweets .",at,FIL
18883,1178,"Magagaling ang heart ko pag tinanong kita kung cnu ka , at bakit ka nagrereply sa walang kwenta kong tweets .",bakit,FIL
18884,1178,"Magagaling ang heart ko pag tinanong kita kung cnu ka , at bakit ka nagrereply sa walang kwenta kong tweets .",ka,FIL
18885,1178,"Magagaling ang heart ko pag tinanong kita kung cnu ka , at bakit ka nagrereply sa walang kwenta kong tweets .",nagrereply,CS
18886,1178,"Magagaling ang heart ko pag tinanong kita kung cnu ka , at bakit ka nagrereply sa walang kwenta kong tweets .",sa,FIL
18887,1178,"Magagaling ang heart ko pag tinanong kita kung cnu ka , at bakit ka nagrereply sa walang kwenta kong tweets .",walang,FIL
18888,1178,"Magagaling ang heart ko pag tinanong kita kung cnu ka , at bakit ka nagrereply sa walang kwenta kong tweets .",kwenta,FIL
18889,1178,"Magagaling ang heart ko pag tinanong kita kung cnu ka , at bakit ka nagrereply sa walang kwenta kong tweets .",kong,FIL
18890,1178,"Magagaling ang heart ko pag tinanong kita kung cnu ka , at bakit ka nagrereply sa walang kwenta kong tweets .",tweets,ENG
18891,1178,"Magagaling ang heart ko pag tinanong kita kung cnu ka , at bakit ka nagrereply sa walang kwenta kong tweets .",.,OTH
18892,1180,napasa na ang sa cdi haha,napasa,FIL
18893,1180,napasa na ang sa cdi haha,na,FIL
18894,1180,napasa na ang sa cdi haha,ang,FIL
18895,1180,napasa na ang sa cdi haha,sa,FIL
18896,1180,napasa na ang sa cdi haha,cdi,OTH
18897,1180,napasa na ang sa cdi haha,haha,OTH
18898,1181,Sana psychological thriller nga ang ibigay ng GMA kay Bea .,Sana,FIL
18899,1181,Sana psychological thriller nga ang ibigay ng GMA kay Bea .,psychological,ENG
18900,1181,Sana psychological thriller nga ang ibigay ng GMA kay Bea .,thriller,ENG
18901,1181,Sana psychological thriller nga ang ibigay ng GMA kay Bea .,nga,FIL
18902,1181,Sana psychological thriller nga ang ibigay ng GMA kay Bea .,ang,FIL
18903,1181,Sana psychological thriller nga ang ibigay ng GMA kay Bea .,ibigay,FIL
18904,1181,Sana psychological thriller nga ang ibigay ng GMA kay Bea .,ng,FIL
18905,1181,Sana psychological thriller nga ang ibigay ng GMA kay Bea .,GMA,OTH
18906,1181,Sana psychological thriller nga ang ibigay ng GMA kay Bea .,kay,FIL
18907,1181,Sana psychological thriller nga ang ibigay ng GMA kay Bea .,Bea,OTH
18908,1181,Sana psychological thriller nga ang ibigay ng GMA kay Bea .,.,OTH
18909,1182,binabagabag na naman ako ng panaginip ko,binabagabag,FIL
18910,1182,binabagabag na naman ako ng panaginip ko,na,FIL
18911,1182,binabagabag na naman ako ng panaginip ko,naman,FIL
18912,1182,binabagabag na naman ako ng panaginip ko,ako,FIL
18913,1182,binabagabag na naman ako ng panaginip ko,ng,FIL
18914,1182,binabagabag na naman ako ng panaginip ko,panaginip,FIL
18915,1182,binabagabag na naman ako ng panaginip ko,ko,FIL
18916,1183,kilala ko na mga nagr-rt ng rts diyan .,kilala,FIL
18917,1183,kilala ko na mga nagr-rt ng rts diyan .,ko,FIL
18918,1183,kilala ko na mga nagr-rt ng rts diyan .,na,FIL
18919,1183,kilala ko na mga nagr-rt ng rts diyan .,mga,FIL
18920,1183,kilala ko na mga nagr-rt ng rts diyan .,nagr-rt,CS
18921,1183,kilala ko na mga nagr-rt ng rts diyan .,ng,FIL
18922,1183,kilala ko na mga nagr-rt ng rts diyan .,rts,OTH
18923,1183,kilala ko na mga nagr-rt ng rts diyan .,diyan,FIL
18924,1183,kilala ko na mga nagr-rt ng rts diyan .,.,OTH
18925,1184,Finalize ko lang lahat tapos gagawa na ako ng form .,Finalize,ENG
18926,1184,Finalize ko lang lahat tapos gagawa na ako ng form .,ko,FIL
18927,1184,Finalize ko lang lahat tapos gagawa na ako ng form .,lang,FIL
18928,1184,Finalize ko lang lahat tapos gagawa na ako ng form .,lahat,FIL
18929,1184,Finalize ko lang lahat tapos gagawa na ako ng form .,tapos,FIL
18930,1184,Finalize ko lang lahat tapos gagawa na ako ng form .,gagawa,FIL
18931,1184,Finalize ko lang lahat tapos gagawa na ako ng form .,na,FIL
18932,1184,Finalize ko lang lahat tapos gagawa na ako ng form .,ako,FIL
18933,1184,Finalize ko lang lahat tapos gagawa na ako ng form .,ng,FIL
18934,1184,Finalize ko lang lahat tapos gagawa na ako ng form .,form,ENG
18935,1184,Finalize ko lang lahat tapos gagawa na ako ng form .,.,OTH
18936,1186,"Sana sa tamang panahon mahanap mo na yung taong para sa'yo , yung taong hindi mo na bibigyan ng panibagong liham na pamamaalam .",Sana,FIL
18937,1186,"Sana sa tamang panahon mahanap mo na yung taong para sa'yo , yung taong hindi mo na bibigyan ng panibagong liham na pamamaalam .",sa,FIL
18938,1186,"Sana sa tamang panahon mahanap mo na yung taong para sa'yo , yung taong hindi mo na bibigyan ng panibagong liham na pamamaalam .",tamang,FIL
18939,1186,"Sana sa tamang panahon mahanap mo na yung taong para sa'yo , yung taong hindi mo na bibigyan ng panibagong liham na pamamaalam .",panahon,FIL
18940,1186,"Sana sa tamang panahon mahanap mo na yung taong para sa'yo , yung taong hindi mo na bibigyan ng panibagong liham na pamamaalam .",mahanap,FIL
18941,1186,"Sana sa tamang panahon mahanap mo na yung taong para sa'yo , yung taong hindi mo na bibigyan ng panibagong liham na pamamaalam .",mo,FIL
18942,1186,"Sana sa tamang panahon mahanap mo na yung taong para sa'yo , yung taong hindi mo na bibigyan ng panibagong liham na pamamaalam .",na,FIL
18943,1186,"Sana sa tamang panahon mahanap mo na yung taong para sa'yo , yung taong hindi mo na bibigyan ng panibagong liham na pamamaalam .",yung,FIL
18944,1186,"Sana sa tamang panahon mahanap mo na yung taong para sa'yo , yung taong hindi mo na bibigyan ng panibagong liham na pamamaalam .",taong,FIL
18945,1186,"Sana sa tamang panahon mahanap mo na yung taong para sa'yo , yung taong hindi mo na bibigyan ng panibagong liham na pamamaalam .",para,FIL
18946,1186,"Sana sa tamang panahon mahanap mo na yung taong para sa'yo , yung taong hindi mo na bibigyan ng panibagong liham na pamamaalam .",sa'yo,FIL
18947,1186,"Sana sa tamang panahon mahanap mo na yung taong para sa'yo , yung taong hindi mo na bibigyan ng panibagong liham na pamamaalam .",",",OTH
18948,1186,"Sana sa tamang panahon mahanap mo na yung taong para sa'yo , yung taong hindi mo na bibigyan ng panibagong liham na pamamaalam .",yung,FIL
18949,1186,"Sana sa tamang panahon mahanap mo na yung taong para sa'yo , yung taong hindi mo na bibigyan ng panibagong liham na pamamaalam .",taong,FIL
18950,1186,"Sana sa tamang panahon mahanap mo na yung taong para sa'yo , yung taong hindi mo na bibigyan ng panibagong liham na pamamaalam .",hindi,FIL
18951,1186,"Sana sa tamang panahon mahanap mo na yung taong para sa'yo , yung taong hindi mo na bibigyan ng panibagong liham na pamamaalam .",mo,FIL
18952,1186,"Sana sa tamang panahon mahanap mo na yung taong para sa'yo , yung taong hindi mo na bibigyan ng panibagong liham na pamamaalam .",na,FIL
18953,1186,"Sana sa tamang panahon mahanap mo na yung taong para sa'yo , yung taong hindi mo na bibigyan ng panibagong liham na pamamaalam .",bibigyan,FIL
18954,1186,"Sana sa tamang panahon mahanap mo na yung taong para sa'yo , yung taong hindi mo na bibigyan ng panibagong liham na pamamaalam .",ng,FIL
18955,1186,"Sana sa tamang panahon mahanap mo na yung taong para sa'yo , yung taong hindi mo na bibigyan ng panibagong liham na pamamaalam .",panibagong,FIL
18956,1186,"Sana sa tamang panahon mahanap mo na yung taong para sa'yo , yung taong hindi mo na bibigyan ng panibagong liham na pamamaalam .",liham,FIL
18957,1186,"Sana sa tamang panahon mahanap mo na yung taong para sa'yo , yung taong hindi mo na bibigyan ng panibagong liham na pamamaalam .",na,FIL
18958,1186,"Sana sa tamang panahon mahanap mo na yung taong para sa'yo , yung taong hindi mo na bibigyan ng panibagong liham na pamamaalam .",pamamaalam,FIL
18959,1186,"Sana sa tamang panahon mahanap mo na yung taong para sa'yo , yung taong hindi mo na bibigyan ng panibagong liham na pamamaalam .",.,OTH
18960,1188,Kabilang sa bagong lyrics ng kanta ang Andito Kami Para Sa Yo at Andito Kami Dahil Sa Inyo na nagsasabing patuloy na paglilingkuran ng ABS-CBN ang mga Pilipino sa mga bagong pamamaraan at plataporma .,Kabilang,FIL
18961,1188,Kabilang sa bagong lyrics ng kanta ang Andito Kami Para Sa Yo at Andito Kami Dahil Sa Inyo na nagsasabing patuloy na paglilingkuran ng ABS-CBN ang mga Pilipino sa mga bagong pamamaraan at plataporma .,sa,FIL
18962,1188,Kabilang sa bagong lyrics ng kanta ang Andito Kami Para Sa Yo at Andito Kami Dahil Sa Inyo na nagsasabing patuloy na paglilingkuran ng ABS-CBN ang mga Pilipino sa mga bagong pamamaraan at plataporma .,bagong,FIL
18963,1188,Kabilang sa bagong lyrics ng kanta ang Andito Kami Para Sa Yo at Andito Kami Dahil Sa Inyo na nagsasabing patuloy na paglilingkuran ng ABS-CBN ang mga Pilipino sa mga bagong pamamaraan at plataporma .,lyrics,FIL
18964,1188,Kabilang sa bagong lyrics ng kanta ang Andito Kami Para Sa Yo at Andito Kami Dahil Sa Inyo na nagsasabing patuloy na paglilingkuran ng ABS-CBN ang mga Pilipino sa mga bagong pamamaraan at plataporma .,ng,FIL
18965,1188,Kabilang sa bagong lyrics ng kanta ang Andito Kami Para Sa Yo at Andito Kami Dahil Sa Inyo na nagsasabing patuloy na paglilingkuran ng ABS-CBN ang mga Pilipino sa mga bagong pamamaraan at plataporma .,kanta,FIL
18966,1188,Kabilang sa bagong lyrics ng kanta ang Andito Kami Para Sa Yo at Andito Kami Dahil Sa Inyo na nagsasabing patuloy na paglilingkuran ng ABS-CBN ang mga Pilipino sa mga bagong pamamaraan at plataporma .,ang,FIL
18967,1188,Kabilang sa bagong lyrics ng kanta ang Andito Kami Para Sa Yo at Andito Kami Dahil Sa Inyo na nagsasabing patuloy na paglilingkuran ng ABS-CBN ang mga Pilipino sa mga bagong pamamaraan at plataporma .,Andito,FIL
18968,1188,Kabilang sa bagong lyrics ng kanta ang Andito Kami Para Sa Yo at Andito Kami Dahil Sa Inyo na nagsasabing patuloy na paglilingkuran ng ABS-CBN ang mga Pilipino sa mga bagong pamamaraan at plataporma .,Kami,FIL
18969,1188,Kabilang sa bagong lyrics ng kanta ang Andito Kami Para Sa Yo at Andito Kami Dahil Sa Inyo na nagsasabing patuloy na paglilingkuran ng ABS-CBN ang mga Pilipino sa mga bagong pamamaraan at plataporma .,Para,FIL
18970,1188,Kabilang sa bagong lyrics ng kanta ang Andito Kami Para Sa Yo at Andito Kami Dahil Sa Inyo na nagsasabing patuloy na paglilingkuran ng ABS-CBN ang mga Pilipino sa mga bagong pamamaraan at plataporma .,Sa,FIL
18971,1188,Kabilang sa bagong lyrics ng kanta ang Andito Kami Para Sa Yo at Andito Kami Dahil Sa Inyo na nagsasabing patuloy na paglilingkuran ng ABS-CBN ang mga Pilipino sa mga bagong pamamaraan at plataporma .,Yo,FIL
18972,1188,Kabilang sa bagong lyrics ng kanta ang Andito Kami Para Sa Yo at Andito Kami Dahil Sa Inyo na nagsasabing patuloy na paglilingkuran ng ABS-CBN ang mga Pilipino sa mga bagong pamamaraan at plataporma .,at,FIL
18973,1188,Kabilang sa bagong lyrics ng kanta ang Andito Kami Para Sa Yo at Andito Kami Dahil Sa Inyo na nagsasabing patuloy na paglilingkuran ng ABS-CBN ang mga Pilipino sa mga bagong pamamaraan at plataporma .,Andito,FIL
18974,1188,Kabilang sa bagong lyrics ng kanta ang Andito Kami Para Sa Yo at Andito Kami Dahil Sa Inyo na nagsasabing patuloy na paglilingkuran ng ABS-CBN ang mga Pilipino sa mga bagong pamamaraan at plataporma .,Kami,FIL
18975,1188,Kabilang sa bagong lyrics ng kanta ang Andito Kami Para Sa Yo at Andito Kami Dahil Sa Inyo na nagsasabing patuloy na paglilingkuran ng ABS-CBN ang mga Pilipino sa mga bagong pamamaraan at plataporma .,Dahil,FIL
18976,1188,Kabilang sa bagong lyrics ng kanta ang Andito Kami Para Sa Yo at Andito Kami Dahil Sa Inyo na nagsasabing patuloy na paglilingkuran ng ABS-CBN ang mga Pilipino sa mga bagong pamamaraan at plataporma .,Sa,FIL
18977,1188,Kabilang sa bagong lyrics ng kanta ang Andito Kami Para Sa Yo at Andito Kami Dahil Sa Inyo na nagsasabing patuloy na paglilingkuran ng ABS-CBN ang mga Pilipino sa mga bagong pamamaraan at plataporma .,Inyo,FIL
18978,1188,Kabilang sa bagong lyrics ng kanta ang Andito Kami Para Sa Yo at Andito Kami Dahil Sa Inyo na nagsasabing patuloy na paglilingkuran ng ABS-CBN ang mga Pilipino sa mga bagong pamamaraan at plataporma .,na,FIL
18979,1188,Kabilang sa bagong lyrics ng kanta ang Andito Kami Para Sa Yo at Andito Kami Dahil Sa Inyo na nagsasabing patuloy na paglilingkuran ng ABS-CBN ang mga Pilipino sa mga bagong pamamaraan at plataporma .,nagsasabing,FIL
18980,1188,Kabilang sa bagong lyrics ng kanta ang Andito Kami Para Sa Yo at Andito Kami Dahil Sa Inyo na nagsasabing patuloy na paglilingkuran ng ABS-CBN ang mga Pilipino sa mga bagong pamamaraan at plataporma .,patuloy,FIL
18981,1188,Kabilang sa bagong lyrics ng kanta ang Andito Kami Para Sa Yo at Andito Kami Dahil Sa Inyo na nagsasabing patuloy na paglilingkuran ng ABS-CBN ang mga Pilipino sa mga bagong pamamaraan at plataporma .,na,FIL
18982,1188,Kabilang sa bagong lyrics ng kanta ang Andito Kami Para Sa Yo at Andito Kami Dahil Sa Inyo na nagsasabing patuloy na paglilingkuran ng ABS-CBN ang mga Pilipino sa mga bagong pamamaraan at plataporma .,paglilingkuran,FIL
18983,1188,Kabilang sa bagong lyrics ng kanta ang Andito Kami Para Sa Yo at Andito Kami Dahil Sa Inyo na nagsasabing patuloy na paglilingkuran ng ABS-CBN ang mga Pilipino sa mga bagong pamamaraan at plataporma .,ng,FIL
18984,1188,Kabilang sa bagong lyrics ng kanta ang Andito Kami Para Sa Yo at Andito Kami Dahil Sa Inyo na nagsasabing patuloy na paglilingkuran ng ABS-CBN ang mga Pilipino sa mga bagong pamamaraan at plataporma .,ABS-CBN,OTH
18985,1188,Kabilang sa bagong lyrics ng kanta ang Andito Kami Para Sa Yo at Andito Kami Dahil Sa Inyo na nagsasabing patuloy na paglilingkuran ng ABS-CBN ang mga Pilipino sa mga bagong pamamaraan at plataporma .,ang,FIL
18986,1188,Kabilang sa bagong lyrics ng kanta ang Andito Kami Para Sa Yo at Andito Kami Dahil Sa Inyo na nagsasabing patuloy na paglilingkuran ng ABS-CBN ang mga Pilipino sa mga bagong pamamaraan at plataporma .,mga,FIL
18987,1188,Kabilang sa bagong lyrics ng kanta ang Andito Kami Para Sa Yo at Andito Kami Dahil Sa Inyo na nagsasabing patuloy na paglilingkuran ng ABS-CBN ang mga Pilipino sa mga bagong pamamaraan at plataporma .,Pilipino,FIL
18988,1188,Kabilang sa bagong lyrics ng kanta ang Andito Kami Para Sa Yo at Andito Kami Dahil Sa Inyo na nagsasabing patuloy na paglilingkuran ng ABS-CBN ang mga Pilipino sa mga bagong pamamaraan at plataporma .,sa,FIL
18989,1188,Kabilang sa bagong lyrics ng kanta ang Andito Kami Para Sa Yo at Andito Kami Dahil Sa Inyo na nagsasabing patuloy na paglilingkuran ng ABS-CBN ang mga Pilipino sa mga bagong pamamaraan at plataporma .,mga,FIL
18990,1188,Kabilang sa bagong lyrics ng kanta ang Andito Kami Para Sa Yo at Andito Kami Dahil Sa Inyo na nagsasabing patuloy na paglilingkuran ng ABS-CBN ang mga Pilipino sa mga bagong pamamaraan at plataporma .,bagong,FIL
18991,1188,Kabilang sa bagong lyrics ng kanta ang Andito Kami Para Sa Yo at Andito Kami Dahil Sa Inyo na nagsasabing patuloy na paglilingkuran ng ABS-CBN ang mga Pilipino sa mga bagong pamamaraan at plataporma .,pamamaraan,FIL
18992,1188,Kabilang sa bagong lyrics ng kanta ang Andito Kami Para Sa Yo at Andito Kami Dahil Sa Inyo na nagsasabing patuloy na paglilingkuran ng ABS-CBN ang mga Pilipino sa mga bagong pamamaraan at plataporma .,at,FIL
18993,1188,Kabilang sa bagong lyrics ng kanta ang Andito Kami Para Sa Yo at Andito Kami Dahil Sa Inyo na nagsasabing patuloy na paglilingkuran ng ABS-CBN ang mga Pilipino sa mga bagong pamamaraan at plataporma .,plataporma,FIL
18994,1188,Kabilang sa bagong lyrics ng kanta ang Andito Kami Para Sa Yo at Andito Kami Dahil Sa Inyo na nagsasabing patuloy na paglilingkuran ng ABS-CBN ang mga Pilipino sa mga bagong pamamaraan at plataporma .,.,OTH
18995,1189,Dahil siya ang dapat at karapat-dapat na pangulo as 2022 .,Dahil,FIL
18996,1189,Dahil siya ang dapat at karapat-dapat na pangulo as 2022 .,siya,FIL
18997,1189,Dahil siya ang dapat at karapat-dapat na pangulo as 2022 .,ang,FIL
18998,1189,Dahil siya ang dapat at karapat-dapat na pangulo as 2022 .,dapat,FIL
18999,1189,Dahil siya ang dapat at karapat-dapat na pangulo as 2022 .,at,FIL
19000,1189,Dahil siya ang dapat at karapat-dapat na pangulo as 2022 .,karapat-dapat,FIL
19001,1189,Dahil siya ang dapat at karapat-dapat na pangulo as 2022 .,na,FIL
19002,1189,Dahil siya ang dapat at karapat-dapat na pangulo as 2022 .,pangulo,FIL
19003,1189,Dahil siya ang dapat at karapat-dapat na pangulo as 2022 .,as,FIL
19004,1189,Dahil siya ang dapat at karapat-dapat na pangulo as 2022 .,2022,OTH
19005,1189,Dahil siya ang dapat at karapat-dapat na pangulo as 2022 .,.,OTH
19006,1191,"- Minsan kasi pag ayaw na ng isang tao wag na natin ipilit , Matotoo tayong itigil ang mga bagay na malabo para sa atin .",-,OTH
19007,1191,"- Minsan kasi pag ayaw na ng isang tao wag na natin ipilit , Matotoo tayong itigil ang mga bagay na malabo para sa atin .",Minsan,FIL
19008,1191,"- Minsan kasi pag ayaw na ng isang tao wag na natin ipilit , Matotoo tayong itigil ang mga bagay na malabo para sa atin .",kasi,FIL
19009,1191,"- Minsan kasi pag ayaw na ng isang tao wag na natin ipilit , Matotoo tayong itigil ang mga bagay na malabo para sa atin .",pag,FIL
19010,1191,"- Minsan kasi pag ayaw na ng isang tao wag na natin ipilit , Matotoo tayong itigil ang mga bagay na malabo para sa atin .",ayaw,FIL
19011,1191,"- Minsan kasi pag ayaw na ng isang tao wag na natin ipilit , Matotoo tayong itigil ang mga bagay na malabo para sa atin .",na,FIL
19012,1191,"- Minsan kasi pag ayaw na ng isang tao wag na natin ipilit , Matotoo tayong itigil ang mga bagay na malabo para sa atin .",ng,FIL
19013,1191,"- Minsan kasi pag ayaw na ng isang tao wag na natin ipilit , Matotoo tayong itigil ang mga bagay na malabo para sa atin .",isang,FIL
19014,1191,"- Minsan kasi pag ayaw na ng isang tao wag na natin ipilit , Matotoo tayong itigil ang mga bagay na malabo para sa atin .",tao,FIL
19015,1191,"- Minsan kasi pag ayaw na ng isang tao wag na natin ipilit , Matotoo tayong itigil ang mga bagay na malabo para sa atin .",wag,FIL
19016,1191,"- Minsan kasi pag ayaw na ng isang tao wag na natin ipilit , Matotoo tayong itigil ang mga bagay na malabo para sa atin .",na,FIL
19017,1191,"- Minsan kasi pag ayaw na ng isang tao wag na natin ipilit , Matotoo tayong itigil ang mga bagay na malabo para sa atin .",natin,FIL
19018,1191,"- Minsan kasi pag ayaw na ng isang tao wag na natin ipilit , Matotoo tayong itigil ang mga bagay na malabo para sa atin .",ipilit,FIL
19019,1191,"- Minsan kasi pag ayaw na ng isang tao wag na natin ipilit , Matotoo tayong itigil ang mga bagay na malabo para sa atin .",",",OTH
19020,1191,"- Minsan kasi pag ayaw na ng isang tao wag na natin ipilit , Matotoo tayong itigil ang mga bagay na malabo para sa atin .",Matotoo,FIL
19021,1191,"- Minsan kasi pag ayaw na ng isang tao wag na natin ipilit , Matotoo tayong itigil ang mga bagay na malabo para sa atin .",tayong,FIL
19022,1191,"- Minsan kasi pag ayaw na ng isang tao wag na natin ipilit , Matotoo tayong itigil ang mga bagay na malabo para sa atin .",itigil,FIL
19023,1191,"- Minsan kasi pag ayaw na ng isang tao wag na natin ipilit , Matotoo tayong itigil ang mga bagay na malabo para sa atin .",ang,FIL
19024,1191,"- Minsan kasi pag ayaw na ng isang tao wag na natin ipilit , Matotoo tayong itigil ang mga bagay na malabo para sa atin .",mga,FIL
19025,1191,"- Minsan kasi pag ayaw na ng isang tao wag na natin ipilit , Matotoo tayong itigil ang mga bagay na malabo para sa atin .",bagay,FIL
19026,1191,"- Minsan kasi pag ayaw na ng isang tao wag na natin ipilit , Matotoo tayong itigil ang mga bagay na malabo para sa atin .",na,FIL
19027,1191,"- Minsan kasi pag ayaw na ng isang tao wag na natin ipilit , Matotoo tayong itigil ang mga bagay na malabo para sa atin .",malabo,FIL
19028,1191,"- Minsan kasi pag ayaw na ng isang tao wag na natin ipilit , Matotoo tayong itigil ang mga bagay na malabo para sa atin .",para,FIL
19029,1191,"- Minsan kasi pag ayaw na ng isang tao wag na natin ipilit , Matotoo tayong itigil ang mga bagay na malabo para sa atin .",sa,FIL
19030,1191,"- Minsan kasi pag ayaw na ng isang tao wag na natin ipilit , Matotoo tayong itigil ang mga bagay na malabo para sa atin .",atin,FIL
19031,1191,"- Minsan kasi pag ayaw na ng isang tao wag na natin ipilit , Matotoo tayong itigil ang mga bagay na malabo para sa atin .",.,OTH
19032,1192,Sila rin ang karaniwang bantay sa kanilang lungga .,Sila,FIL
19033,1192,Sila rin ang karaniwang bantay sa kanilang lungga .,rin,FIL
19034,1192,Sila rin ang karaniwang bantay sa kanilang lungga .,ang,FIL
19035,1192,Sila rin ang karaniwang bantay sa kanilang lungga .,karaniwang,FIL
19036,1192,Sila rin ang karaniwang bantay sa kanilang lungga .,bantay,FIL
19037,1192,Sila rin ang karaniwang bantay sa kanilang lungga .,sa,FIL
19038,1192,Sila rin ang karaniwang bantay sa kanilang lungga .,kanilang,FIL
19039,1192,Sila rin ang karaniwang bantay sa kanilang lungga .,lungga,FIL
19040,1192,Sila rin ang karaniwang bantay sa kanilang lungga .,.,OTH
19041,1193,Kaya nga may mga nagtatanong kung hindi raw ba nagkadebelopan ang dalawang Kapuso stars habang ginagawa nila ang Never Say Goodbye .,Kaya,FIL
19042,1193,Kaya nga may mga nagtatanong kung hindi raw ba nagkadebelopan ang dalawang Kapuso stars habang ginagawa nila ang Never Say Goodbye .,nga,FIL
19043,1193,Kaya nga may mga nagtatanong kung hindi raw ba nagkadebelopan ang dalawang Kapuso stars habang ginagawa nila ang Never Say Goodbye .,may,FIL
19044,1193,Kaya nga may mga nagtatanong kung hindi raw ba nagkadebelopan ang dalawang Kapuso stars habang ginagawa nila ang Never Say Goodbye .,mga,FIL
19045,1193,Kaya nga may mga nagtatanong kung hindi raw ba nagkadebelopan ang dalawang Kapuso stars habang ginagawa nila ang Never Say Goodbye .,nagtatanong,FIL
19046,1193,Kaya nga may mga nagtatanong kung hindi raw ba nagkadebelopan ang dalawang Kapuso stars habang ginagawa nila ang Never Say Goodbye .,kung,FIL
19047,1193,Kaya nga may mga nagtatanong kung hindi raw ba nagkadebelopan ang dalawang Kapuso stars habang ginagawa nila ang Never Say Goodbye .,hindi,FIL
19048,1193,Kaya nga may mga nagtatanong kung hindi raw ba nagkadebelopan ang dalawang Kapuso stars habang ginagawa nila ang Never Say Goodbye .,raw,FIL
19049,1193,Kaya nga may mga nagtatanong kung hindi raw ba nagkadebelopan ang dalawang Kapuso stars habang ginagawa nila ang Never Say Goodbye .,ba,FIL
19050,1193,Kaya nga may mga nagtatanong kung hindi raw ba nagkadebelopan ang dalawang Kapuso stars habang ginagawa nila ang Never Say Goodbye .,nagkadebelopan,FIL
19051,1193,Kaya nga may mga nagtatanong kung hindi raw ba nagkadebelopan ang dalawang Kapuso stars habang ginagawa nila ang Never Say Goodbye .,ang,FIL
19052,1193,Kaya nga may mga nagtatanong kung hindi raw ba nagkadebelopan ang dalawang Kapuso stars habang ginagawa nila ang Never Say Goodbye .,dalawang,FIL
19053,1193,Kaya nga may mga nagtatanong kung hindi raw ba nagkadebelopan ang dalawang Kapuso stars habang ginagawa nila ang Never Say Goodbye .,Kapuso,OTH
19054,1193,Kaya nga may mga nagtatanong kung hindi raw ba nagkadebelopan ang dalawang Kapuso stars habang ginagawa nila ang Never Say Goodbye .,stars,ENG
19055,1193,Kaya nga may mga nagtatanong kung hindi raw ba nagkadebelopan ang dalawang Kapuso stars habang ginagawa nila ang Never Say Goodbye .,habang,FIL
19056,1193,Kaya nga may mga nagtatanong kung hindi raw ba nagkadebelopan ang dalawang Kapuso stars habang ginagawa nila ang Never Say Goodbye .,ginagawa,FIL
19057,1193,Kaya nga may mga nagtatanong kung hindi raw ba nagkadebelopan ang dalawang Kapuso stars habang ginagawa nila ang Never Say Goodbye .,nila,FIL
19058,1193,Kaya nga may mga nagtatanong kung hindi raw ba nagkadebelopan ang dalawang Kapuso stars habang ginagawa nila ang Never Say Goodbye .,ang,FIL
19059,1193,Kaya nga may mga nagtatanong kung hindi raw ba nagkadebelopan ang dalawang Kapuso stars habang ginagawa nila ang Never Say Goodbye .,Never,ENG
19060,1193,Kaya nga may mga nagtatanong kung hindi raw ba nagkadebelopan ang dalawang Kapuso stars habang ginagawa nila ang Never Say Goodbye .,Say,ENG
19061,1193,Kaya nga may mga nagtatanong kung hindi raw ba nagkadebelopan ang dalawang Kapuso stars habang ginagawa nila ang Never Say Goodbye .,Goodbye,ENG
19062,1193,Kaya nga may mga nagtatanong kung hindi raw ba nagkadebelopan ang dalawang Kapuso stars habang ginagawa nila ang Never Say Goodbye .,.,OTH
19063,1194,Boss d ang likod talaga ng camera man mo,Boss,ENG
19064,1194,Boss d ang likod talaga ng camera man mo,d,OTH
19065,1194,Boss d ang likod talaga ng camera man mo,ang,FIL
19066,1194,Boss d ang likod talaga ng camera man mo,likod,FIL
19067,1194,Boss d ang likod talaga ng camera man mo,talaga,FIL
19068,1194,Boss d ang likod talaga ng camera man mo,ng,FIL
19069,1194,Boss d ang likod talaga ng camera man mo,camera,ENG
19070,1194,Boss d ang likod talaga ng camera man mo,man,ENG
19071,1194,Boss d ang likod talaga ng camera man mo,mo,FIL
19072,1195,Pinagmulan ng aso Ang kasalukuyang lipi ng mga aso ay .,Pinagmulan,FIL
19073,1195,Pinagmulan ng aso Ang kasalukuyang lipi ng mga aso ay .,ng,FIL
19074,1195,Pinagmulan ng aso Ang kasalukuyang lipi ng mga aso ay .,aso,FIL
19075,1195,Pinagmulan ng aso Ang kasalukuyang lipi ng mga aso ay .,Ang,FIL
19076,1195,Pinagmulan ng aso Ang kasalukuyang lipi ng mga aso ay .,kasalukuyang,FIL
19077,1195,Pinagmulan ng aso Ang kasalukuyang lipi ng mga aso ay .,lipi,FIL
19078,1195,Pinagmulan ng aso Ang kasalukuyang lipi ng mga aso ay .,ng,FIL
19079,1195,Pinagmulan ng aso Ang kasalukuyang lipi ng mga aso ay .,mga,FIL
19080,1195,Pinagmulan ng aso Ang kasalukuyang lipi ng mga aso ay .,aso,FIL
19081,1195,Pinagmulan ng aso Ang kasalukuyang lipi ng mga aso ay .,ay,FIL
19082,1195,Pinagmulan ng aso Ang kasalukuyang lipi ng mga aso ay .,.,OTH
19083,1197,""" lahat ng gawin mo ay mali "" is the price that u have to pay kaya pag di ka maingat sa kilos mo , wag ka na mag idol","""",OTH
19084,1197,""" lahat ng gawin mo ay mali "" is the price that u have to pay kaya pag di ka maingat sa kilos mo , wag ka na mag idol",lahat,FIL
19085,1197,""" lahat ng gawin mo ay mali "" is the price that u have to pay kaya pag di ka maingat sa kilos mo , wag ka na mag idol",ng,FIL
19086,1197,""" lahat ng gawin mo ay mali "" is the price that u have to pay kaya pag di ka maingat sa kilos mo , wag ka na mag idol",gawin,FIL
19087,1197,""" lahat ng gawin mo ay mali "" is the price that u have to pay kaya pag di ka maingat sa kilos mo , wag ka na mag idol",mo,FIL
19088,1197,""" lahat ng gawin mo ay mali "" is the price that u have to pay kaya pag di ka maingat sa kilos mo , wag ka na mag idol",ay,FIL
19089,1197,""" lahat ng gawin mo ay mali "" is the price that u have to pay kaya pag di ka maingat sa kilos mo , wag ka na mag idol",mali,FIL
19090,1197,""" lahat ng gawin mo ay mali "" is the price that u have to pay kaya pag di ka maingat sa kilos mo , wag ka na mag idol","""",OTH
19091,1197,""" lahat ng gawin mo ay mali "" is the price that u have to pay kaya pag di ka maingat sa kilos mo , wag ka na mag idol",is,ENG
19092,1197,""" lahat ng gawin mo ay mali "" is the price that u have to pay kaya pag di ka maingat sa kilos mo , wag ka na mag idol",the,ENG
19093,1197,""" lahat ng gawin mo ay mali "" is the price that u have to pay kaya pag di ka maingat sa kilos mo , wag ka na mag idol",price,ENG
19094,1197,""" lahat ng gawin mo ay mali "" is the price that u have to pay kaya pag di ka maingat sa kilos mo , wag ka na mag idol",that,ENG
19095,1197,""" lahat ng gawin mo ay mali "" is the price that u have to pay kaya pag di ka maingat sa kilos mo , wag ka na mag idol",u,ENG
19096,1197,""" lahat ng gawin mo ay mali "" is the price that u have to pay kaya pag di ka maingat sa kilos mo , wag ka na mag idol",have,ENG
19097,1197,""" lahat ng gawin mo ay mali "" is the price that u have to pay kaya pag di ka maingat sa kilos mo , wag ka na mag idol",to,ENG
19098,1197,""" lahat ng gawin mo ay mali "" is the price that u have to pay kaya pag di ka maingat sa kilos mo , wag ka na mag idol",pay,ENG
19099,1197,""" lahat ng gawin mo ay mali "" is the price that u have to pay kaya pag di ka maingat sa kilos mo , wag ka na mag idol",kaya,FIL
19100,1197,""" lahat ng gawin mo ay mali "" is the price that u have to pay kaya pag di ka maingat sa kilos mo , wag ka na mag idol",pag,FIL
19101,1197,""" lahat ng gawin mo ay mali "" is the price that u have to pay kaya pag di ka maingat sa kilos mo , wag ka na mag idol",di,FIL
19102,1197,""" lahat ng gawin mo ay mali "" is the price that u have to pay kaya pag di ka maingat sa kilos mo , wag ka na mag idol",ka,FIL
19103,1197,""" lahat ng gawin mo ay mali "" is the price that u have to pay kaya pag di ka maingat sa kilos mo , wag ka na mag idol",maingat,FIL
19104,1197,""" lahat ng gawin mo ay mali "" is the price that u have to pay kaya pag di ka maingat sa kilos mo , wag ka na mag idol",sa,FIL
19105,1197,""" lahat ng gawin mo ay mali "" is the price that u have to pay kaya pag di ka maingat sa kilos mo , wag ka na mag idol",kilos,FIL
19106,1197,""" lahat ng gawin mo ay mali "" is the price that u have to pay kaya pag di ka maingat sa kilos mo , wag ka na mag idol",mo,FIL
19107,1197,""" lahat ng gawin mo ay mali "" is the price that u have to pay kaya pag di ka maingat sa kilos mo , wag ka na mag idol",",",OTH
19108,1197,""" lahat ng gawin mo ay mali "" is the price that u have to pay kaya pag di ka maingat sa kilos mo , wag ka na mag idol",wag,FIL
19109,1197,""" lahat ng gawin mo ay mali "" is the price that u have to pay kaya pag di ka maingat sa kilos mo , wag ka na mag idol",ka,FIL
19110,1197,""" lahat ng gawin mo ay mali "" is the price that u have to pay kaya pag di ka maingat sa kilos mo , wag ka na mag idol",na,FIL
19111,1197,""" lahat ng gawin mo ay mali "" is the price that u have to pay kaya pag di ka maingat sa kilos mo , wag ka na mag idol",mag,FIL
19112,1197,""" lahat ng gawin mo ay mali "" is the price that u have to pay kaya pag di ka maingat sa kilos mo , wag ka na mag idol",idol,ENG
19113,1198,"once na natakot ang mga pulis at judge , nagbi-blink .",once,ENG
19114,1198,"once na natakot ang mga pulis at judge , nagbi-blink .",na,FIL
19115,1198,"once na natakot ang mga pulis at judge , nagbi-blink .",natakot,FIL
19116,1198,"once na natakot ang mga pulis at judge , nagbi-blink .",ang,FIL
19117,1198,"once na natakot ang mga pulis at judge , nagbi-blink .",mga,FIL
19118,1198,"once na natakot ang mga pulis at judge , nagbi-blink .",pulis,FIL
19119,1198,"once na natakot ang mga pulis at judge , nagbi-blink .",at,FIL
19120,1198,"once na natakot ang mga pulis at judge , nagbi-blink .",judge,ENG
19121,1198,"once na natakot ang mga pulis at judge , nagbi-blink .",",",OTH
19122,1198,"once na natakot ang mga pulis at judge , nagbi-blink .",nagbi-blink,CS
19123,1198,"once na natakot ang mga pulis at judge , nagbi-blink .",.,OTH
19124,1199,"Ang cute nya , mga talent scout mag unahan na kayo",Ang,FIL
19125,1199,"Ang cute nya , mga talent scout mag unahan na kayo",cute,ENG
19126,1199,"Ang cute nya , mga talent scout mag unahan na kayo",nya,FIL
19127,1199,"Ang cute nya , mga talent scout mag unahan na kayo",",",OTH
19128,1199,"Ang cute nya , mga talent scout mag unahan na kayo",mga,FIL
19129,1199,"Ang cute nya , mga talent scout mag unahan na kayo",talent,ENG
19130,1199,"Ang cute nya , mga talent scout mag unahan na kayo",scout,ENG
19131,1199,"Ang cute nya , mga talent scout mag unahan na kayo",mag,FIL
19132,1199,"Ang cute nya , mga talent scout mag unahan na kayo",unahan,FIL
19133,1199,"Ang cute nya , mga talent scout mag unahan na kayo",na,FIL
19134,1199,"Ang cute nya , mga talent scout mag unahan na kayo",kayo,FIL
19135,1200,"Dilawan ang kalawang at salot sa bansa , yungib at utak ng corruption hindi kayo nararapat d2 manirahan sa pilipinas mga walang kwenta , mga kampon kayo ng kadiliman mga anak kayo ng mga",Dilawan,FIL
19136,1200,"Dilawan ang kalawang at salot sa bansa , yungib at utak ng corruption hindi kayo nararapat d2 manirahan sa pilipinas mga walang kwenta , mga kampon kayo ng kadiliman mga anak kayo ng mga",ang,FIL
19137,1200,"Dilawan ang kalawang at salot sa bansa , yungib at utak ng corruption hindi kayo nararapat d2 manirahan sa pilipinas mga walang kwenta , mga kampon kayo ng kadiliman mga anak kayo ng mga",kalawang,FIL
19138,1200,"Dilawan ang kalawang at salot sa bansa , yungib at utak ng corruption hindi kayo nararapat d2 manirahan sa pilipinas mga walang kwenta , mga kampon kayo ng kadiliman mga anak kayo ng mga",at,FIL
19139,1200,"Dilawan ang kalawang at salot sa bansa , yungib at utak ng corruption hindi kayo nararapat d2 manirahan sa pilipinas mga walang kwenta , mga kampon kayo ng kadiliman mga anak kayo ng mga",salot,FIL
19140,1200,"Dilawan ang kalawang at salot sa bansa , yungib at utak ng corruption hindi kayo nararapat d2 manirahan sa pilipinas mga walang kwenta , mga kampon kayo ng kadiliman mga anak kayo ng mga",sa,FIL
19141,1200,"Dilawan ang kalawang at salot sa bansa , yungib at utak ng corruption hindi kayo nararapat d2 manirahan sa pilipinas mga walang kwenta , mga kampon kayo ng kadiliman mga anak kayo ng mga",bansa,FIL
19142,1200,"Dilawan ang kalawang at salot sa bansa , yungib at utak ng corruption hindi kayo nararapat d2 manirahan sa pilipinas mga walang kwenta , mga kampon kayo ng kadiliman mga anak kayo ng mga",",",OTH
19143,1200,"Dilawan ang kalawang at salot sa bansa , yungib at utak ng corruption hindi kayo nararapat d2 manirahan sa pilipinas mga walang kwenta , mga kampon kayo ng kadiliman mga anak kayo ng mga",yungib,FIL
19144,1200,"Dilawan ang kalawang at salot sa bansa , yungib at utak ng corruption hindi kayo nararapat d2 manirahan sa pilipinas mga walang kwenta , mga kampon kayo ng kadiliman mga anak kayo ng mga",at,FIL
19145,1200,"Dilawan ang kalawang at salot sa bansa , yungib at utak ng corruption hindi kayo nararapat d2 manirahan sa pilipinas mga walang kwenta , mga kampon kayo ng kadiliman mga anak kayo ng mga",utak,FIL
19146,1200,"Dilawan ang kalawang at salot sa bansa , yungib at utak ng corruption hindi kayo nararapat d2 manirahan sa pilipinas mga walang kwenta , mga kampon kayo ng kadiliman mga anak kayo ng mga",ng,FIL
19147,1200,"Dilawan ang kalawang at salot sa bansa , yungib at utak ng corruption hindi kayo nararapat d2 manirahan sa pilipinas mga walang kwenta , mga kampon kayo ng kadiliman mga anak kayo ng mga",corruption,ENG
19148,1200,"Dilawan ang kalawang at salot sa bansa , yungib at utak ng corruption hindi kayo nararapat d2 manirahan sa pilipinas mga walang kwenta , mga kampon kayo ng kadiliman mga anak kayo ng mga",hindi,FIL
19149,1200,"Dilawan ang kalawang at salot sa bansa , yungib at utak ng corruption hindi kayo nararapat d2 manirahan sa pilipinas mga walang kwenta , mga kampon kayo ng kadiliman mga anak kayo ng mga",kayo,FIL
19150,1200,"Dilawan ang kalawang at salot sa bansa , yungib at utak ng corruption hindi kayo nararapat d2 manirahan sa pilipinas mga walang kwenta , mga kampon kayo ng kadiliman mga anak kayo ng mga",nararapat,FIL
19151,1200,"Dilawan ang kalawang at salot sa bansa , yungib at utak ng corruption hindi kayo nararapat d2 manirahan sa pilipinas mga walang kwenta , mga kampon kayo ng kadiliman mga anak kayo ng mga",d2,FIL
19152,1200,"Dilawan ang kalawang at salot sa bansa , yungib at utak ng corruption hindi kayo nararapat d2 manirahan sa pilipinas mga walang kwenta , mga kampon kayo ng kadiliman mga anak kayo ng mga",manirahan,FIL
19153,1200,"Dilawan ang kalawang at salot sa bansa , yungib at utak ng corruption hindi kayo nararapat d2 manirahan sa pilipinas mga walang kwenta , mga kampon kayo ng kadiliman mga anak kayo ng mga",sa,FIL
19154,1200,"Dilawan ang kalawang at salot sa bansa , yungib at utak ng corruption hindi kayo nararapat d2 manirahan sa pilipinas mga walang kwenta , mga kampon kayo ng kadiliman mga anak kayo ng mga",pilipinas,FIL
19155,1200,"Dilawan ang kalawang at salot sa bansa , yungib at utak ng corruption hindi kayo nararapat d2 manirahan sa pilipinas mga walang kwenta , mga kampon kayo ng kadiliman mga anak kayo ng mga",mga,FIL
19156,1200,"Dilawan ang kalawang at salot sa bansa , yungib at utak ng corruption hindi kayo nararapat d2 manirahan sa pilipinas mga walang kwenta , mga kampon kayo ng kadiliman mga anak kayo ng mga",walang,FIL
19157,1200,"Dilawan ang kalawang at salot sa bansa , yungib at utak ng corruption hindi kayo nararapat d2 manirahan sa pilipinas mga walang kwenta , mga kampon kayo ng kadiliman mga anak kayo ng mga",kwenta,FIL
19158,1200,"Dilawan ang kalawang at salot sa bansa , yungib at utak ng corruption hindi kayo nararapat d2 manirahan sa pilipinas mga walang kwenta , mga kampon kayo ng kadiliman mga anak kayo ng mga",",",OTH
19159,1200,"Dilawan ang kalawang at salot sa bansa , yungib at utak ng corruption hindi kayo nararapat d2 manirahan sa pilipinas mga walang kwenta , mga kampon kayo ng kadiliman mga anak kayo ng mga",mga,FIL
19160,1200,"Dilawan ang kalawang at salot sa bansa , yungib at utak ng corruption hindi kayo nararapat d2 manirahan sa pilipinas mga walang kwenta , mga kampon kayo ng kadiliman mga anak kayo ng mga",kampon,FIL
19161,1200,"Dilawan ang kalawang at salot sa bansa , yungib at utak ng corruption hindi kayo nararapat d2 manirahan sa pilipinas mga walang kwenta , mga kampon kayo ng kadiliman mga anak kayo ng mga",kayo,FIL
19162,1200,"Dilawan ang kalawang at salot sa bansa , yungib at utak ng corruption hindi kayo nararapat d2 manirahan sa pilipinas mga walang kwenta , mga kampon kayo ng kadiliman mga anak kayo ng mga",ng,FIL
19163,1200,"Dilawan ang kalawang at salot sa bansa , yungib at utak ng corruption hindi kayo nararapat d2 manirahan sa pilipinas mga walang kwenta , mga kampon kayo ng kadiliman mga anak kayo ng mga",kadiliman,FIL
19164,1200,"Dilawan ang kalawang at salot sa bansa , yungib at utak ng corruption hindi kayo nararapat d2 manirahan sa pilipinas mga walang kwenta , mga kampon kayo ng kadiliman mga anak kayo ng mga",mga,FIL
19165,1200,"Dilawan ang kalawang at salot sa bansa , yungib at utak ng corruption hindi kayo nararapat d2 manirahan sa pilipinas mga walang kwenta , mga kampon kayo ng kadiliman mga anak kayo ng mga",anak,FIL
19166,1200,"Dilawan ang kalawang at salot sa bansa , yungib at utak ng corruption hindi kayo nararapat d2 manirahan sa pilipinas mga walang kwenta , mga kampon kayo ng kadiliman mga anak kayo ng mga",kayo,FIL
19167,1200,"Dilawan ang kalawang at salot sa bansa , yungib at utak ng corruption hindi kayo nararapat d2 manirahan sa pilipinas mga walang kwenta , mga kampon kayo ng kadiliman mga anak kayo ng mga",ng,FIL
19168,1200,"Dilawan ang kalawang at salot sa bansa , yungib at utak ng corruption hindi kayo nararapat d2 manirahan sa pilipinas mga walang kwenta , mga kampon kayo ng kadiliman mga anak kayo ng mga",mga,FIL
19169,1201,Walang dudang pamatay ang hulma ng numero otso na kurba ng kanyang pigura .,Walang,FIL
19170,1201,Walang dudang pamatay ang hulma ng numero otso na kurba ng kanyang pigura .,dudang,FIL
19171,1201,Walang dudang pamatay ang hulma ng numero otso na kurba ng kanyang pigura .,pamatay,FIL
19172,1201,Walang dudang pamatay ang hulma ng numero otso na kurba ng kanyang pigura .,ang,FIL
19173,1201,Walang dudang pamatay ang hulma ng numero otso na kurba ng kanyang pigura .,hulma,FIL
19174,1201,Walang dudang pamatay ang hulma ng numero otso na kurba ng kanyang pigura .,ng,FIL
19175,1201,Walang dudang pamatay ang hulma ng numero otso na kurba ng kanyang pigura .,numero,FIL
19176,1201,Walang dudang pamatay ang hulma ng numero otso na kurba ng kanyang pigura .,otso,FIL
19177,1201,Walang dudang pamatay ang hulma ng numero otso na kurba ng kanyang pigura .,na,FIL
19178,1201,Walang dudang pamatay ang hulma ng numero otso na kurba ng kanyang pigura .,kurba,FIL
19179,1201,Walang dudang pamatay ang hulma ng numero otso na kurba ng kanyang pigura .,ng,FIL
19180,1201,Walang dudang pamatay ang hulma ng numero otso na kurba ng kanyang pigura .,kanyang,FIL
19181,1201,Walang dudang pamatay ang hulma ng numero otso na kurba ng kanyang pigura .,pigura,FIL
19182,1201,Walang dudang pamatay ang hulma ng numero otso na kurba ng kanyang pigura .,.,OTH
19183,1202,"Dapat mong makita na lubhang mahalaga ang gawain ng Diyos at karapat-dapat itong pahalagahan ng mga tao , na ang Diyos ay lubhang katangi-tangi at sagana ; hindi lamang Siya nakapagsasalita , kundi nahahatulan din Niya ang mga tao , napipino ang kanilang puso , nadudulutan sila ng kagalakan , nakakamit sila , nalulupig sila , at nagagawa silang perpekto .",Dapat,FIL
19184,1202,"Dapat mong makita na lubhang mahalaga ang gawain ng Diyos at karapat-dapat itong pahalagahan ng mga tao , na ang Diyos ay lubhang katangi-tangi at sagana ; hindi lamang Siya nakapagsasalita , kundi nahahatulan din Niya ang mga tao , napipino ang kanilang puso , nadudulutan sila ng kagalakan , nakakamit sila , nalulupig sila , at nagagawa silang perpekto .",mong,FIL
19185,1202,"Dapat mong makita na lubhang mahalaga ang gawain ng Diyos at karapat-dapat itong pahalagahan ng mga tao , na ang Diyos ay lubhang katangi-tangi at sagana ; hindi lamang Siya nakapagsasalita , kundi nahahatulan din Niya ang mga tao , napipino ang kanilang puso , nadudulutan sila ng kagalakan , nakakamit sila , nalulupig sila , at nagagawa silang perpekto .",makita,FIL
19186,1202,"Dapat mong makita na lubhang mahalaga ang gawain ng Diyos at karapat-dapat itong pahalagahan ng mga tao , na ang Diyos ay lubhang katangi-tangi at sagana ; hindi lamang Siya nakapagsasalita , kundi nahahatulan din Niya ang mga tao , napipino ang kanilang puso , nadudulutan sila ng kagalakan , nakakamit sila , nalulupig sila , at nagagawa silang perpekto .",na,FIL
19187,1202,"Dapat mong makita na lubhang mahalaga ang gawain ng Diyos at karapat-dapat itong pahalagahan ng mga tao , na ang Diyos ay lubhang katangi-tangi at sagana ; hindi lamang Siya nakapagsasalita , kundi nahahatulan din Niya ang mga tao , napipino ang kanilang puso , nadudulutan sila ng kagalakan , nakakamit sila , nalulupig sila , at nagagawa silang perpekto .",lubhang,FIL
19188,1202,"Dapat mong makita na lubhang mahalaga ang gawain ng Diyos at karapat-dapat itong pahalagahan ng mga tao , na ang Diyos ay lubhang katangi-tangi at sagana ; hindi lamang Siya nakapagsasalita , kundi nahahatulan din Niya ang mga tao , napipino ang kanilang puso , nadudulutan sila ng kagalakan , nakakamit sila , nalulupig sila , at nagagawa silang perpekto .",mahalaga,FIL
19189,1202,"Dapat mong makita na lubhang mahalaga ang gawain ng Diyos at karapat-dapat itong pahalagahan ng mga tao , na ang Diyos ay lubhang katangi-tangi at sagana ; hindi lamang Siya nakapagsasalita , kundi nahahatulan din Niya ang mga tao , napipino ang kanilang puso , nadudulutan sila ng kagalakan , nakakamit sila , nalulupig sila , at nagagawa silang perpekto .",ang,FIL
19190,1202,"Dapat mong makita na lubhang mahalaga ang gawain ng Diyos at karapat-dapat itong pahalagahan ng mga tao , na ang Diyos ay lubhang katangi-tangi at sagana ; hindi lamang Siya nakapagsasalita , kundi nahahatulan din Niya ang mga tao , napipino ang kanilang puso , nadudulutan sila ng kagalakan , nakakamit sila , nalulupig sila , at nagagawa silang perpekto .",gawain,FIL
19191,1202,"Dapat mong makita na lubhang mahalaga ang gawain ng Diyos at karapat-dapat itong pahalagahan ng mga tao , na ang Diyos ay lubhang katangi-tangi at sagana ; hindi lamang Siya nakapagsasalita , kundi nahahatulan din Niya ang mga tao , napipino ang kanilang puso , nadudulutan sila ng kagalakan , nakakamit sila , nalulupig sila , at nagagawa silang perpekto .",ng,FIL
19192,1202,"Dapat mong makita na lubhang mahalaga ang gawain ng Diyos at karapat-dapat itong pahalagahan ng mga tao , na ang Diyos ay lubhang katangi-tangi at sagana ; hindi lamang Siya nakapagsasalita , kundi nahahatulan din Niya ang mga tao , napipino ang kanilang puso , nadudulutan sila ng kagalakan , nakakamit sila , nalulupig sila , at nagagawa silang perpekto .",Diyos,OTH
19193,1202,"Dapat mong makita na lubhang mahalaga ang gawain ng Diyos at karapat-dapat itong pahalagahan ng mga tao , na ang Diyos ay lubhang katangi-tangi at sagana ; hindi lamang Siya nakapagsasalita , kundi nahahatulan din Niya ang mga tao , napipino ang kanilang puso , nadudulutan sila ng kagalakan , nakakamit sila , nalulupig sila , at nagagawa silang perpekto .",at,FIL
19194,1202,"Dapat mong makita na lubhang mahalaga ang gawain ng Diyos at karapat-dapat itong pahalagahan ng mga tao , na ang Diyos ay lubhang katangi-tangi at sagana ; hindi lamang Siya nakapagsasalita , kundi nahahatulan din Niya ang mga tao , napipino ang kanilang puso , nadudulutan sila ng kagalakan , nakakamit sila , nalulupig sila , at nagagawa silang perpekto .",karapat-dapat,FIL
19195,1202,"Dapat mong makita na lubhang mahalaga ang gawain ng Diyos at karapat-dapat itong pahalagahan ng mga tao , na ang Diyos ay lubhang katangi-tangi at sagana ; hindi lamang Siya nakapagsasalita , kundi nahahatulan din Niya ang mga tao , napipino ang kanilang puso , nadudulutan sila ng kagalakan , nakakamit sila , nalulupig sila , at nagagawa silang perpekto .",itong,FIL
19196,1202,"Dapat mong makita na lubhang mahalaga ang gawain ng Diyos at karapat-dapat itong pahalagahan ng mga tao , na ang Diyos ay lubhang katangi-tangi at sagana ; hindi lamang Siya nakapagsasalita , kundi nahahatulan din Niya ang mga tao , napipino ang kanilang puso , nadudulutan sila ng kagalakan , nakakamit sila , nalulupig sila , at nagagawa silang perpekto .",pahalagahan,FIL
19197,1202,"Dapat mong makita na lubhang mahalaga ang gawain ng Diyos at karapat-dapat itong pahalagahan ng mga tao , na ang Diyos ay lubhang katangi-tangi at sagana ; hindi lamang Siya nakapagsasalita , kundi nahahatulan din Niya ang mga tao , napipino ang kanilang puso , nadudulutan sila ng kagalakan , nakakamit sila , nalulupig sila , at nagagawa silang perpekto .",ng,FIL
19198,1202,"Dapat mong makita na lubhang mahalaga ang gawain ng Diyos at karapat-dapat itong pahalagahan ng mga tao , na ang Diyos ay lubhang katangi-tangi at sagana ; hindi lamang Siya nakapagsasalita , kundi nahahatulan din Niya ang mga tao , napipino ang kanilang puso , nadudulutan sila ng kagalakan , nakakamit sila , nalulupig sila , at nagagawa silang perpekto .",mga,FIL
19199,1202,"Dapat mong makita na lubhang mahalaga ang gawain ng Diyos at karapat-dapat itong pahalagahan ng mga tao , na ang Diyos ay lubhang katangi-tangi at sagana ; hindi lamang Siya nakapagsasalita , kundi nahahatulan din Niya ang mga tao , napipino ang kanilang puso , nadudulutan sila ng kagalakan , nakakamit sila , nalulupig sila , at nagagawa silang perpekto .",tao,FIL
19200,1202,"Dapat mong makita na lubhang mahalaga ang gawain ng Diyos at karapat-dapat itong pahalagahan ng mga tao , na ang Diyos ay lubhang katangi-tangi at sagana ; hindi lamang Siya nakapagsasalita , kundi nahahatulan din Niya ang mga tao , napipino ang kanilang puso , nadudulutan sila ng kagalakan , nakakamit sila , nalulupig sila , at nagagawa silang perpekto .",",",OTH
19201,1202,"Dapat mong makita na lubhang mahalaga ang gawain ng Diyos at karapat-dapat itong pahalagahan ng mga tao , na ang Diyos ay lubhang katangi-tangi at sagana ; hindi lamang Siya nakapagsasalita , kundi nahahatulan din Niya ang mga tao , napipino ang kanilang puso , nadudulutan sila ng kagalakan , nakakamit sila , nalulupig sila , at nagagawa silang perpekto .",na,FIL
19202,1202,"Dapat mong makita na lubhang mahalaga ang gawain ng Diyos at karapat-dapat itong pahalagahan ng mga tao , na ang Diyos ay lubhang katangi-tangi at sagana ; hindi lamang Siya nakapagsasalita , kundi nahahatulan din Niya ang mga tao , napipino ang kanilang puso , nadudulutan sila ng kagalakan , nakakamit sila , nalulupig sila , at nagagawa silang perpekto .",ang,FIL
19203,1202,"Dapat mong makita na lubhang mahalaga ang gawain ng Diyos at karapat-dapat itong pahalagahan ng mga tao , na ang Diyos ay lubhang katangi-tangi at sagana ; hindi lamang Siya nakapagsasalita , kundi nahahatulan din Niya ang mga tao , napipino ang kanilang puso , nadudulutan sila ng kagalakan , nakakamit sila , nalulupig sila , at nagagawa silang perpekto .",Diyos,OTH
19204,1202,"Dapat mong makita na lubhang mahalaga ang gawain ng Diyos at karapat-dapat itong pahalagahan ng mga tao , na ang Diyos ay lubhang katangi-tangi at sagana ; hindi lamang Siya nakapagsasalita , kundi nahahatulan din Niya ang mga tao , napipino ang kanilang puso , nadudulutan sila ng kagalakan , nakakamit sila , nalulupig sila , at nagagawa silang perpekto .",ay,FIL
19205,1202,"Dapat mong makita na lubhang mahalaga ang gawain ng Diyos at karapat-dapat itong pahalagahan ng mga tao , na ang Diyos ay lubhang katangi-tangi at sagana ; hindi lamang Siya nakapagsasalita , kundi nahahatulan din Niya ang mga tao , napipino ang kanilang puso , nadudulutan sila ng kagalakan , nakakamit sila , nalulupig sila , at nagagawa silang perpekto .",lubhang,FIL
19206,1202,"Dapat mong makita na lubhang mahalaga ang gawain ng Diyos at karapat-dapat itong pahalagahan ng mga tao , na ang Diyos ay lubhang katangi-tangi at sagana ; hindi lamang Siya nakapagsasalita , kundi nahahatulan din Niya ang mga tao , napipino ang kanilang puso , nadudulutan sila ng kagalakan , nakakamit sila , nalulupig sila , at nagagawa silang perpekto .",katangi-tangi,FIL
19207,1202,"Dapat mong makita na lubhang mahalaga ang gawain ng Diyos at karapat-dapat itong pahalagahan ng mga tao , na ang Diyos ay lubhang katangi-tangi at sagana ; hindi lamang Siya nakapagsasalita , kundi nahahatulan din Niya ang mga tao , napipino ang kanilang puso , nadudulutan sila ng kagalakan , nakakamit sila , nalulupig sila , at nagagawa silang perpekto .",at,FIL
19208,1202,"Dapat mong makita na lubhang mahalaga ang gawain ng Diyos at karapat-dapat itong pahalagahan ng mga tao , na ang Diyos ay lubhang katangi-tangi at sagana ; hindi lamang Siya nakapagsasalita , kundi nahahatulan din Niya ang mga tao , napipino ang kanilang puso , nadudulutan sila ng kagalakan , nakakamit sila , nalulupig sila , at nagagawa silang perpekto .",sagana,FIL
19209,1202,"Dapat mong makita na lubhang mahalaga ang gawain ng Diyos at karapat-dapat itong pahalagahan ng mga tao , na ang Diyos ay lubhang katangi-tangi at sagana ; hindi lamang Siya nakapagsasalita , kundi nahahatulan din Niya ang mga tao , napipino ang kanilang puso , nadudulutan sila ng kagalakan , nakakamit sila , nalulupig sila , at nagagawa silang perpekto .",;,OTH
19210,1202,"Dapat mong makita na lubhang mahalaga ang gawain ng Diyos at karapat-dapat itong pahalagahan ng mga tao , na ang Diyos ay lubhang katangi-tangi at sagana ; hindi lamang Siya nakapagsasalita , kundi nahahatulan din Niya ang mga tao , napipino ang kanilang puso , nadudulutan sila ng kagalakan , nakakamit sila , nalulupig sila , at nagagawa silang perpekto .",hindi,FIL
19211,1202,"Dapat mong makita na lubhang mahalaga ang gawain ng Diyos at karapat-dapat itong pahalagahan ng mga tao , na ang Diyos ay lubhang katangi-tangi at sagana ; hindi lamang Siya nakapagsasalita , kundi nahahatulan din Niya ang mga tao , napipino ang kanilang puso , nadudulutan sila ng kagalakan , nakakamit sila , nalulupig sila , at nagagawa silang perpekto .",lamang,FIL
19212,1202,"Dapat mong makita na lubhang mahalaga ang gawain ng Diyos at karapat-dapat itong pahalagahan ng mga tao , na ang Diyos ay lubhang katangi-tangi at sagana ; hindi lamang Siya nakapagsasalita , kundi nahahatulan din Niya ang mga tao , napipino ang kanilang puso , nadudulutan sila ng kagalakan , nakakamit sila , nalulupig sila , at nagagawa silang perpekto .",Siya,FIL
19213,1202,"Dapat mong makita na lubhang mahalaga ang gawain ng Diyos at karapat-dapat itong pahalagahan ng mga tao , na ang Diyos ay lubhang katangi-tangi at sagana ; hindi lamang Siya nakapagsasalita , kundi nahahatulan din Niya ang mga tao , napipino ang kanilang puso , nadudulutan sila ng kagalakan , nakakamit sila , nalulupig sila , at nagagawa silang perpekto .",nakapagsasalita,FIL
19214,1202,"Dapat mong makita na lubhang mahalaga ang gawain ng Diyos at karapat-dapat itong pahalagahan ng mga tao , na ang Diyos ay lubhang katangi-tangi at sagana ; hindi lamang Siya nakapagsasalita , kundi nahahatulan din Niya ang mga tao , napipino ang kanilang puso , nadudulutan sila ng kagalakan , nakakamit sila , nalulupig sila , at nagagawa silang perpekto .",",",OTH
19215,1202,"Dapat mong makita na lubhang mahalaga ang gawain ng Diyos at karapat-dapat itong pahalagahan ng mga tao , na ang Diyos ay lubhang katangi-tangi at sagana ; hindi lamang Siya nakapagsasalita , kundi nahahatulan din Niya ang mga tao , napipino ang kanilang puso , nadudulutan sila ng kagalakan , nakakamit sila , nalulupig sila , at nagagawa silang perpekto .",kundi,FIL
19216,1202,"Dapat mong makita na lubhang mahalaga ang gawain ng Diyos at karapat-dapat itong pahalagahan ng mga tao , na ang Diyos ay lubhang katangi-tangi at sagana ; hindi lamang Siya nakapagsasalita , kundi nahahatulan din Niya ang mga tao , napipino ang kanilang puso , nadudulutan sila ng kagalakan , nakakamit sila , nalulupig sila , at nagagawa silang perpekto .",nahahatulan,FIL
19217,1202,"Dapat mong makita na lubhang mahalaga ang gawain ng Diyos at karapat-dapat itong pahalagahan ng mga tao , na ang Diyos ay lubhang katangi-tangi at sagana ; hindi lamang Siya nakapagsasalita , kundi nahahatulan din Niya ang mga tao , napipino ang kanilang puso , nadudulutan sila ng kagalakan , nakakamit sila , nalulupig sila , at nagagawa silang perpekto .",din,FIL
19218,1202,"Dapat mong makita na lubhang mahalaga ang gawain ng Diyos at karapat-dapat itong pahalagahan ng mga tao , na ang Diyos ay lubhang katangi-tangi at sagana ; hindi lamang Siya nakapagsasalita , kundi nahahatulan din Niya ang mga tao , napipino ang kanilang puso , nadudulutan sila ng kagalakan , nakakamit sila , nalulupig sila , at nagagawa silang perpekto .",Niya,FIL
19219,1202,"Dapat mong makita na lubhang mahalaga ang gawain ng Diyos at karapat-dapat itong pahalagahan ng mga tao , na ang Diyos ay lubhang katangi-tangi at sagana ; hindi lamang Siya nakapagsasalita , kundi nahahatulan din Niya ang mga tao , napipino ang kanilang puso , nadudulutan sila ng kagalakan , nakakamit sila , nalulupig sila , at nagagawa silang perpekto .",ang,FIL
19220,1202,"Dapat mong makita na lubhang mahalaga ang gawain ng Diyos at karapat-dapat itong pahalagahan ng mga tao , na ang Diyos ay lubhang katangi-tangi at sagana ; hindi lamang Siya nakapagsasalita , kundi nahahatulan din Niya ang mga tao , napipino ang kanilang puso , nadudulutan sila ng kagalakan , nakakamit sila , nalulupig sila , at nagagawa silang perpekto .",mga,FIL
19221,1202,"Dapat mong makita na lubhang mahalaga ang gawain ng Diyos at karapat-dapat itong pahalagahan ng mga tao , na ang Diyos ay lubhang katangi-tangi at sagana ; hindi lamang Siya nakapagsasalita , kundi nahahatulan din Niya ang mga tao , napipino ang kanilang puso , nadudulutan sila ng kagalakan , nakakamit sila , nalulupig sila , at nagagawa silang perpekto .",tao,FIL
19222,1202,"Dapat mong makita na lubhang mahalaga ang gawain ng Diyos at karapat-dapat itong pahalagahan ng mga tao , na ang Diyos ay lubhang katangi-tangi at sagana ; hindi lamang Siya nakapagsasalita , kundi nahahatulan din Niya ang mga tao , napipino ang kanilang puso , nadudulutan sila ng kagalakan , nakakamit sila , nalulupig sila , at nagagawa silang perpekto .",",",OTH
19223,1202,"Dapat mong makita na lubhang mahalaga ang gawain ng Diyos at karapat-dapat itong pahalagahan ng mga tao , na ang Diyos ay lubhang katangi-tangi at sagana ; hindi lamang Siya nakapagsasalita , kundi nahahatulan din Niya ang mga tao , napipino ang kanilang puso , nadudulutan sila ng kagalakan , nakakamit sila , nalulupig sila , at nagagawa silang perpekto .",napipino,FIL
19224,1202,"Dapat mong makita na lubhang mahalaga ang gawain ng Diyos at karapat-dapat itong pahalagahan ng mga tao , na ang Diyos ay lubhang katangi-tangi at sagana ; hindi lamang Siya nakapagsasalita , kundi nahahatulan din Niya ang mga tao , napipino ang kanilang puso , nadudulutan sila ng kagalakan , nakakamit sila , nalulupig sila , at nagagawa silang perpekto .",ang,FIL
19225,1202,"Dapat mong makita na lubhang mahalaga ang gawain ng Diyos at karapat-dapat itong pahalagahan ng mga tao , na ang Diyos ay lubhang katangi-tangi at sagana ; hindi lamang Siya nakapagsasalita , kundi nahahatulan din Niya ang mga tao , napipino ang kanilang puso , nadudulutan sila ng kagalakan , nakakamit sila , nalulupig sila , at nagagawa silang perpekto .",kanilang,FIL
19226,1202,"Dapat mong makita na lubhang mahalaga ang gawain ng Diyos at karapat-dapat itong pahalagahan ng mga tao , na ang Diyos ay lubhang katangi-tangi at sagana ; hindi lamang Siya nakapagsasalita , kundi nahahatulan din Niya ang mga tao , napipino ang kanilang puso , nadudulutan sila ng kagalakan , nakakamit sila , nalulupig sila , at nagagawa silang perpekto .",puso,FIL
19227,1202,"Dapat mong makita na lubhang mahalaga ang gawain ng Diyos at karapat-dapat itong pahalagahan ng mga tao , na ang Diyos ay lubhang katangi-tangi at sagana ; hindi lamang Siya nakapagsasalita , kundi nahahatulan din Niya ang mga tao , napipino ang kanilang puso , nadudulutan sila ng kagalakan , nakakamit sila , nalulupig sila , at nagagawa silang perpekto .",",",OTH
19228,1202,"Dapat mong makita na lubhang mahalaga ang gawain ng Diyos at karapat-dapat itong pahalagahan ng mga tao , na ang Diyos ay lubhang katangi-tangi at sagana ; hindi lamang Siya nakapagsasalita , kundi nahahatulan din Niya ang mga tao , napipino ang kanilang puso , nadudulutan sila ng kagalakan , nakakamit sila , nalulupig sila , at nagagawa silang perpekto .",nadudulutan,FIL
19229,1202,"Dapat mong makita na lubhang mahalaga ang gawain ng Diyos at karapat-dapat itong pahalagahan ng mga tao , na ang Diyos ay lubhang katangi-tangi at sagana ; hindi lamang Siya nakapagsasalita , kundi nahahatulan din Niya ang mga tao , napipino ang kanilang puso , nadudulutan sila ng kagalakan , nakakamit sila , nalulupig sila , at nagagawa silang perpekto .",sila,FIL
19230,1202,"Dapat mong makita na lubhang mahalaga ang gawain ng Diyos at karapat-dapat itong pahalagahan ng mga tao , na ang Diyos ay lubhang katangi-tangi at sagana ; hindi lamang Siya nakapagsasalita , kundi nahahatulan din Niya ang mga tao , napipino ang kanilang puso , nadudulutan sila ng kagalakan , nakakamit sila , nalulupig sila , at nagagawa silang perpekto .",ng,FIL
19231,1202,"Dapat mong makita na lubhang mahalaga ang gawain ng Diyos at karapat-dapat itong pahalagahan ng mga tao , na ang Diyos ay lubhang katangi-tangi at sagana ; hindi lamang Siya nakapagsasalita , kundi nahahatulan din Niya ang mga tao , napipino ang kanilang puso , nadudulutan sila ng kagalakan , nakakamit sila , nalulupig sila , at nagagawa silang perpekto .",kagalakan,FIL
19232,1202,"Dapat mong makita na lubhang mahalaga ang gawain ng Diyos at karapat-dapat itong pahalagahan ng mga tao , na ang Diyos ay lubhang katangi-tangi at sagana ; hindi lamang Siya nakapagsasalita , kundi nahahatulan din Niya ang mga tao , napipino ang kanilang puso , nadudulutan sila ng kagalakan , nakakamit sila , nalulupig sila , at nagagawa silang perpekto .",",",OTH
19233,1202,"Dapat mong makita na lubhang mahalaga ang gawain ng Diyos at karapat-dapat itong pahalagahan ng mga tao , na ang Diyos ay lubhang katangi-tangi at sagana ; hindi lamang Siya nakapagsasalita , kundi nahahatulan din Niya ang mga tao , napipino ang kanilang puso , nadudulutan sila ng kagalakan , nakakamit sila , nalulupig sila , at nagagawa silang perpekto .",nakakamit,FIL
19234,1202,"Dapat mong makita na lubhang mahalaga ang gawain ng Diyos at karapat-dapat itong pahalagahan ng mga tao , na ang Diyos ay lubhang katangi-tangi at sagana ; hindi lamang Siya nakapagsasalita , kundi nahahatulan din Niya ang mga tao , napipino ang kanilang puso , nadudulutan sila ng kagalakan , nakakamit sila , nalulupig sila , at nagagawa silang perpekto .",sila,FIL
19235,1202,"Dapat mong makita na lubhang mahalaga ang gawain ng Diyos at karapat-dapat itong pahalagahan ng mga tao , na ang Diyos ay lubhang katangi-tangi at sagana ; hindi lamang Siya nakapagsasalita , kundi nahahatulan din Niya ang mga tao , napipino ang kanilang puso , nadudulutan sila ng kagalakan , nakakamit sila , nalulupig sila , at nagagawa silang perpekto .",",",OTH
19236,1202,"Dapat mong makita na lubhang mahalaga ang gawain ng Diyos at karapat-dapat itong pahalagahan ng mga tao , na ang Diyos ay lubhang katangi-tangi at sagana ; hindi lamang Siya nakapagsasalita , kundi nahahatulan din Niya ang mga tao , napipino ang kanilang puso , nadudulutan sila ng kagalakan , nakakamit sila , nalulupig sila , at nagagawa silang perpekto .",nalulupig,FIL
19237,1202,"Dapat mong makita na lubhang mahalaga ang gawain ng Diyos at karapat-dapat itong pahalagahan ng mga tao , na ang Diyos ay lubhang katangi-tangi at sagana ; hindi lamang Siya nakapagsasalita , kundi nahahatulan din Niya ang mga tao , napipino ang kanilang puso , nadudulutan sila ng kagalakan , nakakamit sila , nalulupig sila , at nagagawa silang perpekto .",sila,FIL
19238,1202,"Dapat mong makita na lubhang mahalaga ang gawain ng Diyos at karapat-dapat itong pahalagahan ng mga tao , na ang Diyos ay lubhang katangi-tangi at sagana ; hindi lamang Siya nakapagsasalita , kundi nahahatulan din Niya ang mga tao , napipino ang kanilang puso , nadudulutan sila ng kagalakan , nakakamit sila , nalulupig sila , at nagagawa silang perpekto .",",",OTH
19239,1202,"Dapat mong makita na lubhang mahalaga ang gawain ng Diyos at karapat-dapat itong pahalagahan ng mga tao , na ang Diyos ay lubhang katangi-tangi at sagana ; hindi lamang Siya nakapagsasalita , kundi nahahatulan din Niya ang mga tao , napipino ang kanilang puso , nadudulutan sila ng kagalakan , nakakamit sila , nalulupig sila , at nagagawa silang perpekto .",at,FIL
19240,1202,"Dapat mong makita na lubhang mahalaga ang gawain ng Diyos at karapat-dapat itong pahalagahan ng mga tao , na ang Diyos ay lubhang katangi-tangi at sagana ; hindi lamang Siya nakapagsasalita , kundi nahahatulan din Niya ang mga tao , napipino ang kanilang puso , nadudulutan sila ng kagalakan , nakakamit sila , nalulupig sila , at nagagawa silang perpekto .",nagagawa,FIL
19241,1202,"Dapat mong makita na lubhang mahalaga ang gawain ng Diyos at karapat-dapat itong pahalagahan ng mga tao , na ang Diyos ay lubhang katangi-tangi at sagana ; hindi lamang Siya nakapagsasalita , kundi nahahatulan din Niya ang mga tao , napipino ang kanilang puso , nadudulutan sila ng kagalakan , nakakamit sila , nalulupig sila , at nagagawa silang perpekto .",silang,FIL
19242,1202,"Dapat mong makita na lubhang mahalaga ang gawain ng Diyos at karapat-dapat itong pahalagahan ng mga tao , na ang Diyos ay lubhang katangi-tangi at sagana ; hindi lamang Siya nakapagsasalita , kundi nahahatulan din Niya ang mga tao , napipino ang kanilang puso , nadudulutan sila ng kagalakan , nakakamit sila , nalulupig sila , at nagagawa silang perpekto .",perpekto,FIL
19243,1202,"Dapat mong makita na lubhang mahalaga ang gawain ng Diyos at karapat-dapat itong pahalagahan ng mga tao , na ang Diyos ay lubhang katangi-tangi at sagana ; hindi lamang Siya nakapagsasalita , kundi nahahatulan din Niya ang mga tao , napipino ang kanilang puso , nadudulutan sila ng kagalakan , nakakamit sila , nalulupig sila , at nagagawa silang perpekto .",.,OTH
19244,1203,"Samantala , ipinakita ng datos ng DOST na sa kasalukuyan , ang MRP ay nagtagumpay sa pagtatatag ng kabuuang 37 food production facility sa 17 rehiyon at 33 probinsya sa bansa .",Samantala,FIL
19245,1203,"Samantala , ipinakita ng datos ng DOST na sa kasalukuyan , ang MRP ay nagtagumpay sa pagtatatag ng kabuuang 37 food production facility sa 17 rehiyon at 33 probinsya sa bansa .",",",OTH
19246,1203,"Samantala , ipinakita ng datos ng DOST na sa kasalukuyan , ang MRP ay nagtagumpay sa pagtatatag ng kabuuang 37 food production facility sa 17 rehiyon at 33 probinsya sa bansa .",ipinakita,FIL
19247,1203,"Samantala , ipinakita ng datos ng DOST na sa kasalukuyan , ang MRP ay nagtagumpay sa pagtatatag ng kabuuang 37 food production facility sa 17 rehiyon at 33 probinsya sa bansa .",ng,FIL
19248,1203,"Samantala , ipinakita ng datos ng DOST na sa kasalukuyan , ang MRP ay nagtagumpay sa pagtatatag ng kabuuang 37 food production facility sa 17 rehiyon at 33 probinsya sa bansa .",datos,FIL
19249,1203,"Samantala , ipinakita ng datos ng DOST na sa kasalukuyan , ang MRP ay nagtagumpay sa pagtatatag ng kabuuang 37 food production facility sa 17 rehiyon at 33 probinsya sa bansa .",ng,FIL
19250,1203,"Samantala , ipinakita ng datos ng DOST na sa kasalukuyan , ang MRP ay nagtagumpay sa pagtatatag ng kabuuang 37 food production facility sa 17 rehiyon at 33 probinsya sa bansa .",DOST,OTH
19251,1203,"Samantala , ipinakita ng datos ng DOST na sa kasalukuyan , ang MRP ay nagtagumpay sa pagtatatag ng kabuuang 37 food production facility sa 17 rehiyon at 33 probinsya sa bansa .",na,FIL
19252,1203,"Samantala , ipinakita ng datos ng DOST na sa kasalukuyan , ang MRP ay nagtagumpay sa pagtatatag ng kabuuang 37 food production facility sa 17 rehiyon at 33 probinsya sa bansa .",sa,FIL
19253,1203,"Samantala , ipinakita ng datos ng DOST na sa kasalukuyan , ang MRP ay nagtagumpay sa pagtatatag ng kabuuang 37 food production facility sa 17 rehiyon at 33 probinsya sa bansa .",kasalukuyan,FIL
19254,1203,"Samantala , ipinakita ng datos ng DOST na sa kasalukuyan , ang MRP ay nagtagumpay sa pagtatatag ng kabuuang 37 food production facility sa 17 rehiyon at 33 probinsya sa bansa .",",",OTH
19255,1203,"Samantala , ipinakita ng datos ng DOST na sa kasalukuyan , ang MRP ay nagtagumpay sa pagtatatag ng kabuuang 37 food production facility sa 17 rehiyon at 33 probinsya sa bansa .",ang,FIL
19256,1203,"Samantala , ipinakita ng datos ng DOST na sa kasalukuyan , ang MRP ay nagtagumpay sa pagtatatag ng kabuuang 37 food production facility sa 17 rehiyon at 33 probinsya sa bansa .",MRP,OTH
19257,1203,"Samantala , ipinakita ng datos ng DOST na sa kasalukuyan , ang MRP ay nagtagumpay sa pagtatatag ng kabuuang 37 food production facility sa 17 rehiyon at 33 probinsya sa bansa .",ay,FIL
19258,1203,"Samantala , ipinakita ng datos ng DOST na sa kasalukuyan , ang MRP ay nagtagumpay sa pagtatatag ng kabuuang 37 food production facility sa 17 rehiyon at 33 probinsya sa bansa .",nagtagumpay,FIL
19259,1203,"Samantala , ipinakita ng datos ng DOST na sa kasalukuyan , ang MRP ay nagtagumpay sa pagtatatag ng kabuuang 37 food production facility sa 17 rehiyon at 33 probinsya sa bansa .",sa,FIL
19260,1203,"Samantala , ipinakita ng datos ng DOST na sa kasalukuyan , ang MRP ay nagtagumpay sa pagtatatag ng kabuuang 37 food production facility sa 17 rehiyon at 33 probinsya sa bansa .",pagtatatag,FIL
19261,1203,"Samantala , ipinakita ng datos ng DOST na sa kasalukuyan , ang MRP ay nagtagumpay sa pagtatatag ng kabuuang 37 food production facility sa 17 rehiyon at 33 probinsya sa bansa .",ng,FIL
19262,1203,"Samantala , ipinakita ng datos ng DOST na sa kasalukuyan , ang MRP ay nagtagumpay sa pagtatatag ng kabuuang 37 food production facility sa 17 rehiyon at 33 probinsya sa bansa .",kabuuang,FIL
19263,1203,"Samantala , ipinakita ng datos ng DOST na sa kasalukuyan , ang MRP ay nagtagumpay sa pagtatatag ng kabuuang 37 food production facility sa 17 rehiyon at 33 probinsya sa bansa .",37,OTH
19264,1203,"Samantala , ipinakita ng datos ng DOST na sa kasalukuyan , ang MRP ay nagtagumpay sa pagtatatag ng kabuuang 37 food production facility sa 17 rehiyon at 33 probinsya sa bansa .",food,ENG
19265,1203,"Samantala , ipinakita ng datos ng DOST na sa kasalukuyan , ang MRP ay nagtagumpay sa pagtatatag ng kabuuang 37 food production facility sa 17 rehiyon at 33 probinsya sa bansa .",production,ENG
19266,1203,"Samantala , ipinakita ng datos ng DOST na sa kasalukuyan , ang MRP ay nagtagumpay sa pagtatatag ng kabuuang 37 food production facility sa 17 rehiyon at 33 probinsya sa bansa .",facility,ENG
19267,1203,"Samantala , ipinakita ng datos ng DOST na sa kasalukuyan , ang MRP ay nagtagumpay sa pagtatatag ng kabuuang 37 food production facility sa 17 rehiyon at 33 probinsya sa bansa .",sa,FIL
19268,1203,"Samantala , ipinakita ng datos ng DOST na sa kasalukuyan , ang MRP ay nagtagumpay sa pagtatatag ng kabuuang 37 food production facility sa 17 rehiyon at 33 probinsya sa bansa .",17,OTH
19269,1203,"Samantala , ipinakita ng datos ng DOST na sa kasalukuyan , ang MRP ay nagtagumpay sa pagtatatag ng kabuuang 37 food production facility sa 17 rehiyon at 33 probinsya sa bansa .",rehiyon,FIL
19270,1203,"Samantala , ipinakita ng datos ng DOST na sa kasalukuyan , ang MRP ay nagtagumpay sa pagtatatag ng kabuuang 37 food production facility sa 17 rehiyon at 33 probinsya sa bansa .",at,FIL
19271,1203,"Samantala , ipinakita ng datos ng DOST na sa kasalukuyan , ang MRP ay nagtagumpay sa pagtatatag ng kabuuang 37 food production facility sa 17 rehiyon at 33 probinsya sa bansa .",33,OTH
19272,1203,"Samantala , ipinakita ng datos ng DOST na sa kasalukuyan , ang MRP ay nagtagumpay sa pagtatatag ng kabuuang 37 food production facility sa 17 rehiyon at 33 probinsya sa bansa .",probinsya,FIL
19273,1203,"Samantala , ipinakita ng datos ng DOST na sa kasalukuyan , ang MRP ay nagtagumpay sa pagtatatag ng kabuuang 37 food production facility sa 17 rehiyon at 33 probinsya sa bansa .",sa,FIL
19274,1203,"Samantala , ipinakita ng datos ng DOST na sa kasalukuyan , ang MRP ay nagtagumpay sa pagtatatag ng kabuuang 37 food production facility sa 17 rehiyon at 33 probinsya sa bansa .",bansa,FIL
19275,1203,"Samantala , ipinakita ng datos ng DOST na sa kasalukuyan , ang MRP ay nagtagumpay sa pagtatatag ng kabuuang 37 food production facility sa 17 rehiyon at 33 probinsya sa bansa .",.,OTH
19276,1204,I love you ser raffy the best ka sa amin mga ofw ikaw nag iisang senador ko sampu ng family ko sa iloilo palangga ka gid naman watching Bahrain,I,ENG
19277,1204,I love you ser raffy the best ka sa amin mga ofw ikaw nag iisang senador ko sampu ng family ko sa iloilo palangga ka gid naman watching Bahrain,love,ENG
19278,1204,I love you ser raffy the best ka sa amin mga ofw ikaw nag iisang senador ko sampu ng family ko sa iloilo palangga ka gid naman watching Bahrain,you,ENG
19279,1204,I love you ser raffy the best ka sa amin mga ofw ikaw nag iisang senador ko sampu ng family ko sa iloilo palangga ka gid naman watching Bahrain,ser,ENG
19280,1204,I love you ser raffy the best ka sa amin mga ofw ikaw nag iisang senador ko sampu ng family ko sa iloilo palangga ka gid naman watching Bahrain,raffy,OTH
19281,1204,I love you ser raffy the best ka sa amin mga ofw ikaw nag iisang senador ko sampu ng family ko sa iloilo palangga ka gid naman watching Bahrain,the,FIL
19282,1204,I love you ser raffy the best ka sa amin mga ofw ikaw nag iisang senador ko sampu ng family ko sa iloilo palangga ka gid naman watching Bahrain,best,ENG
19283,1204,I love you ser raffy the best ka sa amin mga ofw ikaw nag iisang senador ko sampu ng family ko sa iloilo palangga ka gid naman watching Bahrain,ka,FIL
19284,1204,I love you ser raffy the best ka sa amin mga ofw ikaw nag iisang senador ko sampu ng family ko sa iloilo palangga ka gid naman watching Bahrain,sa,FIL
19285,1204,I love you ser raffy the best ka sa amin mga ofw ikaw nag iisang senador ko sampu ng family ko sa iloilo palangga ka gid naman watching Bahrain,amin,FIL
19286,1204,I love you ser raffy the best ka sa amin mga ofw ikaw nag iisang senador ko sampu ng family ko sa iloilo palangga ka gid naman watching Bahrain,mga,FIL
19287,1204,I love you ser raffy the best ka sa amin mga ofw ikaw nag iisang senador ko sampu ng family ko sa iloilo palangga ka gid naman watching Bahrain,ofw,OTH
19288,1204,I love you ser raffy the best ka sa amin mga ofw ikaw nag iisang senador ko sampu ng family ko sa iloilo palangga ka gid naman watching Bahrain,ikaw,FIL
19289,1204,I love you ser raffy the best ka sa amin mga ofw ikaw nag iisang senador ko sampu ng family ko sa iloilo palangga ka gid naman watching Bahrain,nag,FIL
19290,1204,I love you ser raffy the best ka sa amin mga ofw ikaw nag iisang senador ko sampu ng family ko sa iloilo palangga ka gid naman watching Bahrain,iisang,FIL
19291,1204,I love you ser raffy the best ka sa amin mga ofw ikaw nag iisang senador ko sampu ng family ko sa iloilo palangga ka gid naman watching Bahrain,senador,FIL
19292,1204,I love you ser raffy the best ka sa amin mga ofw ikaw nag iisang senador ko sampu ng family ko sa iloilo palangga ka gid naman watching Bahrain,ko,FIL
19293,1204,I love you ser raffy the best ka sa amin mga ofw ikaw nag iisang senador ko sampu ng family ko sa iloilo palangga ka gid naman watching Bahrain,sampu,FIL
19294,1204,I love you ser raffy the best ka sa amin mga ofw ikaw nag iisang senador ko sampu ng family ko sa iloilo palangga ka gid naman watching Bahrain,ng,FIL
19295,1204,I love you ser raffy the best ka sa amin mga ofw ikaw nag iisang senador ko sampu ng family ko sa iloilo palangga ka gid naman watching Bahrain,family,ENG
19296,1204,I love you ser raffy the best ka sa amin mga ofw ikaw nag iisang senador ko sampu ng family ko sa iloilo palangga ka gid naman watching Bahrain,ko,FIL
19297,1204,I love you ser raffy the best ka sa amin mga ofw ikaw nag iisang senador ko sampu ng family ko sa iloilo palangga ka gid naman watching Bahrain,sa,FIL
19298,1204,I love you ser raffy the best ka sa amin mga ofw ikaw nag iisang senador ko sampu ng family ko sa iloilo palangga ka gid naman watching Bahrain,iloilo,OTH
19299,1204,I love you ser raffy the best ka sa amin mga ofw ikaw nag iisang senador ko sampu ng family ko sa iloilo palangga ka gid naman watching Bahrain,palangga,FIL
19300,1204,I love you ser raffy the best ka sa amin mga ofw ikaw nag iisang senador ko sampu ng family ko sa iloilo palangga ka gid naman watching Bahrain,ka,FIL
19301,1204,I love you ser raffy the best ka sa amin mga ofw ikaw nag iisang senador ko sampu ng family ko sa iloilo palangga ka gid naman watching Bahrain,gid,FIL
19302,1204,I love you ser raffy the best ka sa amin mga ofw ikaw nag iisang senador ko sampu ng family ko sa iloilo palangga ka gid naman watching Bahrain,naman,FIL
19303,1204,I love you ser raffy the best ka sa amin mga ofw ikaw nag iisang senador ko sampu ng family ko sa iloilo palangga ka gid naman watching Bahrain,watching,ENG
19304,1204,I love you ser raffy the best ka sa amin mga ofw ikaw nag iisang senador ko sampu ng family ko sa iloilo palangga ka gid naman watching Bahrain,Bahrain,OTH
19305,1205,"Hindi man kasingnipis ng katawan ng ibang mga star ang porma ng katawan ni KC , pero walang dudang kakaiba ang bagyong hatid ng kaseksihan nito .",Hindi,FIL
19306,1205,"Hindi man kasingnipis ng katawan ng ibang mga star ang porma ng katawan ni KC , pero walang dudang kakaiba ang bagyong hatid ng kaseksihan nito .",man,FIL
19307,1205,"Hindi man kasingnipis ng katawan ng ibang mga star ang porma ng katawan ni KC , pero walang dudang kakaiba ang bagyong hatid ng kaseksihan nito .",kasingnipis,FIL
19308,1205,"Hindi man kasingnipis ng katawan ng ibang mga star ang porma ng katawan ni KC , pero walang dudang kakaiba ang bagyong hatid ng kaseksihan nito .",ng,FIL
19309,1205,"Hindi man kasingnipis ng katawan ng ibang mga star ang porma ng katawan ni KC , pero walang dudang kakaiba ang bagyong hatid ng kaseksihan nito .",katawan,FIL
19310,1205,"Hindi man kasingnipis ng katawan ng ibang mga star ang porma ng katawan ni KC , pero walang dudang kakaiba ang bagyong hatid ng kaseksihan nito .",ng,FIL
19311,1205,"Hindi man kasingnipis ng katawan ng ibang mga star ang porma ng katawan ni KC , pero walang dudang kakaiba ang bagyong hatid ng kaseksihan nito .",ibang,FIL
19312,1205,"Hindi man kasingnipis ng katawan ng ibang mga star ang porma ng katawan ni KC , pero walang dudang kakaiba ang bagyong hatid ng kaseksihan nito .",mga,FIL
19313,1205,"Hindi man kasingnipis ng katawan ng ibang mga star ang porma ng katawan ni KC , pero walang dudang kakaiba ang bagyong hatid ng kaseksihan nito .",star,ENG
19314,1205,"Hindi man kasingnipis ng katawan ng ibang mga star ang porma ng katawan ni KC , pero walang dudang kakaiba ang bagyong hatid ng kaseksihan nito .",ang,FIL
19315,1205,"Hindi man kasingnipis ng katawan ng ibang mga star ang porma ng katawan ni KC , pero walang dudang kakaiba ang bagyong hatid ng kaseksihan nito .",porma,FIL
19316,1205,"Hindi man kasingnipis ng katawan ng ibang mga star ang porma ng katawan ni KC , pero walang dudang kakaiba ang bagyong hatid ng kaseksihan nito .",ng,FIL
19317,1205,"Hindi man kasingnipis ng katawan ng ibang mga star ang porma ng katawan ni KC , pero walang dudang kakaiba ang bagyong hatid ng kaseksihan nito .",katawan,FIL
19318,1205,"Hindi man kasingnipis ng katawan ng ibang mga star ang porma ng katawan ni KC , pero walang dudang kakaiba ang bagyong hatid ng kaseksihan nito .",ni,FIL
19319,1205,"Hindi man kasingnipis ng katawan ng ibang mga star ang porma ng katawan ni KC , pero walang dudang kakaiba ang bagyong hatid ng kaseksihan nito .",KC,OTH
19320,1205,"Hindi man kasingnipis ng katawan ng ibang mga star ang porma ng katawan ni KC , pero walang dudang kakaiba ang bagyong hatid ng kaseksihan nito .",",",OTH
19321,1205,"Hindi man kasingnipis ng katawan ng ibang mga star ang porma ng katawan ni KC , pero walang dudang kakaiba ang bagyong hatid ng kaseksihan nito .",pero,FIL
19322,1205,"Hindi man kasingnipis ng katawan ng ibang mga star ang porma ng katawan ni KC , pero walang dudang kakaiba ang bagyong hatid ng kaseksihan nito .",walang,FIL
19323,1205,"Hindi man kasingnipis ng katawan ng ibang mga star ang porma ng katawan ni KC , pero walang dudang kakaiba ang bagyong hatid ng kaseksihan nito .",dudang,FIL
19324,1205,"Hindi man kasingnipis ng katawan ng ibang mga star ang porma ng katawan ni KC , pero walang dudang kakaiba ang bagyong hatid ng kaseksihan nito .",kakaiba,FIL
19325,1205,"Hindi man kasingnipis ng katawan ng ibang mga star ang porma ng katawan ni KC , pero walang dudang kakaiba ang bagyong hatid ng kaseksihan nito .",ang,FIL
19326,1205,"Hindi man kasingnipis ng katawan ng ibang mga star ang porma ng katawan ni KC , pero walang dudang kakaiba ang bagyong hatid ng kaseksihan nito .",bagyong,FIL
19327,1205,"Hindi man kasingnipis ng katawan ng ibang mga star ang porma ng katawan ni KC , pero walang dudang kakaiba ang bagyong hatid ng kaseksihan nito .",hatid,FIL
19328,1205,"Hindi man kasingnipis ng katawan ng ibang mga star ang porma ng katawan ni KC , pero walang dudang kakaiba ang bagyong hatid ng kaseksihan nito .",ng,FIL
19329,1205,"Hindi man kasingnipis ng katawan ng ibang mga star ang porma ng katawan ni KC , pero walang dudang kakaiba ang bagyong hatid ng kaseksihan nito .",kaseksihan,FIL
19330,1205,"Hindi man kasingnipis ng katawan ng ibang mga star ang porma ng katawan ni KC , pero walang dudang kakaiba ang bagyong hatid ng kaseksihan nito .",nito,FIL
19331,1205,"Hindi man kasingnipis ng katawan ng ibang mga star ang porma ng katawan ni KC , pero walang dudang kakaiba ang bagyong hatid ng kaseksihan nito .",.,OTH
19332,1206,"Kailangan mong maging ganito kataimtim tungkol sa mga bagay na iyong ginagawa , at masigasig na pakitunguhan ang iyong bawat salita at pagkilos .",Kailangan,FIL
19333,1206,"Kailangan mong maging ganito kataimtim tungkol sa mga bagay na iyong ginagawa , at masigasig na pakitunguhan ang iyong bawat salita at pagkilos .",mong,FIL
19334,1206,"Kailangan mong maging ganito kataimtim tungkol sa mga bagay na iyong ginagawa , at masigasig na pakitunguhan ang iyong bawat salita at pagkilos .",maging,FIL
19335,1206,"Kailangan mong maging ganito kataimtim tungkol sa mga bagay na iyong ginagawa , at masigasig na pakitunguhan ang iyong bawat salita at pagkilos .",ganito,FIL
19336,1206,"Kailangan mong maging ganito kataimtim tungkol sa mga bagay na iyong ginagawa , at masigasig na pakitunguhan ang iyong bawat salita at pagkilos .",kataimtim,FIL
19337,1206,"Kailangan mong maging ganito kataimtim tungkol sa mga bagay na iyong ginagawa , at masigasig na pakitunguhan ang iyong bawat salita at pagkilos .",tungkol,FIL
19338,1206,"Kailangan mong maging ganito kataimtim tungkol sa mga bagay na iyong ginagawa , at masigasig na pakitunguhan ang iyong bawat salita at pagkilos .",sa,FIL
19339,1206,"Kailangan mong maging ganito kataimtim tungkol sa mga bagay na iyong ginagawa , at masigasig na pakitunguhan ang iyong bawat salita at pagkilos .",mga,FIL
19340,1206,"Kailangan mong maging ganito kataimtim tungkol sa mga bagay na iyong ginagawa , at masigasig na pakitunguhan ang iyong bawat salita at pagkilos .",bagay,FIL
19341,1206,"Kailangan mong maging ganito kataimtim tungkol sa mga bagay na iyong ginagawa , at masigasig na pakitunguhan ang iyong bawat salita at pagkilos .",na,FIL
19342,1206,"Kailangan mong maging ganito kataimtim tungkol sa mga bagay na iyong ginagawa , at masigasig na pakitunguhan ang iyong bawat salita at pagkilos .",iyong,FIL
19343,1206,"Kailangan mong maging ganito kataimtim tungkol sa mga bagay na iyong ginagawa , at masigasig na pakitunguhan ang iyong bawat salita at pagkilos .",ginagawa,FIL
19344,1206,"Kailangan mong maging ganito kataimtim tungkol sa mga bagay na iyong ginagawa , at masigasig na pakitunguhan ang iyong bawat salita at pagkilos .",",",OTH
19345,1206,"Kailangan mong maging ganito kataimtim tungkol sa mga bagay na iyong ginagawa , at masigasig na pakitunguhan ang iyong bawat salita at pagkilos .",at,FIL
19346,1206,"Kailangan mong maging ganito kataimtim tungkol sa mga bagay na iyong ginagawa , at masigasig na pakitunguhan ang iyong bawat salita at pagkilos .",masigasig,FIL
19347,1206,"Kailangan mong maging ganito kataimtim tungkol sa mga bagay na iyong ginagawa , at masigasig na pakitunguhan ang iyong bawat salita at pagkilos .",na,FIL
19348,1206,"Kailangan mong maging ganito kataimtim tungkol sa mga bagay na iyong ginagawa , at masigasig na pakitunguhan ang iyong bawat salita at pagkilos .",pakitunguhan,FIL
19349,1206,"Kailangan mong maging ganito kataimtim tungkol sa mga bagay na iyong ginagawa , at masigasig na pakitunguhan ang iyong bawat salita at pagkilos .",ang,FIL
19350,1206,"Kailangan mong maging ganito kataimtim tungkol sa mga bagay na iyong ginagawa , at masigasig na pakitunguhan ang iyong bawat salita at pagkilos .",iyong,FIL
19351,1206,"Kailangan mong maging ganito kataimtim tungkol sa mga bagay na iyong ginagawa , at masigasig na pakitunguhan ang iyong bawat salita at pagkilos .",bawat,FIL
19352,1206,"Kailangan mong maging ganito kataimtim tungkol sa mga bagay na iyong ginagawa , at masigasig na pakitunguhan ang iyong bawat salita at pagkilos .",salita,FIL
19353,1206,"Kailangan mong maging ganito kataimtim tungkol sa mga bagay na iyong ginagawa , at masigasig na pakitunguhan ang iyong bawat salita at pagkilos .",at,FIL
19354,1206,"Kailangan mong maging ganito kataimtim tungkol sa mga bagay na iyong ginagawa , at masigasig na pakitunguhan ang iyong bawat salita at pagkilos .",pagkilos,FIL
19355,1206,"Kailangan mong maging ganito kataimtim tungkol sa mga bagay na iyong ginagawa , at masigasig na pakitunguhan ang iyong bawat salita at pagkilos .",.,OTH
19356,1208,ang basura nung lalaki lol,ang,FIL
19357,1208,ang basura nung lalaki lol,basura,FIL
19358,1208,ang basura nung lalaki lol,nung,FIL
19359,1208,ang basura nung lalaki lol,lalaki,FIL
19360,1208,ang basura nung lalaki lol,lol,OTH
19361,1209,"Ngayon , napakamot ulo na sa kamalasan ang mga farmers dahil sa importation .",Ngayon,FIL
19362,1209,"Ngayon , napakamot ulo na sa kamalasan ang mga farmers dahil sa importation .",",",OTH
19363,1209,"Ngayon , napakamot ulo na sa kamalasan ang mga farmers dahil sa importation .",napakamot,FIL
19364,1209,"Ngayon , napakamot ulo na sa kamalasan ang mga farmers dahil sa importation .",ulo,FIL
19365,1209,"Ngayon , napakamot ulo na sa kamalasan ang mga farmers dahil sa importation .",na,FIL
19366,1209,"Ngayon , napakamot ulo na sa kamalasan ang mga farmers dahil sa importation .",sa,FIL
19367,1209,"Ngayon , napakamot ulo na sa kamalasan ang mga farmers dahil sa importation .",kamalasan,FIL
19368,1209,"Ngayon , napakamot ulo na sa kamalasan ang mga farmers dahil sa importation .",ang,FIL
19369,1209,"Ngayon , napakamot ulo na sa kamalasan ang mga farmers dahil sa importation .",mga,FIL
19370,1209,"Ngayon , napakamot ulo na sa kamalasan ang mga farmers dahil sa importation .",farmers,ENG
19371,1209,"Ngayon , napakamot ulo na sa kamalasan ang mga farmers dahil sa importation .",dahil,FIL
19372,1209,"Ngayon , napakamot ulo na sa kamalasan ang mga farmers dahil sa importation .",sa,FIL
19373,1209,"Ngayon , napakamot ulo na sa kamalasan ang mga farmers dahil sa importation .",importation,ENG
19374,1209,"Ngayon , napakamot ulo na sa kamalasan ang mga farmers dahil sa importation .",.,OTH
19375,1210,"Ito ay tiyak , at hindi mapag-aalinlanganan .",Ito,FIL
19376,1210,"Ito ay tiyak , at hindi mapag-aalinlanganan .",ay,FIL
19377,1210,"Ito ay tiyak , at hindi mapag-aalinlanganan .",tiyak,FIL
19378,1210,"Ito ay tiyak , at hindi mapag-aalinlanganan .",",",OTH
19379,1210,"Ito ay tiyak , at hindi mapag-aalinlanganan .",at,FIL
19380,1210,"Ito ay tiyak , at hindi mapag-aalinlanganan .",hindi,FIL
19381,1210,"Ito ay tiyak , at hindi mapag-aalinlanganan .",mapag-aalinlanganan,FIL
19382,1210,"Ito ay tiyak , at hindi mapag-aalinlanganan .",.,OTH
19383,1211,"Dito nga sa abroad , pag gusto mag asawa ng foreigner kahit kasal sa pinas , kukuha lng ng death certificate sa quiapo , papatayin yun pinoy na asawa kahit buhay pa . Tsk tsk tsk .",Dito,FIL
19384,1211,"Dito nga sa abroad , pag gusto mag asawa ng foreigner kahit kasal sa pinas , kukuha lng ng death certificate sa quiapo , papatayin yun pinoy na asawa kahit buhay pa . Tsk tsk tsk .",nga,FIL
19385,1211,"Dito nga sa abroad , pag gusto mag asawa ng foreigner kahit kasal sa pinas , kukuha lng ng death certificate sa quiapo , papatayin yun pinoy na asawa kahit buhay pa . Tsk tsk tsk .",sa,FIL
19386,1211,"Dito nga sa abroad , pag gusto mag asawa ng foreigner kahit kasal sa pinas , kukuha lng ng death certificate sa quiapo , papatayin yun pinoy na asawa kahit buhay pa . Tsk tsk tsk .",abroad,FIL
19387,1211,"Dito nga sa abroad , pag gusto mag asawa ng foreigner kahit kasal sa pinas , kukuha lng ng death certificate sa quiapo , papatayin yun pinoy na asawa kahit buhay pa . Tsk tsk tsk .",",",OTH
19388,1211,"Dito nga sa abroad , pag gusto mag asawa ng foreigner kahit kasal sa pinas , kukuha lng ng death certificate sa quiapo , papatayin yun pinoy na asawa kahit buhay pa . Tsk tsk tsk .",pag,FIL
19389,1211,"Dito nga sa abroad , pag gusto mag asawa ng foreigner kahit kasal sa pinas , kukuha lng ng death certificate sa quiapo , papatayin yun pinoy na asawa kahit buhay pa . Tsk tsk tsk .",gusto,FIL
19390,1211,"Dito nga sa abroad , pag gusto mag asawa ng foreigner kahit kasal sa pinas , kukuha lng ng death certificate sa quiapo , papatayin yun pinoy na asawa kahit buhay pa . Tsk tsk tsk .",mag,FIL
19391,1211,"Dito nga sa abroad , pag gusto mag asawa ng foreigner kahit kasal sa pinas , kukuha lng ng death certificate sa quiapo , papatayin yun pinoy na asawa kahit buhay pa . Tsk tsk tsk .",asawa,FIL
19392,1211,"Dito nga sa abroad , pag gusto mag asawa ng foreigner kahit kasal sa pinas , kukuha lng ng death certificate sa quiapo , papatayin yun pinoy na asawa kahit buhay pa . Tsk tsk tsk .",ng,FIL
19393,1211,"Dito nga sa abroad , pag gusto mag asawa ng foreigner kahit kasal sa pinas , kukuha lng ng death certificate sa quiapo , papatayin yun pinoy na asawa kahit buhay pa . Tsk tsk tsk .",foreigner,ENG
19394,1211,"Dito nga sa abroad , pag gusto mag asawa ng foreigner kahit kasal sa pinas , kukuha lng ng death certificate sa quiapo , papatayin yun pinoy na asawa kahit buhay pa . Tsk tsk tsk .",kahit,FIL
19395,1211,"Dito nga sa abroad , pag gusto mag asawa ng foreigner kahit kasal sa pinas , kukuha lng ng death certificate sa quiapo , papatayin yun pinoy na asawa kahit buhay pa . Tsk tsk tsk .",kasal,FIL
19396,1211,"Dito nga sa abroad , pag gusto mag asawa ng foreigner kahit kasal sa pinas , kukuha lng ng death certificate sa quiapo , papatayin yun pinoy na asawa kahit buhay pa . Tsk tsk tsk .",sa,FIL
19397,1211,"Dito nga sa abroad , pag gusto mag asawa ng foreigner kahit kasal sa pinas , kukuha lng ng death certificate sa quiapo , papatayin yun pinoy na asawa kahit buhay pa . Tsk tsk tsk .",pinas,FIL
19398,1211,"Dito nga sa abroad , pag gusto mag asawa ng foreigner kahit kasal sa pinas , kukuha lng ng death certificate sa quiapo , papatayin yun pinoy na asawa kahit buhay pa . Tsk tsk tsk .",",",OTH
19399,1211,"Dito nga sa abroad , pag gusto mag asawa ng foreigner kahit kasal sa pinas , kukuha lng ng death certificate sa quiapo , papatayin yun pinoy na asawa kahit buhay pa . Tsk tsk tsk .",kukuha,FIL
19400,1211,"Dito nga sa abroad , pag gusto mag asawa ng foreigner kahit kasal sa pinas , kukuha lng ng death certificate sa quiapo , papatayin yun pinoy na asawa kahit buhay pa . Tsk tsk tsk .",lng,FIL
19401,1211,"Dito nga sa abroad , pag gusto mag asawa ng foreigner kahit kasal sa pinas , kukuha lng ng death certificate sa quiapo , papatayin yun pinoy na asawa kahit buhay pa . Tsk tsk tsk .",ng,FIL
19402,1211,"Dito nga sa abroad , pag gusto mag asawa ng foreigner kahit kasal sa pinas , kukuha lng ng death certificate sa quiapo , papatayin yun pinoy na asawa kahit buhay pa . Tsk tsk tsk .",death,ENG
19403,1211,"Dito nga sa abroad , pag gusto mag asawa ng foreigner kahit kasal sa pinas , kukuha lng ng death certificate sa quiapo , papatayin yun pinoy na asawa kahit buhay pa . Tsk tsk tsk .",certificate,ENG
19404,1211,"Dito nga sa abroad , pag gusto mag asawa ng foreigner kahit kasal sa pinas , kukuha lng ng death certificate sa quiapo , papatayin yun pinoy na asawa kahit buhay pa . Tsk tsk tsk .",sa,FIL
19405,1211,"Dito nga sa abroad , pag gusto mag asawa ng foreigner kahit kasal sa pinas , kukuha lng ng death certificate sa quiapo , papatayin yun pinoy na asawa kahit buhay pa . Tsk tsk tsk .",quiapo,OTH
19406,1211,"Dito nga sa abroad , pag gusto mag asawa ng foreigner kahit kasal sa pinas , kukuha lng ng death certificate sa quiapo , papatayin yun pinoy na asawa kahit buhay pa . Tsk tsk tsk .",",",OTH
19407,1211,"Dito nga sa abroad , pag gusto mag asawa ng foreigner kahit kasal sa pinas , kukuha lng ng death certificate sa quiapo , papatayin yun pinoy na asawa kahit buhay pa . Tsk tsk tsk .",papatayin,FIL
19408,1211,"Dito nga sa abroad , pag gusto mag asawa ng foreigner kahit kasal sa pinas , kukuha lng ng death certificate sa quiapo , papatayin yun pinoy na asawa kahit buhay pa . Tsk tsk tsk .",yun,FIL
19409,1211,"Dito nga sa abroad , pag gusto mag asawa ng foreigner kahit kasal sa pinas , kukuha lng ng death certificate sa quiapo , papatayin yun pinoy na asawa kahit buhay pa . Tsk tsk tsk .",pinoy,FIL
19410,1211,"Dito nga sa abroad , pag gusto mag asawa ng foreigner kahit kasal sa pinas , kukuha lng ng death certificate sa quiapo , papatayin yun pinoy na asawa kahit buhay pa . Tsk tsk tsk .",na,FIL
19411,1211,"Dito nga sa abroad , pag gusto mag asawa ng foreigner kahit kasal sa pinas , kukuha lng ng death certificate sa quiapo , papatayin yun pinoy na asawa kahit buhay pa . Tsk tsk tsk .",asawa,FIL
19412,1211,"Dito nga sa abroad , pag gusto mag asawa ng foreigner kahit kasal sa pinas , kukuha lng ng death certificate sa quiapo , papatayin yun pinoy na asawa kahit buhay pa . Tsk tsk tsk .",kahit,FIL
19413,1211,"Dito nga sa abroad , pag gusto mag asawa ng foreigner kahit kasal sa pinas , kukuha lng ng death certificate sa quiapo , papatayin yun pinoy na asawa kahit buhay pa . Tsk tsk tsk .",buhay,FIL
19414,1211,"Dito nga sa abroad , pag gusto mag asawa ng foreigner kahit kasal sa pinas , kukuha lng ng death certificate sa quiapo , papatayin yun pinoy na asawa kahit buhay pa . Tsk tsk tsk .",pa,FIL
19415,1211,"Dito nga sa abroad , pag gusto mag asawa ng foreigner kahit kasal sa pinas , kukuha lng ng death certificate sa quiapo , papatayin yun pinoy na asawa kahit buhay pa . Tsk tsk tsk .",.,OTH
19416,1211,"Dito nga sa abroad , pag gusto mag asawa ng foreigner kahit kasal sa pinas , kukuha lng ng death certificate sa quiapo , papatayin yun pinoy na asawa kahit buhay pa . Tsk tsk tsk .",Tsk,OTH
19417,1211,"Dito nga sa abroad , pag gusto mag asawa ng foreigner kahit kasal sa pinas , kukuha lng ng death certificate sa quiapo , papatayin yun pinoy na asawa kahit buhay pa . Tsk tsk tsk .",tsk,OTH
19418,1211,"Dito nga sa abroad , pag gusto mag asawa ng foreigner kahit kasal sa pinas , kukuha lng ng death certificate sa quiapo , papatayin yun pinoy na asawa kahit buhay pa . Tsk tsk tsk .",tsk,OTH
19419,1211,"Dito nga sa abroad , pag gusto mag asawa ng foreigner kahit kasal sa pinas , kukuha lng ng death certificate sa quiapo , papatayin yun pinoy na asawa kahit buhay pa . Tsk tsk tsk .",.,OTH
19420,1212,"Sa pag takbo ng kanyang ama sa paka vice president , Hindi sinuportahan ng Abs Cbn si Atienza .",Sa,FIL
19421,1212,"Sa pag takbo ng kanyang ama sa paka vice president , Hindi sinuportahan ng Abs Cbn si Atienza .",pag,FIL
19422,1212,"Sa pag takbo ng kanyang ama sa paka vice president , Hindi sinuportahan ng Abs Cbn si Atienza .",takbo,FIL
19423,1212,"Sa pag takbo ng kanyang ama sa paka vice president , Hindi sinuportahan ng Abs Cbn si Atienza .",ng,FIL
19424,1212,"Sa pag takbo ng kanyang ama sa paka vice president , Hindi sinuportahan ng Abs Cbn si Atienza .",kanyang,FIL
19425,1212,"Sa pag takbo ng kanyang ama sa paka vice president , Hindi sinuportahan ng Abs Cbn si Atienza .",ama,FIL
19426,1212,"Sa pag takbo ng kanyang ama sa paka vice president , Hindi sinuportahan ng Abs Cbn si Atienza .",sa,FIL
19427,1212,"Sa pag takbo ng kanyang ama sa paka vice president , Hindi sinuportahan ng Abs Cbn si Atienza .",paka,FIL
19428,1212,"Sa pag takbo ng kanyang ama sa paka vice president , Hindi sinuportahan ng Abs Cbn si Atienza .",vice,ENG
19429,1212,"Sa pag takbo ng kanyang ama sa paka vice president , Hindi sinuportahan ng Abs Cbn si Atienza .",president,ENG
19430,1212,"Sa pag takbo ng kanyang ama sa paka vice president , Hindi sinuportahan ng Abs Cbn si Atienza .",",",OTH
19431,1212,"Sa pag takbo ng kanyang ama sa paka vice president , Hindi sinuportahan ng Abs Cbn si Atienza .",Hindi,FIL
19432,1212,"Sa pag takbo ng kanyang ama sa paka vice president , Hindi sinuportahan ng Abs Cbn si Atienza .",sinuportahan,CS
19433,1212,"Sa pag takbo ng kanyang ama sa paka vice president , Hindi sinuportahan ng Abs Cbn si Atienza .",ng,FIL
19434,1212,"Sa pag takbo ng kanyang ama sa paka vice president , Hindi sinuportahan ng Abs Cbn si Atienza .",Abs,OTH
19435,1212,"Sa pag takbo ng kanyang ama sa paka vice president , Hindi sinuportahan ng Abs Cbn si Atienza .",Cbn,OTH
19436,1212,"Sa pag takbo ng kanyang ama sa paka vice president , Hindi sinuportahan ng Abs Cbn si Atienza .",si,FIL
19437,1212,"Sa pag takbo ng kanyang ama sa paka vice president , Hindi sinuportahan ng Abs Cbn si Atienza .",Atienza,OTH
19438,1212,"Sa pag takbo ng kanyang ama sa paka vice president , Hindi sinuportahan ng Abs Cbn si Atienza .",.,OTH
19439,1214,Ang . bait ng Mr Kya kung ako c Mr Alagaan nlang mga anak nia .,Ang,FIL
19440,1214,Ang . bait ng Mr Kya kung ako c Mr Alagaan nlang mga anak nia .,.,OTH
19441,1214,Ang . bait ng Mr Kya kung ako c Mr Alagaan nlang mga anak nia .,bait,FIL
19442,1214,Ang . bait ng Mr Kya kung ako c Mr Alagaan nlang mga anak nia .,ng,FIL
19443,1214,Ang . bait ng Mr Kya kung ako c Mr Alagaan nlang mga anak nia .,Mr,ENG
19444,1214,Ang . bait ng Mr Kya kung ako c Mr Alagaan nlang mga anak nia .,Kya,FIL
19445,1214,Ang . bait ng Mr Kya kung ako c Mr Alagaan nlang mga anak nia .,kung,FIL
19446,1214,Ang . bait ng Mr Kya kung ako c Mr Alagaan nlang mga anak nia .,ako,FIL
19447,1214,Ang . bait ng Mr Kya kung ako c Mr Alagaan nlang mga anak nia .,c,FIL
19448,1214,Ang . bait ng Mr Kya kung ako c Mr Alagaan nlang mga anak nia .,Mr,ENG
19449,1214,Ang . bait ng Mr Kya kung ako c Mr Alagaan nlang mga anak nia .,Alagaan,OTH
19450,1214,Ang . bait ng Mr Kya kung ako c Mr Alagaan nlang mga anak nia .,nlang,FIL
19451,1214,Ang . bait ng Mr Kya kung ako c Mr Alagaan nlang mga anak nia .,mga,FIL
19452,1214,Ang . bait ng Mr Kya kung ako c Mr Alagaan nlang mga anak nia .,anak,FIL
19453,1214,Ang . bait ng Mr Kya kung ako c Mr Alagaan nlang mga anak nia .,nia,FIL
19454,1214,Ang . bait ng Mr Kya kung ako c Mr Alagaan nlang mga anak nia .,.,OTH
19455,1215,Anong laban ng isang bata sa isang armadong institusyon ?,Anong,FIL
19456,1215,Anong laban ng isang bata sa isang armadong institusyon ?,laban,FIL
19457,1215,Anong laban ng isang bata sa isang armadong institusyon ?,ng,FIL
19458,1215,Anong laban ng isang bata sa isang armadong institusyon ?,isang,FIL
19459,1215,Anong laban ng isang bata sa isang armadong institusyon ?,bata,FIL
19460,1215,Anong laban ng isang bata sa isang armadong institusyon ?,sa,FIL
19461,1215,Anong laban ng isang bata sa isang armadong institusyon ?,isang,FIL
19462,1215,Anong laban ng isang bata sa isang armadong institusyon ?,armadong,FIL
19463,1215,Anong laban ng isang bata sa isang armadong institusyon ?,institusyon,FIL
19464,1215,Anong laban ng isang bata sa isang armadong institusyon ?,?,OTH
19465,1216,"Pero hindi sumakay ang ina , Hindi ako materyosong tao .",Pero,FIL
19466,1216,"Pero hindi sumakay ang ina , Hindi ako materyosong tao .",hindi,FIL
19467,1216,"Pero hindi sumakay ang ina , Hindi ako materyosong tao .",sumakay,FIL
19468,1216,"Pero hindi sumakay ang ina , Hindi ako materyosong tao .",ang,FIL
19469,1216,"Pero hindi sumakay ang ina , Hindi ako materyosong tao .",ina,FIL
19470,1216,"Pero hindi sumakay ang ina , Hindi ako materyosong tao .",",",OTH
19471,1216,"Pero hindi sumakay ang ina , Hindi ako materyosong tao .",Hindi,FIL
19472,1216,"Pero hindi sumakay ang ina , Hindi ako materyosong tao .",ako,FIL
19473,1216,"Pero hindi sumakay ang ina , Hindi ako materyosong tao .",materyosong,FIL
19474,1216,"Pero hindi sumakay ang ina , Hindi ako materyosong tao .",tao,FIL
19475,1216,"Pero hindi sumakay ang ina , Hindi ako materyosong tao .",.,OTH
19476,1217,tapikin natin ang mga balikat ng ating mga kakampi at ipaalala kung bakit tayo sumali sa krusada at dapat ipagpatuloy ang laban !,tapikin,FIL
19477,1217,tapikin natin ang mga balikat ng ating mga kakampi at ipaalala kung bakit tayo sumali sa krusada at dapat ipagpatuloy ang laban !,natin,FIL
19478,1217,tapikin natin ang mga balikat ng ating mga kakampi at ipaalala kung bakit tayo sumali sa krusada at dapat ipagpatuloy ang laban !,ang,FIL
19479,1217,tapikin natin ang mga balikat ng ating mga kakampi at ipaalala kung bakit tayo sumali sa krusada at dapat ipagpatuloy ang laban !,mga,FIL
19480,1217,tapikin natin ang mga balikat ng ating mga kakampi at ipaalala kung bakit tayo sumali sa krusada at dapat ipagpatuloy ang laban !,balikat,FIL
19481,1217,tapikin natin ang mga balikat ng ating mga kakampi at ipaalala kung bakit tayo sumali sa krusada at dapat ipagpatuloy ang laban !,ng,FIL
19482,1217,tapikin natin ang mga balikat ng ating mga kakampi at ipaalala kung bakit tayo sumali sa krusada at dapat ipagpatuloy ang laban !,ating,FIL
19483,1217,tapikin natin ang mga balikat ng ating mga kakampi at ipaalala kung bakit tayo sumali sa krusada at dapat ipagpatuloy ang laban !,mga,FIL
19484,1217,tapikin natin ang mga balikat ng ating mga kakampi at ipaalala kung bakit tayo sumali sa krusada at dapat ipagpatuloy ang laban !,kakampi,FIL
19485,1217,tapikin natin ang mga balikat ng ating mga kakampi at ipaalala kung bakit tayo sumali sa krusada at dapat ipagpatuloy ang laban !,at,FIL
19486,1217,tapikin natin ang mga balikat ng ating mga kakampi at ipaalala kung bakit tayo sumali sa krusada at dapat ipagpatuloy ang laban !,ipaalala,FIL
19487,1217,tapikin natin ang mga balikat ng ating mga kakampi at ipaalala kung bakit tayo sumali sa krusada at dapat ipagpatuloy ang laban !,kung,FIL
19488,1217,tapikin natin ang mga balikat ng ating mga kakampi at ipaalala kung bakit tayo sumali sa krusada at dapat ipagpatuloy ang laban !,bakit,FIL
19489,1217,tapikin natin ang mga balikat ng ating mga kakampi at ipaalala kung bakit tayo sumali sa krusada at dapat ipagpatuloy ang laban !,tayo,FIL
19490,1217,tapikin natin ang mga balikat ng ating mga kakampi at ipaalala kung bakit tayo sumali sa krusada at dapat ipagpatuloy ang laban !,sumali,FIL
19491,1217,tapikin natin ang mga balikat ng ating mga kakampi at ipaalala kung bakit tayo sumali sa krusada at dapat ipagpatuloy ang laban !,sa,FIL
19492,1217,tapikin natin ang mga balikat ng ating mga kakampi at ipaalala kung bakit tayo sumali sa krusada at dapat ipagpatuloy ang laban !,krusada,FIL
19493,1217,tapikin natin ang mga balikat ng ating mga kakampi at ipaalala kung bakit tayo sumali sa krusada at dapat ipagpatuloy ang laban !,at,FIL
19494,1217,tapikin natin ang mga balikat ng ating mga kakampi at ipaalala kung bakit tayo sumali sa krusada at dapat ipagpatuloy ang laban !,dapat,FIL
19495,1217,tapikin natin ang mga balikat ng ating mga kakampi at ipaalala kung bakit tayo sumali sa krusada at dapat ipagpatuloy ang laban !,ipagpatuloy,FIL
19496,1217,tapikin natin ang mga balikat ng ating mga kakampi at ipaalala kung bakit tayo sumali sa krusada at dapat ipagpatuloy ang laban !,ang,FIL
19497,1217,tapikin natin ang mga balikat ng ating mga kakampi at ipaalala kung bakit tayo sumali sa krusada at dapat ipagpatuloy ang laban !,laban,FIL
19498,1217,tapikin natin ang mga balikat ng ating mga kakampi at ipaalala kung bakit tayo sumali sa krusada at dapat ipagpatuloy ang laban !,!,OTH
19499,1218,"Yun ang nagpagaan ng pandemic life ko , chika pa ni Dave na talaga namang hataw kung hataw sa kanyang mga dance videos sa TikTok .",Yun,FIL
19500,1218,"Yun ang nagpagaan ng pandemic life ko , chika pa ni Dave na talaga namang hataw kung hataw sa kanyang mga dance videos sa TikTok .",ang,FIL
19501,1218,"Yun ang nagpagaan ng pandemic life ko , chika pa ni Dave na talaga namang hataw kung hataw sa kanyang mga dance videos sa TikTok .",nagpagaan,FIL
19502,1218,"Yun ang nagpagaan ng pandemic life ko , chika pa ni Dave na talaga namang hataw kung hataw sa kanyang mga dance videos sa TikTok .",ng,FIL
19503,1218,"Yun ang nagpagaan ng pandemic life ko , chika pa ni Dave na talaga namang hataw kung hataw sa kanyang mga dance videos sa TikTok .",pandemic,ENG
19504,1218,"Yun ang nagpagaan ng pandemic life ko , chika pa ni Dave na talaga namang hataw kung hataw sa kanyang mga dance videos sa TikTok .",life,ENG
19505,1218,"Yun ang nagpagaan ng pandemic life ko , chika pa ni Dave na talaga namang hataw kung hataw sa kanyang mga dance videos sa TikTok .",ko,FIL
19506,1218,"Yun ang nagpagaan ng pandemic life ko , chika pa ni Dave na talaga namang hataw kung hataw sa kanyang mga dance videos sa TikTok .",",",OTH
19507,1218,"Yun ang nagpagaan ng pandemic life ko , chika pa ni Dave na talaga namang hataw kung hataw sa kanyang mga dance videos sa TikTok .",chika,FIL
19508,1218,"Yun ang nagpagaan ng pandemic life ko , chika pa ni Dave na talaga namang hataw kung hataw sa kanyang mga dance videos sa TikTok .",pa,FIL
19509,1218,"Yun ang nagpagaan ng pandemic life ko , chika pa ni Dave na talaga namang hataw kung hataw sa kanyang mga dance videos sa TikTok .",ni,FIL
19510,1218,"Yun ang nagpagaan ng pandemic life ko , chika pa ni Dave na talaga namang hataw kung hataw sa kanyang mga dance videos sa TikTok .",Dave,OTH
19511,1218,"Yun ang nagpagaan ng pandemic life ko , chika pa ni Dave na talaga namang hataw kung hataw sa kanyang mga dance videos sa TikTok .",na,FIL
19512,1218,"Yun ang nagpagaan ng pandemic life ko , chika pa ni Dave na talaga namang hataw kung hataw sa kanyang mga dance videos sa TikTok .",talaga,FIL
19513,1218,"Yun ang nagpagaan ng pandemic life ko , chika pa ni Dave na talaga namang hataw kung hataw sa kanyang mga dance videos sa TikTok .",namang,FIL
19514,1218,"Yun ang nagpagaan ng pandemic life ko , chika pa ni Dave na talaga namang hataw kung hataw sa kanyang mga dance videos sa TikTok .",hataw,FIL
19515,1218,"Yun ang nagpagaan ng pandemic life ko , chika pa ni Dave na talaga namang hataw kung hataw sa kanyang mga dance videos sa TikTok .",kung,FIL
19516,1218,"Yun ang nagpagaan ng pandemic life ko , chika pa ni Dave na talaga namang hataw kung hataw sa kanyang mga dance videos sa TikTok .",hataw,FIL
19517,1218,"Yun ang nagpagaan ng pandemic life ko , chika pa ni Dave na talaga namang hataw kung hataw sa kanyang mga dance videos sa TikTok .",sa,FIL
19518,1218,"Yun ang nagpagaan ng pandemic life ko , chika pa ni Dave na talaga namang hataw kung hataw sa kanyang mga dance videos sa TikTok .",kanyang,FIL
19519,1218,"Yun ang nagpagaan ng pandemic life ko , chika pa ni Dave na talaga namang hataw kung hataw sa kanyang mga dance videos sa TikTok .",mga,FIL
19520,1218,"Yun ang nagpagaan ng pandemic life ko , chika pa ni Dave na talaga namang hataw kung hataw sa kanyang mga dance videos sa TikTok .",dance,FIL
19521,1218,"Yun ang nagpagaan ng pandemic life ko , chika pa ni Dave na talaga namang hataw kung hataw sa kanyang mga dance videos sa TikTok .",videos,FIL
19522,1218,"Yun ang nagpagaan ng pandemic life ko , chika pa ni Dave na talaga namang hataw kung hataw sa kanyang mga dance videos sa TikTok .",sa,FIL
19523,1218,"Yun ang nagpagaan ng pandemic life ko , chika pa ni Dave na talaga namang hataw kung hataw sa kanyang mga dance videos sa TikTok .",TikTok,OTH
19524,1218,"Yun ang nagpagaan ng pandemic life ko , chika pa ni Dave na talaga namang hataw kung hataw sa kanyang mga dance videos sa TikTok .",.,OTH
19525,1219,Huwag nang bigyan nang budget ang up school lahat para matuto at Palitan nang mga namahala dyan .,Huwag,FIL
19526,1219,Huwag nang bigyan nang budget ang up school lahat para matuto at Palitan nang mga namahala dyan .,nang,FIL
19527,1219,Huwag nang bigyan nang budget ang up school lahat para matuto at Palitan nang mga namahala dyan .,bigyan,FIL
19528,1219,Huwag nang bigyan nang budget ang up school lahat para matuto at Palitan nang mga namahala dyan .,nang,FIL
19529,1219,Huwag nang bigyan nang budget ang up school lahat para matuto at Palitan nang mga namahala dyan .,budget,ENG
19530,1219,Huwag nang bigyan nang budget ang up school lahat para matuto at Palitan nang mga namahala dyan .,ang,FIL
19531,1219,Huwag nang bigyan nang budget ang up school lahat para matuto at Palitan nang mga namahala dyan .,up,OTH
19532,1219,Huwag nang bigyan nang budget ang up school lahat para matuto at Palitan nang mga namahala dyan .,school,ENG
19533,1219,Huwag nang bigyan nang budget ang up school lahat para matuto at Palitan nang mga namahala dyan .,lahat,FIL
19534,1219,Huwag nang bigyan nang budget ang up school lahat para matuto at Palitan nang mga namahala dyan .,para,FIL
19535,1219,Huwag nang bigyan nang budget ang up school lahat para matuto at Palitan nang mga namahala dyan .,matuto,FIL
19536,1219,Huwag nang bigyan nang budget ang up school lahat para matuto at Palitan nang mga namahala dyan .,at,FIL
19537,1219,Huwag nang bigyan nang budget ang up school lahat para matuto at Palitan nang mga namahala dyan .,Palitan,FIL
19538,1219,Huwag nang bigyan nang budget ang up school lahat para matuto at Palitan nang mga namahala dyan .,nang,FIL
19539,1219,Huwag nang bigyan nang budget ang up school lahat para matuto at Palitan nang mga namahala dyan .,mga,FIL
19540,1219,Huwag nang bigyan nang budget ang up school lahat para matuto at Palitan nang mga namahala dyan .,namahala,FIL
19541,1219,Huwag nang bigyan nang budget ang up school lahat para matuto at Palitan nang mga namahala dyan .,dyan,FIL
19542,1219,Huwag nang bigyan nang budget ang up school lahat para matuto at Palitan nang mga namahala dyan .,.,OTH
19543,1220,Maibalik nyo ba buhay ng mga bata,Maibalik,FIL
19544,1220,Maibalik nyo ba buhay ng mga bata,nyo,FIL
19545,1220,Maibalik nyo ba buhay ng mga bata,ba,FIL
19546,1220,Maibalik nyo ba buhay ng mga bata,buhay,FIL
19547,1220,Maibalik nyo ba buhay ng mga bata,ng,FIL
19548,1220,Maibalik nyo ba buhay ng mga bata,mga,FIL
19549,1220,Maibalik nyo ba buhay ng mga bata,bata,FIL
19550,1221,"So ako diyan as a Senator , tutulong ako para sa ikaayos ng lahat , peace ang sagot ko , pahayag ni Go .",So,ENG
19551,1221,"So ako diyan as a Senator , tutulong ako para sa ikaayos ng lahat , peace ang sagot ko , pahayag ni Go .",ako,FIL
19552,1221,"So ako diyan as a Senator , tutulong ako para sa ikaayos ng lahat , peace ang sagot ko , pahayag ni Go .",diyan,FIL
19553,1221,"So ako diyan as a Senator , tutulong ako para sa ikaayos ng lahat , peace ang sagot ko , pahayag ni Go .",as,ENG
19554,1221,"So ako diyan as a Senator , tutulong ako para sa ikaayos ng lahat , peace ang sagot ko , pahayag ni Go .",a,ENG
19555,1221,"So ako diyan as a Senator , tutulong ako para sa ikaayos ng lahat , peace ang sagot ko , pahayag ni Go .",Senator,ENG
19556,1221,"So ako diyan as a Senator , tutulong ako para sa ikaayos ng lahat , peace ang sagot ko , pahayag ni Go .",",",OTH
19557,1221,"So ako diyan as a Senator , tutulong ako para sa ikaayos ng lahat , peace ang sagot ko , pahayag ni Go .",tutulong,FIL
19558,1221,"So ako diyan as a Senator , tutulong ako para sa ikaayos ng lahat , peace ang sagot ko , pahayag ni Go .",ako,FIL
19559,1221,"So ako diyan as a Senator , tutulong ako para sa ikaayos ng lahat , peace ang sagot ko , pahayag ni Go .",para,FIL
19560,1221,"So ako diyan as a Senator , tutulong ako para sa ikaayos ng lahat , peace ang sagot ko , pahayag ni Go .",sa,FIL
19561,1221,"So ako diyan as a Senator , tutulong ako para sa ikaayos ng lahat , peace ang sagot ko , pahayag ni Go .",ikaayos,FIL
19562,1221,"So ako diyan as a Senator , tutulong ako para sa ikaayos ng lahat , peace ang sagot ko , pahayag ni Go .",ng,FIL
19563,1221,"So ako diyan as a Senator , tutulong ako para sa ikaayos ng lahat , peace ang sagot ko , pahayag ni Go .",lahat,FIL
19564,1221,"So ako diyan as a Senator , tutulong ako para sa ikaayos ng lahat , peace ang sagot ko , pahayag ni Go .",",",OTH
19565,1221,"So ako diyan as a Senator , tutulong ako para sa ikaayos ng lahat , peace ang sagot ko , pahayag ni Go .",peace,ENG
19566,1221,"So ako diyan as a Senator , tutulong ako para sa ikaayos ng lahat , peace ang sagot ko , pahayag ni Go .",ang,FIL
19567,1221,"So ako diyan as a Senator , tutulong ako para sa ikaayos ng lahat , peace ang sagot ko , pahayag ni Go .",sagot,FIL
19568,1221,"So ako diyan as a Senator , tutulong ako para sa ikaayos ng lahat , peace ang sagot ko , pahayag ni Go .",ko,FIL
19569,1221,"So ako diyan as a Senator , tutulong ako para sa ikaayos ng lahat , peace ang sagot ko , pahayag ni Go .",",",OTH
19570,1221,"So ako diyan as a Senator , tutulong ako para sa ikaayos ng lahat , peace ang sagot ko , pahayag ni Go .",pahayag,FIL
19571,1221,"So ako diyan as a Senator , tutulong ako para sa ikaayos ng lahat , peace ang sagot ko , pahayag ni Go .",ni,FIL
19572,1221,"So ako diyan as a Senator , tutulong ako para sa ikaayos ng lahat , peace ang sagot ko , pahayag ni Go .",Go,OTH
19573,1221,"So ako diyan as a Senator , tutulong ako para sa ikaayos ng lahat , peace ang sagot ko , pahayag ni Go .",.,OTH
19574,1223,Takot pa mahawakan ang cp,Takot,FIL
19575,1223,Takot pa mahawakan ang cp,pa,FIL
19576,1223,Takot pa mahawakan ang cp,mahawakan,FIL
19577,1223,Takot pa mahawakan ang cp,ang,FIL
19578,1223,Takot pa mahawakan ang cp,cp,OTH
19579,1224,"Sinoportahan din ni Go ang economic development ng Bataan tulad ng pagtatayo ng Orani District Hospital na may 150-bed capacity sa Orani ; rehabilitasyon ng mga ilog , pagpapatayo ng multi-purpose building sa Hermosa at maraming iba pa . Noong May 18 , si Go na advocate ng sports development ay binisita nito ang Bataan at dumalo sa lagdaan ng Deed of Donation para sa lupang pagtatayuan ng Philippine Sports Training Center sa Bagac , Bataan .",Sinoportahan,FIL
19580,1224,"Sinoportahan din ni Go ang economic development ng Bataan tulad ng pagtatayo ng Orani District Hospital na may 150-bed capacity sa Orani ; rehabilitasyon ng mga ilog , pagpapatayo ng multi-purpose building sa Hermosa at maraming iba pa . Noong May 18 , si Go na advocate ng sports development ay binisita nito ang Bataan at dumalo sa lagdaan ng Deed of Donation para sa lupang pagtatayuan ng Philippine Sports Training Center sa Bagac , Bataan .",din,FIL
19581,1224,"Sinoportahan din ni Go ang economic development ng Bataan tulad ng pagtatayo ng Orani District Hospital na may 150-bed capacity sa Orani ; rehabilitasyon ng mga ilog , pagpapatayo ng multi-purpose building sa Hermosa at maraming iba pa . Noong May 18 , si Go na advocate ng sports development ay binisita nito ang Bataan at dumalo sa lagdaan ng Deed of Donation para sa lupang pagtatayuan ng Philippine Sports Training Center sa Bagac , Bataan .",ni,FIL
19582,1224,"Sinoportahan din ni Go ang economic development ng Bataan tulad ng pagtatayo ng Orani District Hospital na may 150-bed capacity sa Orani ; rehabilitasyon ng mga ilog , pagpapatayo ng multi-purpose building sa Hermosa at maraming iba pa . Noong May 18 , si Go na advocate ng sports development ay binisita nito ang Bataan at dumalo sa lagdaan ng Deed of Donation para sa lupang pagtatayuan ng Philippine Sports Training Center sa Bagac , Bataan .",Go,OTH
19583,1224,"Sinoportahan din ni Go ang economic development ng Bataan tulad ng pagtatayo ng Orani District Hospital na may 150-bed capacity sa Orani ; rehabilitasyon ng mga ilog , pagpapatayo ng multi-purpose building sa Hermosa at maraming iba pa . Noong May 18 , si Go na advocate ng sports development ay binisita nito ang Bataan at dumalo sa lagdaan ng Deed of Donation para sa lupang pagtatayuan ng Philippine Sports Training Center sa Bagac , Bataan .",ang,FIL
19584,1224,"Sinoportahan din ni Go ang economic development ng Bataan tulad ng pagtatayo ng Orani District Hospital na may 150-bed capacity sa Orani ; rehabilitasyon ng mga ilog , pagpapatayo ng multi-purpose building sa Hermosa at maraming iba pa . Noong May 18 , si Go na advocate ng sports development ay binisita nito ang Bataan at dumalo sa lagdaan ng Deed of Donation para sa lupang pagtatayuan ng Philippine Sports Training Center sa Bagac , Bataan .",economic,ENG
19585,1224,"Sinoportahan din ni Go ang economic development ng Bataan tulad ng pagtatayo ng Orani District Hospital na may 150-bed capacity sa Orani ; rehabilitasyon ng mga ilog , pagpapatayo ng multi-purpose building sa Hermosa at maraming iba pa . Noong May 18 , si Go na advocate ng sports development ay binisita nito ang Bataan at dumalo sa lagdaan ng Deed of Donation para sa lupang pagtatayuan ng Philippine Sports Training Center sa Bagac , Bataan .",development,ENG
19586,1224,"Sinoportahan din ni Go ang economic development ng Bataan tulad ng pagtatayo ng Orani District Hospital na may 150-bed capacity sa Orani ; rehabilitasyon ng mga ilog , pagpapatayo ng multi-purpose building sa Hermosa at maraming iba pa . Noong May 18 , si Go na advocate ng sports development ay binisita nito ang Bataan at dumalo sa lagdaan ng Deed of Donation para sa lupang pagtatayuan ng Philippine Sports Training Center sa Bagac , Bataan .",ng,FIL
19587,1224,"Sinoportahan din ni Go ang economic development ng Bataan tulad ng pagtatayo ng Orani District Hospital na may 150-bed capacity sa Orani ; rehabilitasyon ng mga ilog , pagpapatayo ng multi-purpose building sa Hermosa at maraming iba pa . Noong May 18 , si Go na advocate ng sports development ay binisita nito ang Bataan at dumalo sa lagdaan ng Deed of Donation para sa lupang pagtatayuan ng Philippine Sports Training Center sa Bagac , Bataan .",Bataan,OTH
19588,1224,"Sinoportahan din ni Go ang economic development ng Bataan tulad ng pagtatayo ng Orani District Hospital na may 150-bed capacity sa Orani ; rehabilitasyon ng mga ilog , pagpapatayo ng multi-purpose building sa Hermosa at maraming iba pa . Noong May 18 , si Go na advocate ng sports development ay binisita nito ang Bataan at dumalo sa lagdaan ng Deed of Donation para sa lupang pagtatayuan ng Philippine Sports Training Center sa Bagac , Bataan .",tulad,FIL
19589,1224,"Sinoportahan din ni Go ang economic development ng Bataan tulad ng pagtatayo ng Orani District Hospital na may 150-bed capacity sa Orani ; rehabilitasyon ng mga ilog , pagpapatayo ng multi-purpose building sa Hermosa at maraming iba pa . Noong May 18 , si Go na advocate ng sports development ay binisita nito ang Bataan at dumalo sa lagdaan ng Deed of Donation para sa lupang pagtatayuan ng Philippine Sports Training Center sa Bagac , Bataan .",ng,FIL
19590,1224,"Sinoportahan din ni Go ang economic development ng Bataan tulad ng pagtatayo ng Orani District Hospital na may 150-bed capacity sa Orani ; rehabilitasyon ng mga ilog , pagpapatayo ng multi-purpose building sa Hermosa at maraming iba pa . Noong May 18 , si Go na advocate ng sports development ay binisita nito ang Bataan at dumalo sa lagdaan ng Deed of Donation para sa lupang pagtatayuan ng Philippine Sports Training Center sa Bagac , Bataan .",pagtatayo,FIL
19591,1224,"Sinoportahan din ni Go ang economic development ng Bataan tulad ng pagtatayo ng Orani District Hospital na may 150-bed capacity sa Orani ; rehabilitasyon ng mga ilog , pagpapatayo ng multi-purpose building sa Hermosa at maraming iba pa . Noong May 18 , si Go na advocate ng sports development ay binisita nito ang Bataan at dumalo sa lagdaan ng Deed of Donation para sa lupang pagtatayuan ng Philippine Sports Training Center sa Bagac , Bataan .",ng,FIL
19592,1224,"Sinoportahan din ni Go ang economic development ng Bataan tulad ng pagtatayo ng Orani District Hospital na may 150-bed capacity sa Orani ; rehabilitasyon ng mga ilog , pagpapatayo ng multi-purpose building sa Hermosa at maraming iba pa . Noong May 18 , si Go na advocate ng sports development ay binisita nito ang Bataan at dumalo sa lagdaan ng Deed of Donation para sa lupang pagtatayuan ng Philippine Sports Training Center sa Bagac , Bataan .",Orani,OTH
19593,1224,"Sinoportahan din ni Go ang economic development ng Bataan tulad ng pagtatayo ng Orani District Hospital na may 150-bed capacity sa Orani ; rehabilitasyon ng mga ilog , pagpapatayo ng multi-purpose building sa Hermosa at maraming iba pa . Noong May 18 , si Go na advocate ng sports development ay binisita nito ang Bataan at dumalo sa lagdaan ng Deed of Donation para sa lupang pagtatayuan ng Philippine Sports Training Center sa Bagac , Bataan .",District,OTH
19594,1224,"Sinoportahan din ni Go ang economic development ng Bataan tulad ng pagtatayo ng Orani District Hospital na may 150-bed capacity sa Orani ; rehabilitasyon ng mga ilog , pagpapatayo ng multi-purpose building sa Hermosa at maraming iba pa . Noong May 18 , si Go na advocate ng sports development ay binisita nito ang Bataan at dumalo sa lagdaan ng Deed of Donation para sa lupang pagtatayuan ng Philippine Sports Training Center sa Bagac , Bataan .",Hospital,OTH
19595,1224,"Sinoportahan din ni Go ang economic development ng Bataan tulad ng pagtatayo ng Orani District Hospital na may 150-bed capacity sa Orani ; rehabilitasyon ng mga ilog , pagpapatayo ng multi-purpose building sa Hermosa at maraming iba pa . Noong May 18 , si Go na advocate ng sports development ay binisita nito ang Bataan at dumalo sa lagdaan ng Deed of Donation para sa lupang pagtatayuan ng Philippine Sports Training Center sa Bagac , Bataan .",na,FIL
19596,1224,"Sinoportahan din ni Go ang economic development ng Bataan tulad ng pagtatayo ng Orani District Hospital na may 150-bed capacity sa Orani ; rehabilitasyon ng mga ilog , pagpapatayo ng multi-purpose building sa Hermosa at maraming iba pa . Noong May 18 , si Go na advocate ng sports development ay binisita nito ang Bataan at dumalo sa lagdaan ng Deed of Donation para sa lupang pagtatayuan ng Philippine Sports Training Center sa Bagac , Bataan .",may,FIL
19597,1224,"Sinoportahan din ni Go ang economic development ng Bataan tulad ng pagtatayo ng Orani District Hospital na may 150-bed capacity sa Orani ; rehabilitasyon ng mga ilog , pagpapatayo ng multi-purpose building sa Hermosa at maraming iba pa . Noong May 18 , si Go na advocate ng sports development ay binisita nito ang Bataan at dumalo sa lagdaan ng Deed of Donation para sa lupang pagtatayuan ng Philippine Sports Training Center sa Bagac , Bataan .",150-bed,OTH
19598,1224,"Sinoportahan din ni Go ang economic development ng Bataan tulad ng pagtatayo ng Orani District Hospital na may 150-bed capacity sa Orani ; rehabilitasyon ng mga ilog , pagpapatayo ng multi-purpose building sa Hermosa at maraming iba pa . Noong May 18 , si Go na advocate ng sports development ay binisita nito ang Bataan at dumalo sa lagdaan ng Deed of Donation para sa lupang pagtatayuan ng Philippine Sports Training Center sa Bagac , Bataan .",capacity,ENG
19599,1224,"Sinoportahan din ni Go ang economic development ng Bataan tulad ng pagtatayo ng Orani District Hospital na may 150-bed capacity sa Orani ; rehabilitasyon ng mga ilog , pagpapatayo ng multi-purpose building sa Hermosa at maraming iba pa . Noong May 18 , si Go na advocate ng sports development ay binisita nito ang Bataan at dumalo sa lagdaan ng Deed of Donation para sa lupang pagtatayuan ng Philippine Sports Training Center sa Bagac , Bataan .",sa,FIL
19600,1224,"Sinoportahan din ni Go ang economic development ng Bataan tulad ng pagtatayo ng Orani District Hospital na may 150-bed capacity sa Orani ; rehabilitasyon ng mga ilog , pagpapatayo ng multi-purpose building sa Hermosa at maraming iba pa . Noong May 18 , si Go na advocate ng sports development ay binisita nito ang Bataan at dumalo sa lagdaan ng Deed of Donation para sa lupang pagtatayuan ng Philippine Sports Training Center sa Bagac , Bataan .",Orani,OTH
19601,1224,"Sinoportahan din ni Go ang economic development ng Bataan tulad ng pagtatayo ng Orani District Hospital na may 150-bed capacity sa Orani ; rehabilitasyon ng mga ilog , pagpapatayo ng multi-purpose building sa Hermosa at maraming iba pa . Noong May 18 , si Go na advocate ng sports development ay binisita nito ang Bataan at dumalo sa lagdaan ng Deed of Donation para sa lupang pagtatayuan ng Philippine Sports Training Center sa Bagac , Bataan .",;,OTH
19602,1224,"Sinoportahan din ni Go ang economic development ng Bataan tulad ng pagtatayo ng Orani District Hospital na may 150-bed capacity sa Orani ; rehabilitasyon ng mga ilog , pagpapatayo ng multi-purpose building sa Hermosa at maraming iba pa . Noong May 18 , si Go na advocate ng sports development ay binisita nito ang Bataan at dumalo sa lagdaan ng Deed of Donation para sa lupang pagtatayuan ng Philippine Sports Training Center sa Bagac , Bataan .",rehabilitasyon,FIL
19603,1224,"Sinoportahan din ni Go ang economic development ng Bataan tulad ng pagtatayo ng Orani District Hospital na may 150-bed capacity sa Orani ; rehabilitasyon ng mga ilog , pagpapatayo ng multi-purpose building sa Hermosa at maraming iba pa . Noong May 18 , si Go na advocate ng sports development ay binisita nito ang Bataan at dumalo sa lagdaan ng Deed of Donation para sa lupang pagtatayuan ng Philippine Sports Training Center sa Bagac , Bataan .",ng,FIL
19604,1224,"Sinoportahan din ni Go ang economic development ng Bataan tulad ng pagtatayo ng Orani District Hospital na may 150-bed capacity sa Orani ; rehabilitasyon ng mga ilog , pagpapatayo ng multi-purpose building sa Hermosa at maraming iba pa . Noong May 18 , si Go na advocate ng sports development ay binisita nito ang Bataan at dumalo sa lagdaan ng Deed of Donation para sa lupang pagtatayuan ng Philippine Sports Training Center sa Bagac , Bataan .",mga,FIL
19605,1224,"Sinoportahan din ni Go ang economic development ng Bataan tulad ng pagtatayo ng Orani District Hospital na may 150-bed capacity sa Orani ; rehabilitasyon ng mga ilog , pagpapatayo ng multi-purpose building sa Hermosa at maraming iba pa . Noong May 18 , si Go na advocate ng sports development ay binisita nito ang Bataan at dumalo sa lagdaan ng Deed of Donation para sa lupang pagtatayuan ng Philippine Sports Training Center sa Bagac , Bataan .",ilog,FIL
19606,1224,"Sinoportahan din ni Go ang economic development ng Bataan tulad ng pagtatayo ng Orani District Hospital na may 150-bed capacity sa Orani ; rehabilitasyon ng mga ilog , pagpapatayo ng multi-purpose building sa Hermosa at maraming iba pa . Noong May 18 , si Go na advocate ng sports development ay binisita nito ang Bataan at dumalo sa lagdaan ng Deed of Donation para sa lupang pagtatayuan ng Philippine Sports Training Center sa Bagac , Bataan .",",",OTH
19607,1224,"Sinoportahan din ni Go ang economic development ng Bataan tulad ng pagtatayo ng Orani District Hospital na may 150-bed capacity sa Orani ; rehabilitasyon ng mga ilog , pagpapatayo ng multi-purpose building sa Hermosa at maraming iba pa . Noong May 18 , si Go na advocate ng sports development ay binisita nito ang Bataan at dumalo sa lagdaan ng Deed of Donation para sa lupang pagtatayuan ng Philippine Sports Training Center sa Bagac , Bataan .",pagpapatayo,FIL
19608,1224,"Sinoportahan din ni Go ang economic development ng Bataan tulad ng pagtatayo ng Orani District Hospital na may 150-bed capacity sa Orani ; rehabilitasyon ng mga ilog , pagpapatayo ng multi-purpose building sa Hermosa at maraming iba pa . Noong May 18 , si Go na advocate ng sports development ay binisita nito ang Bataan at dumalo sa lagdaan ng Deed of Donation para sa lupang pagtatayuan ng Philippine Sports Training Center sa Bagac , Bataan .",ng,FIL
19609,1224,"Sinoportahan din ni Go ang economic development ng Bataan tulad ng pagtatayo ng Orani District Hospital na may 150-bed capacity sa Orani ; rehabilitasyon ng mga ilog , pagpapatayo ng multi-purpose building sa Hermosa at maraming iba pa . Noong May 18 , si Go na advocate ng sports development ay binisita nito ang Bataan at dumalo sa lagdaan ng Deed of Donation para sa lupang pagtatayuan ng Philippine Sports Training Center sa Bagac , Bataan .",multi-purpose,ENG
19610,1224,"Sinoportahan din ni Go ang economic development ng Bataan tulad ng pagtatayo ng Orani District Hospital na may 150-bed capacity sa Orani ; rehabilitasyon ng mga ilog , pagpapatayo ng multi-purpose building sa Hermosa at maraming iba pa . Noong May 18 , si Go na advocate ng sports development ay binisita nito ang Bataan at dumalo sa lagdaan ng Deed of Donation para sa lupang pagtatayuan ng Philippine Sports Training Center sa Bagac , Bataan .",building,ENG
19611,1224,"Sinoportahan din ni Go ang economic development ng Bataan tulad ng pagtatayo ng Orani District Hospital na may 150-bed capacity sa Orani ; rehabilitasyon ng mga ilog , pagpapatayo ng multi-purpose building sa Hermosa at maraming iba pa . Noong May 18 , si Go na advocate ng sports development ay binisita nito ang Bataan at dumalo sa lagdaan ng Deed of Donation para sa lupang pagtatayuan ng Philippine Sports Training Center sa Bagac , Bataan .",sa,FIL
19612,1224,"Sinoportahan din ni Go ang economic development ng Bataan tulad ng pagtatayo ng Orani District Hospital na may 150-bed capacity sa Orani ; rehabilitasyon ng mga ilog , pagpapatayo ng multi-purpose building sa Hermosa at maraming iba pa . Noong May 18 , si Go na advocate ng sports development ay binisita nito ang Bataan at dumalo sa lagdaan ng Deed of Donation para sa lupang pagtatayuan ng Philippine Sports Training Center sa Bagac , Bataan .",Hermosa,OTH
19613,1224,"Sinoportahan din ni Go ang economic development ng Bataan tulad ng pagtatayo ng Orani District Hospital na may 150-bed capacity sa Orani ; rehabilitasyon ng mga ilog , pagpapatayo ng multi-purpose building sa Hermosa at maraming iba pa . Noong May 18 , si Go na advocate ng sports development ay binisita nito ang Bataan at dumalo sa lagdaan ng Deed of Donation para sa lupang pagtatayuan ng Philippine Sports Training Center sa Bagac , Bataan .",at,FIL
19614,1224,"Sinoportahan din ni Go ang economic development ng Bataan tulad ng pagtatayo ng Orani District Hospital na may 150-bed capacity sa Orani ; rehabilitasyon ng mga ilog , pagpapatayo ng multi-purpose building sa Hermosa at maraming iba pa . Noong May 18 , si Go na advocate ng sports development ay binisita nito ang Bataan at dumalo sa lagdaan ng Deed of Donation para sa lupang pagtatayuan ng Philippine Sports Training Center sa Bagac , Bataan .",maraming,FIL
19615,1224,"Sinoportahan din ni Go ang economic development ng Bataan tulad ng pagtatayo ng Orani District Hospital na may 150-bed capacity sa Orani ; rehabilitasyon ng mga ilog , pagpapatayo ng multi-purpose building sa Hermosa at maraming iba pa . Noong May 18 , si Go na advocate ng sports development ay binisita nito ang Bataan at dumalo sa lagdaan ng Deed of Donation para sa lupang pagtatayuan ng Philippine Sports Training Center sa Bagac , Bataan .",iba,FIL
19616,1224,"Sinoportahan din ni Go ang economic development ng Bataan tulad ng pagtatayo ng Orani District Hospital na may 150-bed capacity sa Orani ; rehabilitasyon ng mga ilog , pagpapatayo ng multi-purpose building sa Hermosa at maraming iba pa . Noong May 18 , si Go na advocate ng sports development ay binisita nito ang Bataan at dumalo sa lagdaan ng Deed of Donation para sa lupang pagtatayuan ng Philippine Sports Training Center sa Bagac , Bataan .",pa,FIL
19617,1224,"Sinoportahan din ni Go ang economic development ng Bataan tulad ng pagtatayo ng Orani District Hospital na may 150-bed capacity sa Orani ; rehabilitasyon ng mga ilog , pagpapatayo ng multi-purpose building sa Hermosa at maraming iba pa . Noong May 18 , si Go na advocate ng sports development ay binisita nito ang Bataan at dumalo sa lagdaan ng Deed of Donation para sa lupang pagtatayuan ng Philippine Sports Training Center sa Bagac , Bataan .",.,OTH
19618,1224,"Sinoportahan din ni Go ang economic development ng Bataan tulad ng pagtatayo ng Orani District Hospital na may 150-bed capacity sa Orani ; rehabilitasyon ng mga ilog , pagpapatayo ng multi-purpose building sa Hermosa at maraming iba pa . Noong May 18 , si Go na advocate ng sports development ay binisita nito ang Bataan at dumalo sa lagdaan ng Deed of Donation para sa lupang pagtatayuan ng Philippine Sports Training Center sa Bagac , Bataan .",Noong,FIL
19619,1224,"Sinoportahan din ni Go ang economic development ng Bataan tulad ng pagtatayo ng Orani District Hospital na may 150-bed capacity sa Orani ; rehabilitasyon ng mga ilog , pagpapatayo ng multi-purpose building sa Hermosa at maraming iba pa . Noong May 18 , si Go na advocate ng sports development ay binisita nito ang Bataan at dumalo sa lagdaan ng Deed of Donation para sa lupang pagtatayuan ng Philippine Sports Training Center sa Bagac , Bataan .",May,ENG
19620,1224,"Sinoportahan din ni Go ang economic development ng Bataan tulad ng pagtatayo ng Orani District Hospital na may 150-bed capacity sa Orani ; rehabilitasyon ng mga ilog , pagpapatayo ng multi-purpose building sa Hermosa at maraming iba pa . Noong May 18 , si Go na advocate ng sports development ay binisita nito ang Bataan at dumalo sa lagdaan ng Deed of Donation para sa lupang pagtatayuan ng Philippine Sports Training Center sa Bagac , Bataan .",18,OTH
19621,1224,"Sinoportahan din ni Go ang economic development ng Bataan tulad ng pagtatayo ng Orani District Hospital na may 150-bed capacity sa Orani ; rehabilitasyon ng mga ilog , pagpapatayo ng multi-purpose building sa Hermosa at maraming iba pa . Noong May 18 , si Go na advocate ng sports development ay binisita nito ang Bataan at dumalo sa lagdaan ng Deed of Donation para sa lupang pagtatayuan ng Philippine Sports Training Center sa Bagac , Bataan .",",",OTH
19622,1224,"Sinoportahan din ni Go ang economic development ng Bataan tulad ng pagtatayo ng Orani District Hospital na may 150-bed capacity sa Orani ; rehabilitasyon ng mga ilog , pagpapatayo ng multi-purpose building sa Hermosa at maraming iba pa . Noong May 18 , si Go na advocate ng sports development ay binisita nito ang Bataan at dumalo sa lagdaan ng Deed of Donation para sa lupang pagtatayuan ng Philippine Sports Training Center sa Bagac , Bataan .",si,FIL
19623,1224,"Sinoportahan din ni Go ang economic development ng Bataan tulad ng pagtatayo ng Orani District Hospital na may 150-bed capacity sa Orani ; rehabilitasyon ng mga ilog , pagpapatayo ng multi-purpose building sa Hermosa at maraming iba pa . Noong May 18 , si Go na advocate ng sports development ay binisita nito ang Bataan at dumalo sa lagdaan ng Deed of Donation para sa lupang pagtatayuan ng Philippine Sports Training Center sa Bagac , Bataan .",Go,OTH
19624,1224,"Sinoportahan din ni Go ang economic development ng Bataan tulad ng pagtatayo ng Orani District Hospital na may 150-bed capacity sa Orani ; rehabilitasyon ng mga ilog , pagpapatayo ng multi-purpose building sa Hermosa at maraming iba pa . Noong May 18 , si Go na advocate ng sports development ay binisita nito ang Bataan at dumalo sa lagdaan ng Deed of Donation para sa lupang pagtatayuan ng Philippine Sports Training Center sa Bagac , Bataan .",na,FIL
19625,1224,"Sinoportahan din ni Go ang economic development ng Bataan tulad ng pagtatayo ng Orani District Hospital na may 150-bed capacity sa Orani ; rehabilitasyon ng mga ilog , pagpapatayo ng multi-purpose building sa Hermosa at maraming iba pa . Noong May 18 , si Go na advocate ng sports development ay binisita nito ang Bataan at dumalo sa lagdaan ng Deed of Donation para sa lupang pagtatayuan ng Philippine Sports Training Center sa Bagac , Bataan .",advocate,ENG
19626,1224,"Sinoportahan din ni Go ang economic development ng Bataan tulad ng pagtatayo ng Orani District Hospital na may 150-bed capacity sa Orani ; rehabilitasyon ng mga ilog , pagpapatayo ng multi-purpose building sa Hermosa at maraming iba pa . Noong May 18 , si Go na advocate ng sports development ay binisita nito ang Bataan at dumalo sa lagdaan ng Deed of Donation para sa lupang pagtatayuan ng Philippine Sports Training Center sa Bagac , Bataan .",ng,FIL
19627,1224,"Sinoportahan din ni Go ang economic development ng Bataan tulad ng pagtatayo ng Orani District Hospital na may 150-bed capacity sa Orani ; rehabilitasyon ng mga ilog , pagpapatayo ng multi-purpose building sa Hermosa at maraming iba pa . Noong May 18 , si Go na advocate ng sports development ay binisita nito ang Bataan at dumalo sa lagdaan ng Deed of Donation para sa lupang pagtatayuan ng Philippine Sports Training Center sa Bagac , Bataan .",sports,ENG
19628,1224,"Sinoportahan din ni Go ang economic development ng Bataan tulad ng pagtatayo ng Orani District Hospital na may 150-bed capacity sa Orani ; rehabilitasyon ng mga ilog , pagpapatayo ng multi-purpose building sa Hermosa at maraming iba pa . Noong May 18 , si Go na advocate ng sports development ay binisita nito ang Bataan at dumalo sa lagdaan ng Deed of Donation para sa lupang pagtatayuan ng Philippine Sports Training Center sa Bagac , Bataan .",development,ENG
19629,1224,"Sinoportahan din ni Go ang economic development ng Bataan tulad ng pagtatayo ng Orani District Hospital na may 150-bed capacity sa Orani ; rehabilitasyon ng mga ilog , pagpapatayo ng multi-purpose building sa Hermosa at maraming iba pa . Noong May 18 , si Go na advocate ng sports development ay binisita nito ang Bataan at dumalo sa lagdaan ng Deed of Donation para sa lupang pagtatayuan ng Philippine Sports Training Center sa Bagac , Bataan .",ay,FIL
19630,1224,"Sinoportahan din ni Go ang economic development ng Bataan tulad ng pagtatayo ng Orani District Hospital na may 150-bed capacity sa Orani ; rehabilitasyon ng mga ilog , pagpapatayo ng multi-purpose building sa Hermosa at maraming iba pa . Noong May 18 , si Go na advocate ng sports development ay binisita nito ang Bataan at dumalo sa lagdaan ng Deed of Donation para sa lupang pagtatayuan ng Philippine Sports Training Center sa Bagac , Bataan .",binisita,FIL
19631,1224,"Sinoportahan din ni Go ang economic development ng Bataan tulad ng pagtatayo ng Orani District Hospital na may 150-bed capacity sa Orani ; rehabilitasyon ng mga ilog , pagpapatayo ng multi-purpose building sa Hermosa at maraming iba pa . Noong May 18 , si Go na advocate ng sports development ay binisita nito ang Bataan at dumalo sa lagdaan ng Deed of Donation para sa lupang pagtatayuan ng Philippine Sports Training Center sa Bagac , Bataan .",nito,FIL
19632,1224,"Sinoportahan din ni Go ang economic development ng Bataan tulad ng pagtatayo ng Orani District Hospital na may 150-bed capacity sa Orani ; rehabilitasyon ng mga ilog , pagpapatayo ng multi-purpose building sa Hermosa at maraming iba pa . Noong May 18 , si Go na advocate ng sports development ay binisita nito ang Bataan at dumalo sa lagdaan ng Deed of Donation para sa lupang pagtatayuan ng Philippine Sports Training Center sa Bagac , Bataan .",ang,FIL
19633,1224,"Sinoportahan din ni Go ang economic development ng Bataan tulad ng pagtatayo ng Orani District Hospital na may 150-bed capacity sa Orani ; rehabilitasyon ng mga ilog , pagpapatayo ng multi-purpose building sa Hermosa at maraming iba pa . Noong May 18 , si Go na advocate ng sports development ay binisita nito ang Bataan at dumalo sa lagdaan ng Deed of Donation para sa lupang pagtatayuan ng Philippine Sports Training Center sa Bagac , Bataan .",Bataan,OTH
19634,1224,"Sinoportahan din ni Go ang economic development ng Bataan tulad ng pagtatayo ng Orani District Hospital na may 150-bed capacity sa Orani ; rehabilitasyon ng mga ilog , pagpapatayo ng multi-purpose building sa Hermosa at maraming iba pa . Noong May 18 , si Go na advocate ng sports development ay binisita nito ang Bataan at dumalo sa lagdaan ng Deed of Donation para sa lupang pagtatayuan ng Philippine Sports Training Center sa Bagac , Bataan .",at,FIL
19635,1224,"Sinoportahan din ni Go ang economic development ng Bataan tulad ng pagtatayo ng Orani District Hospital na may 150-bed capacity sa Orani ; rehabilitasyon ng mga ilog , pagpapatayo ng multi-purpose building sa Hermosa at maraming iba pa . Noong May 18 , si Go na advocate ng sports development ay binisita nito ang Bataan at dumalo sa lagdaan ng Deed of Donation para sa lupang pagtatayuan ng Philippine Sports Training Center sa Bagac , Bataan .",dumalo,FIL
19636,1224,"Sinoportahan din ni Go ang economic development ng Bataan tulad ng pagtatayo ng Orani District Hospital na may 150-bed capacity sa Orani ; rehabilitasyon ng mga ilog , pagpapatayo ng multi-purpose building sa Hermosa at maraming iba pa . Noong May 18 , si Go na advocate ng sports development ay binisita nito ang Bataan at dumalo sa lagdaan ng Deed of Donation para sa lupang pagtatayuan ng Philippine Sports Training Center sa Bagac , Bataan .",sa,FIL
19637,1224,"Sinoportahan din ni Go ang economic development ng Bataan tulad ng pagtatayo ng Orani District Hospital na may 150-bed capacity sa Orani ; rehabilitasyon ng mga ilog , pagpapatayo ng multi-purpose building sa Hermosa at maraming iba pa . Noong May 18 , si Go na advocate ng sports development ay binisita nito ang Bataan at dumalo sa lagdaan ng Deed of Donation para sa lupang pagtatayuan ng Philippine Sports Training Center sa Bagac , Bataan .",lagdaan,FIL
19638,1224,"Sinoportahan din ni Go ang economic development ng Bataan tulad ng pagtatayo ng Orani District Hospital na may 150-bed capacity sa Orani ; rehabilitasyon ng mga ilog , pagpapatayo ng multi-purpose building sa Hermosa at maraming iba pa . Noong May 18 , si Go na advocate ng sports development ay binisita nito ang Bataan at dumalo sa lagdaan ng Deed of Donation para sa lupang pagtatayuan ng Philippine Sports Training Center sa Bagac , Bataan .",ng,FIL
19639,1224,"Sinoportahan din ni Go ang economic development ng Bataan tulad ng pagtatayo ng Orani District Hospital na may 150-bed capacity sa Orani ; rehabilitasyon ng mga ilog , pagpapatayo ng multi-purpose building sa Hermosa at maraming iba pa . Noong May 18 , si Go na advocate ng sports development ay binisita nito ang Bataan at dumalo sa lagdaan ng Deed of Donation para sa lupang pagtatayuan ng Philippine Sports Training Center sa Bagac , Bataan .",Deed,ENG
19640,1224,"Sinoportahan din ni Go ang economic development ng Bataan tulad ng pagtatayo ng Orani District Hospital na may 150-bed capacity sa Orani ; rehabilitasyon ng mga ilog , pagpapatayo ng multi-purpose building sa Hermosa at maraming iba pa . Noong May 18 , si Go na advocate ng sports development ay binisita nito ang Bataan at dumalo sa lagdaan ng Deed of Donation para sa lupang pagtatayuan ng Philippine Sports Training Center sa Bagac , Bataan .",of,ENG
19641,1224,"Sinoportahan din ni Go ang economic development ng Bataan tulad ng pagtatayo ng Orani District Hospital na may 150-bed capacity sa Orani ; rehabilitasyon ng mga ilog , pagpapatayo ng multi-purpose building sa Hermosa at maraming iba pa . Noong May 18 , si Go na advocate ng sports development ay binisita nito ang Bataan at dumalo sa lagdaan ng Deed of Donation para sa lupang pagtatayuan ng Philippine Sports Training Center sa Bagac , Bataan .",Donation,ENG
19642,1224,"Sinoportahan din ni Go ang economic development ng Bataan tulad ng pagtatayo ng Orani District Hospital na may 150-bed capacity sa Orani ; rehabilitasyon ng mga ilog , pagpapatayo ng multi-purpose building sa Hermosa at maraming iba pa . Noong May 18 , si Go na advocate ng sports development ay binisita nito ang Bataan at dumalo sa lagdaan ng Deed of Donation para sa lupang pagtatayuan ng Philippine Sports Training Center sa Bagac , Bataan .",para,FIL
19643,1224,"Sinoportahan din ni Go ang economic development ng Bataan tulad ng pagtatayo ng Orani District Hospital na may 150-bed capacity sa Orani ; rehabilitasyon ng mga ilog , pagpapatayo ng multi-purpose building sa Hermosa at maraming iba pa . Noong May 18 , si Go na advocate ng sports development ay binisita nito ang Bataan at dumalo sa lagdaan ng Deed of Donation para sa lupang pagtatayuan ng Philippine Sports Training Center sa Bagac , Bataan .",sa,FIL
19644,1224,"Sinoportahan din ni Go ang economic development ng Bataan tulad ng pagtatayo ng Orani District Hospital na may 150-bed capacity sa Orani ; rehabilitasyon ng mga ilog , pagpapatayo ng multi-purpose building sa Hermosa at maraming iba pa . Noong May 18 , si Go na advocate ng sports development ay binisita nito ang Bataan at dumalo sa lagdaan ng Deed of Donation para sa lupang pagtatayuan ng Philippine Sports Training Center sa Bagac , Bataan .",lupang,FIL
19645,1224,"Sinoportahan din ni Go ang economic development ng Bataan tulad ng pagtatayo ng Orani District Hospital na may 150-bed capacity sa Orani ; rehabilitasyon ng mga ilog , pagpapatayo ng multi-purpose building sa Hermosa at maraming iba pa . Noong May 18 , si Go na advocate ng sports development ay binisita nito ang Bataan at dumalo sa lagdaan ng Deed of Donation para sa lupang pagtatayuan ng Philippine Sports Training Center sa Bagac , Bataan .",pagtatayuan,FIL
19646,1224,"Sinoportahan din ni Go ang economic development ng Bataan tulad ng pagtatayo ng Orani District Hospital na may 150-bed capacity sa Orani ; rehabilitasyon ng mga ilog , pagpapatayo ng multi-purpose building sa Hermosa at maraming iba pa . Noong May 18 , si Go na advocate ng sports development ay binisita nito ang Bataan at dumalo sa lagdaan ng Deed of Donation para sa lupang pagtatayuan ng Philippine Sports Training Center sa Bagac , Bataan .",ng,FIL
19647,1224,"Sinoportahan din ni Go ang economic development ng Bataan tulad ng pagtatayo ng Orani District Hospital na may 150-bed capacity sa Orani ; rehabilitasyon ng mga ilog , pagpapatayo ng multi-purpose building sa Hermosa at maraming iba pa . Noong May 18 , si Go na advocate ng sports development ay binisita nito ang Bataan at dumalo sa lagdaan ng Deed of Donation para sa lupang pagtatayuan ng Philippine Sports Training Center sa Bagac , Bataan .",Philippine,OTH
19648,1224,"Sinoportahan din ni Go ang economic development ng Bataan tulad ng pagtatayo ng Orani District Hospital na may 150-bed capacity sa Orani ; rehabilitasyon ng mga ilog , pagpapatayo ng multi-purpose building sa Hermosa at maraming iba pa . Noong May 18 , si Go na advocate ng sports development ay binisita nito ang Bataan at dumalo sa lagdaan ng Deed of Donation para sa lupang pagtatayuan ng Philippine Sports Training Center sa Bagac , Bataan .",Sports,ENG
19649,1224,"Sinoportahan din ni Go ang economic development ng Bataan tulad ng pagtatayo ng Orani District Hospital na may 150-bed capacity sa Orani ; rehabilitasyon ng mga ilog , pagpapatayo ng multi-purpose building sa Hermosa at maraming iba pa . Noong May 18 , si Go na advocate ng sports development ay binisita nito ang Bataan at dumalo sa lagdaan ng Deed of Donation para sa lupang pagtatayuan ng Philippine Sports Training Center sa Bagac , Bataan .",Training,ENG
19650,1224,"Sinoportahan din ni Go ang economic development ng Bataan tulad ng pagtatayo ng Orani District Hospital na may 150-bed capacity sa Orani ; rehabilitasyon ng mga ilog , pagpapatayo ng multi-purpose building sa Hermosa at maraming iba pa . Noong May 18 , si Go na advocate ng sports development ay binisita nito ang Bataan at dumalo sa lagdaan ng Deed of Donation para sa lupang pagtatayuan ng Philippine Sports Training Center sa Bagac , Bataan .",Center,ENG
19651,1224,"Sinoportahan din ni Go ang economic development ng Bataan tulad ng pagtatayo ng Orani District Hospital na may 150-bed capacity sa Orani ; rehabilitasyon ng mga ilog , pagpapatayo ng multi-purpose building sa Hermosa at maraming iba pa . Noong May 18 , si Go na advocate ng sports development ay binisita nito ang Bataan at dumalo sa lagdaan ng Deed of Donation para sa lupang pagtatayuan ng Philippine Sports Training Center sa Bagac , Bataan .",sa,FIL
19652,1224,"Sinoportahan din ni Go ang economic development ng Bataan tulad ng pagtatayo ng Orani District Hospital na may 150-bed capacity sa Orani ; rehabilitasyon ng mga ilog , pagpapatayo ng multi-purpose building sa Hermosa at maraming iba pa . Noong May 18 , si Go na advocate ng sports development ay binisita nito ang Bataan at dumalo sa lagdaan ng Deed of Donation para sa lupang pagtatayuan ng Philippine Sports Training Center sa Bagac , Bataan .",Bagac,OTH
19653,1224,"Sinoportahan din ni Go ang economic development ng Bataan tulad ng pagtatayo ng Orani District Hospital na may 150-bed capacity sa Orani ; rehabilitasyon ng mga ilog , pagpapatayo ng multi-purpose building sa Hermosa at maraming iba pa . Noong May 18 , si Go na advocate ng sports development ay binisita nito ang Bataan at dumalo sa lagdaan ng Deed of Donation para sa lupang pagtatayuan ng Philippine Sports Training Center sa Bagac , Bataan .",",",OTH
19654,1224,"Sinoportahan din ni Go ang economic development ng Bataan tulad ng pagtatayo ng Orani District Hospital na may 150-bed capacity sa Orani ; rehabilitasyon ng mga ilog , pagpapatayo ng multi-purpose building sa Hermosa at maraming iba pa . Noong May 18 , si Go na advocate ng sports development ay binisita nito ang Bataan at dumalo sa lagdaan ng Deed of Donation para sa lupang pagtatayuan ng Philippine Sports Training Center sa Bagac , Bataan .",Bataan,OTH
19655,1224,"Sinoportahan din ni Go ang economic development ng Bataan tulad ng pagtatayo ng Orani District Hospital na may 150-bed capacity sa Orani ; rehabilitasyon ng mga ilog , pagpapatayo ng multi-purpose building sa Hermosa at maraming iba pa . Noong May 18 , si Go na advocate ng sports development ay binisita nito ang Bataan at dumalo sa lagdaan ng Deed of Donation para sa lupang pagtatayuan ng Philippine Sports Training Center sa Bagac , Bataan .",.,OTH
19656,1226,Hindi naging mahirap ang pagpili kay Contis dahil nasa dugo niya ang pagiging oragon : ang mama niya ay certified at true blooded Bicolana .,Hindi,FIL
19657,1226,Hindi naging mahirap ang pagpili kay Contis dahil nasa dugo niya ang pagiging oragon : ang mama niya ay certified at true blooded Bicolana .,naging,FIL
19658,1226,Hindi naging mahirap ang pagpili kay Contis dahil nasa dugo niya ang pagiging oragon : ang mama niya ay certified at true blooded Bicolana .,mahirap,FIL
19659,1226,Hindi naging mahirap ang pagpili kay Contis dahil nasa dugo niya ang pagiging oragon : ang mama niya ay certified at true blooded Bicolana .,ang,FIL
19660,1226,Hindi naging mahirap ang pagpili kay Contis dahil nasa dugo niya ang pagiging oragon : ang mama niya ay certified at true blooded Bicolana .,pagpili,FIL
19661,1226,Hindi naging mahirap ang pagpili kay Contis dahil nasa dugo niya ang pagiging oragon : ang mama niya ay certified at true blooded Bicolana .,kay,FIL
19662,1226,Hindi naging mahirap ang pagpili kay Contis dahil nasa dugo niya ang pagiging oragon : ang mama niya ay certified at true blooded Bicolana .,Contis,OTH
19663,1226,Hindi naging mahirap ang pagpili kay Contis dahil nasa dugo niya ang pagiging oragon : ang mama niya ay certified at true blooded Bicolana .,dahil,FIL
19664,1226,Hindi naging mahirap ang pagpili kay Contis dahil nasa dugo niya ang pagiging oragon : ang mama niya ay certified at true blooded Bicolana .,nasa,FIL
19665,1226,Hindi naging mahirap ang pagpili kay Contis dahil nasa dugo niya ang pagiging oragon : ang mama niya ay certified at true blooded Bicolana .,dugo,FIL
19666,1226,Hindi naging mahirap ang pagpili kay Contis dahil nasa dugo niya ang pagiging oragon : ang mama niya ay certified at true blooded Bicolana .,niya,FIL
19667,1226,Hindi naging mahirap ang pagpili kay Contis dahil nasa dugo niya ang pagiging oragon : ang mama niya ay certified at true blooded Bicolana .,ang,FIL
19668,1226,Hindi naging mahirap ang pagpili kay Contis dahil nasa dugo niya ang pagiging oragon : ang mama niya ay certified at true blooded Bicolana .,pagiging,FIL
19669,1226,Hindi naging mahirap ang pagpili kay Contis dahil nasa dugo niya ang pagiging oragon : ang mama niya ay certified at true blooded Bicolana .,oragon,OTH
19670,1226,Hindi naging mahirap ang pagpili kay Contis dahil nasa dugo niya ang pagiging oragon : ang mama niya ay certified at true blooded Bicolana .,:,OTH
19671,1226,Hindi naging mahirap ang pagpili kay Contis dahil nasa dugo niya ang pagiging oragon : ang mama niya ay certified at true blooded Bicolana .,ang,FIL
19672,1226,Hindi naging mahirap ang pagpili kay Contis dahil nasa dugo niya ang pagiging oragon : ang mama niya ay certified at true blooded Bicolana .,mama,FIL
19673,1226,Hindi naging mahirap ang pagpili kay Contis dahil nasa dugo niya ang pagiging oragon : ang mama niya ay certified at true blooded Bicolana .,niya,FIL
19674,1226,Hindi naging mahirap ang pagpili kay Contis dahil nasa dugo niya ang pagiging oragon : ang mama niya ay certified at true blooded Bicolana .,ay,FIL
19675,1226,Hindi naging mahirap ang pagpili kay Contis dahil nasa dugo niya ang pagiging oragon : ang mama niya ay certified at true blooded Bicolana .,certified,ENG
19676,1226,Hindi naging mahirap ang pagpili kay Contis dahil nasa dugo niya ang pagiging oragon : ang mama niya ay certified at true blooded Bicolana .,at,FIL
19677,1226,Hindi naging mahirap ang pagpili kay Contis dahil nasa dugo niya ang pagiging oragon : ang mama niya ay certified at true blooded Bicolana .,TRUE,ENG
19678,1226,Hindi naging mahirap ang pagpili kay Contis dahil nasa dugo niya ang pagiging oragon : ang mama niya ay certified at true blooded Bicolana .,blooded,ENG
19679,1226,Hindi naging mahirap ang pagpili kay Contis dahil nasa dugo niya ang pagiging oragon : ang mama niya ay certified at true blooded Bicolana .,Bicolana,OTH
19680,1226,Hindi naging mahirap ang pagpili kay Contis dahil nasa dugo niya ang pagiging oragon : ang mama niya ay certified at true blooded Bicolana .,.,OTH
19681,1227,"Kabilang sa itutulong ng UN ang health logistics , inuming tubig at sanitation facilities .",Kabilang,FIL
19682,1227,"Kabilang sa itutulong ng UN ang health logistics , inuming tubig at sanitation facilities .",sa,FIL
19683,1227,"Kabilang sa itutulong ng UN ang health logistics , inuming tubig at sanitation facilities .",itutulong,FIL
19684,1227,"Kabilang sa itutulong ng UN ang health logistics , inuming tubig at sanitation facilities .",ng,FIL
19685,1227,"Kabilang sa itutulong ng UN ang health logistics , inuming tubig at sanitation facilities .",UN,OTH
19686,1227,"Kabilang sa itutulong ng UN ang health logistics , inuming tubig at sanitation facilities .",ang,FIL
19687,1227,"Kabilang sa itutulong ng UN ang health logistics , inuming tubig at sanitation facilities .",health,ENG
19688,1227,"Kabilang sa itutulong ng UN ang health logistics , inuming tubig at sanitation facilities .",logistics,ENG
19689,1227,"Kabilang sa itutulong ng UN ang health logistics , inuming tubig at sanitation facilities .",",",OTH
19690,1227,"Kabilang sa itutulong ng UN ang health logistics , inuming tubig at sanitation facilities .",inuming,FIL
19691,1227,"Kabilang sa itutulong ng UN ang health logistics , inuming tubig at sanitation facilities .",tubig,FIL
19692,1227,"Kabilang sa itutulong ng UN ang health logistics , inuming tubig at sanitation facilities .",at,FIL
19693,1227,"Kabilang sa itutulong ng UN ang health logistics , inuming tubig at sanitation facilities .",sanitation,ENG
19694,1227,"Kabilang sa itutulong ng UN ang health logistics , inuming tubig at sanitation facilities .",facilities,ENG
19695,1227,"Kabilang sa itutulong ng UN ang health logistics , inuming tubig at sanitation facilities .",.,OTH
19696,1229,Anong uri ng pag-ibig ang inyong pag-ibig sa Diyos ?,Anong,FIL
19697,1229,Anong uri ng pag-ibig ang inyong pag-ibig sa Diyos ?,uri,FIL
19698,1229,Anong uri ng pag-ibig ang inyong pag-ibig sa Diyos ?,ng,FIL
19699,1229,Anong uri ng pag-ibig ang inyong pag-ibig sa Diyos ?,pag-ibig,FIL
19700,1229,Anong uri ng pag-ibig ang inyong pag-ibig sa Diyos ?,ang,FIL
19701,1229,Anong uri ng pag-ibig ang inyong pag-ibig sa Diyos ?,inyong,FIL
19702,1229,Anong uri ng pag-ibig ang inyong pag-ibig sa Diyos ?,pag-ibig,FIL
19703,1229,Anong uri ng pag-ibig ang inyong pag-ibig sa Diyos ?,sa,FIL
19704,1229,Anong uri ng pag-ibig ang inyong pag-ibig sa Diyos ?,Diyos,FIL
19705,1229,Anong uri ng pag-ibig ang inyong pag-ibig sa Diyos ?,?,OTH
19706,1230,"As usual , inuna na naman muna siyempre ang bulsa .",As,ENG
19707,1230,"As usual , inuna na naman muna siyempre ang bulsa .",usual,ENG
19708,1230,"As usual , inuna na naman muna siyempre ang bulsa .",",",OTH
19709,1230,"As usual , inuna na naman muna siyempre ang bulsa .",inuna,FIL
19710,1230,"As usual , inuna na naman muna siyempre ang bulsa .",na,FIL
19711,1230,"As usual , inuna na naman muna siyempre ang bulsa .",naman,FIL
19712,1230,"As usual , inuna na naman muna siyempre ang bulsa .",muna,FIL
19713,1230,"As usual , inuna na naman muna siyempre ang bulsa .",siyempre,FIL
19714,1230,"As usual , inuna na naman muna siyempre ang bulsa .",ang,FIL
19715,1230,"As usual , inuna na naman muna siyempre ang bulsa .",bulsa,FIL
19716,1230,"As usual , inuna na naman muna siyempre ang bulsa .",.,OTH
19717,1231,Sinagot rin niya ang tanong kung handa na ba siyang isiwalat sa publiko kung sino ang ama ng kanyang dinadala .,Sinagot,FIL
19718,1231,Sinagot rin niya ang tanong kung handa na ba siyang isiwalat sa publiko kung sino ang ama ng kanyang dinadala .,rin,FIL
19719,1231,Sinagot rin niya ang tanong kung handa na ba siyang isiwalat sa publiko kung sino ang ama ng kanyang dinadala .,niya,FIL
19720,1231,Sinagot rin niya ang tanong kung handa na ba siyang isiwalat sa publiko kung sino ang ama ng kanyang dinadala .,ang,FIL
19721,1231,Sinagot rin niya ang tanong kung handa na ba siyang isiwalat sa publiko kung sino ang ama ng kanyang dinadala .,tanong,FIL
19722,1231,Sinagot rin niya ang tanong kung handa na ba siyang isiwalat sa publiko kung sino ang ama ng kanyang dinadala .,kung,FIL
19723,1231,Sinagot rin niya ang tanong kung handa na ba siyang isiwalat sa publiko kung sino ang ama ng kanyang dinadala .,handa,FIL
19724,1231,Sinagot rin niya ang tanong kung handa na ba siyang isiwalat sa publiko kung sino ang ama ng kanyang dinadala .,na,FIL
19725,1231,Sinagot rin niya ang tanong kung handa na ba siyang isiwalat sa publiko kung sino ang ama ng kanyang dinadala .,ba,FIL
19726,1231,Sinagot rin niya ang tanong kung handa na ba siyang isiwalat sa publiko kung sino ang ama ng kanyang dinadala .,siyang,FIL
19727,1231,Sinagot rin niya ang tanong kung handa na ba siyang isiwalat sa publiko kung sino ang ama ng kanyang dinadala .,isiwalat,FIL
19728,1231,Sinagot rin niya ang tanong kung handa na ba siyang isiwalat sa publiko kung sino ang ama ng kanyang dinadala .,sa,FIL
19729,1231,Sinagot rin niya ang tanong kung handa na ba siyang isiwalat sa publiko kung sino ang ama ng kanyang dinadala .,publiko,FIL
19730,1231,Sinagot rin niya ang tanong kung handa na ba siyang isiwalat sa publiko kung sino ang ama ng kanyang dinadala .,kung,FIL
19731,1231,Sinagot rin niya ang tanong kung handa na ba siyang isiwalat sa publiko kung sino ang ama ng kanyang dinadala .,sino,FIL
19732,1231,Sinagot rin niya ang tanong kung handa na ba siyang isiwalat sa publiko kung sino ang ama ng kanyang dinadala .,ang,FIL
19733,1231,Sinagot rin niya ang tanong kung handa na ba siyang isiwalat sa publiko kung sino ang ama ng kanyang dinadala .,ama,FIL
19734,1231,Sinagot rin niya ang tanong kung handa na ba siyang isiwalat sa publiko kung sino ang ama ng kanyang dinadala .,ng,FIL
19735,1231,Sinagot rin niya ang tanong kung handa na ba siyang isiwalat sa publiko kung sino ang ama ng kanyang dinadala .,kanyang,FIL
19736,1231,Sinagot rin niya ang tanong kung handa na ba siyang isiwalat sa publiko kung sino ang ama ng kanyang dinadala .,dinadala,FIL
19737,1231,Sinagot rin niya ang tanong kung handa na ba siyang isiwalat sa publiko kung sino ang ama ng kanyang dinadala .,.,OTH
19738,1232,"Kung matapang na hinarap ni Aquino ang mga Senador para ipaliwanag ang kanyang naging desisyon sa Dengvaxia , handa ba si Duterte na magtungo rin sa Senado para pakinggan ang kanyang panig sa mga overpriced na medical supplies ?",Kung,FIL
19739,1232,"Kung matapang na hinarap ni Aquino ang mga Senador para ipaliwanag ang kanyang naging desisyon sa Dengvaxia , handa ba si Duterte na magtungo rin sa Senado para pakinggan ang kanyang panig sa mga overpriced na medical supplies ?",matapang,FIL
19740,1232,"Kung matapang na hinarap ni Aquino ang mga Senador para ipaliwanag ang kanyang naging desisyon sa Dengvaxia , handa ba si Duterte na magtungo rin sa Senado para pakinggan ang kanyang panig sa mga overpriced na medical supplies ?",na,FIL
19741,1232,"Kung matapang na hinarap ni Aquino ang mga Senador para ipaliwanag ang kanyang naging desisyon sa Dengvaxia , handa ba si Duterte na magtungo rin sa Senado para pakinggan ang kanyang panig sa mga overpriced na medical supplies ?",hinarap,FIL
19742,1232,"Kung matapang na hinarap ni Aquino ang mga Senador para ipaliwanag ang kanyang naging desisyon sa Dengvaxia , handa ba si Duterte na magtungo rin sa Senado para pakinggan ang kanyang panig sa mga overpriced na medical supplies ?",ni,FIL
19743,1232,"Kung matapang na hinarap ni Aquino ang mga Senador para ipaliwanag ang kanyang naging desisyon sa Dengvaxia , handa ba si Duterte na magtungo rin sa Senado para pakinggan ang kanyang panig sa mga overpriced na medical supplies ?",Aquino,OTH
19744,1232,"Kung matapang na hinarap ni Aquino ang mga Senador para ipaliwanag ang kanyang naging desisyon sa Dengvaxia , handa ba si Duterte na magtungo rin sa Senado para pakinggan ang kanyang panig sa mga overpriced na medical supplies ?",ang,FIL
19745,1232,"Kung matapang na hinarap ni Aquino ang mga Senador para ipaliwanag ang kanyang naging desisyon sa Dengvaxia , handa ba si Duterte na magtungo rin sa Senado para pakinggan ang kanyang panig sa mga overpriced na medical supplies ?",mga,FIL
19746,1232,"Kung matapang na hinarap ni Aquino ang mga Senador para ipaliwanag ang kanyang naging desisyon sa Dengvaxia , handa ba si Duterte na magtungo rin sa Senado para pakinggan ang kanyang panig sa mga overpriced na medical supplies ?",Senador,FIL
19747,1232,"Kung matapang na hinarap ni Aquino ang mga Senador para ipaliwanag ang kanyang naging desisyon sa Dengvaxia , handa ba si Duterte na magtungo rin sa Senado para pakinggan ang kanyang panig sa mga overpriced na medical supplies ?",para,FIL
19748,1232,"Kung matapang na hinarap ni Aquino ang mga Senador para ipaliwanag ang kanyang naging desisyon sa Dengvaxia , handa ba si Duterte na magtungo rin sa Senado para pakinggan ang kanyang panig sa mga overpriced na medical supplies ?",ipaliwanag,FIL
19749,1232,"Kung matapang na hinarap ni Aquino ang mga Senador para ipaliwanag ang kanyang naging desisyon sa Dengvaxia , handa ba si Duterte na magtungo rin sa Senado para pakinggan ang kanyang panig sa mga overpriced na medical supplies ?",ang,FIL
19750,1232,"Kung matapang na hinarap ni Aquino ang mga Senador para ipaliwanag ang kanyang naging desisyon sa Dengvaxia , handa ba si Duterte na magtungo rin sa Senado para pakinggan ang kanyang panig sa mga overpriced na medical supplies ?",kanyang,FIL
19751,1232,"Kung matapang na hinarap ni Aquino ang mga Senador para ipaliwanag ang kanyang naging desisyon sa Dengvaxia , handa ba si Duterte na magtungo rin sa Senado para pakinggan ang kanyang panig sa mga overpriced na medical supplies ?",naging,FIL
19752,1232,"Kung matapang na hinarap ni Aquino ang mga Senador para ipaliwanag ang kanyang naging desisyon sa Dengvaxia , handa ba si Duterte na magtungo rin sa Senado para pakinggan ang kanyang panig sa mga overpriced na medical supplies ?",desisyon,FIL
19753,1232,"Kung matapang na hinarap ni Aquino ang mga Senador para ipaliwanag ang kanyang naging desisyon sa Dengvaxia , handa ba si Duterte na magtungo rin sa Senado para pakinggan ang kanyang panig sa mga overpriced na medical supplies ?",sa,FIL
19754,1232,"Kung matapang na hinarap ni Aquino ang mga Senador para ipaliwanag ang kanyang naging desisyon sa Dengvaxia , handa ba si Duterte na magtungo rin sa Senado para pakinggan ang kanyang panig sa mga overpriced na medical supplies ?",Dengvaxia,OTH
19755,1232,"Kung matapang na hinarap ni Aquino ang mga Senador para ipaliwanag ang kanyang naging desisyon sa Dengvaxia , handa ba si Duterte na magtungo rin sa Senado para pakinggan ang kanyang panig sa mga overpriced na medical supplies ?",",",OTH
19756,1232,"Kung matapang na hinarap ni Aquino ang mga Senador para ipaliwanag ang kanyang naging desisyon sa Dengvaxia , handa ba si Duterte na magtungo rin sa Senado para pakinggan ang kanyang panig sa mga overpriced na medical supplies ?",handa,FIL
19757,1232,"Kung matapang na hinarap ni Aquino ang mga Senador para ipaliwanag ang kanyang naging desisyon sa Dengvaxia , handa ba si Duterte na magtungo rin sa Senado para pakinggan ang kanyang panig sa mga overpriced na medical supplies ?",ba,FIL
19758,1232,"Kung matapang na hinarap ni Aquino ang mga Senador para ipaliwanag ang kanyang naging desisyon sa Dengvaxia , handa ba si Duterte na magtungo rin sa Senado para pakinggan ang kanyang panig sa mga overpriced na medical supplies ?",si,FIL
19759,1232,"Kung matapang na hinarap ni Aquino ang mga Senador para ipaliwanag ang kanyang naging desisyon sa Dengvaxia , handa ba si Duterte na magtungo rin sa Senado para pakinggan ang kanyang panig sa mga overpriced na medical supplies ?",Duterte,OTH
19760,1232,"Kung matapang na hinarap ni Aquino ang mga Senador para ipaliwanag ang kanyang naging desisyon sa Dengvaxia , handa ba si Duterte na magtungo rin sa Senado para pakinggan ang kanyang panig sa mga overpriced na medical supplies ?",na,FIL
19761,1232,"Kung matapang na hinarap ni Aquino ang mga Senador para ipaliwanag ang kanyang naging desisyon sa Dengvaxia , handa ba si Duterte na magtungo rin sa Senado para pakinggan ang kanyang panig sa mga overpriced na medical supplies ?",magtungo,FIL
19762,1232,"Kung matapang na hinarap ni Aquino ang mga Senador para ipaliwanag ang kanyang naging desisyon sa Dengvaxia , handa ba si Duterte na magtungo rin sa Senado para pakinggan ang kanyang panig sa mga overpriced na medical supplies ?",rin,FIL
19763,1232,"Kung matapang na hinarap ni Aquino ang mga Senador para ipaliwanag ang kanyang naging desisyon sa Dengvaxia , handa ba si Duterte na magtungo rin sa Senado para pakinggan ang kanyang panig sa mga overpriced na medical supplies ?",sa,FIL
19764,1232,"Kung matapang na hinarap ni Aquino ang mga Senador para ipaliwanag ang kanyang naging desisyon sa Dengvaxia , handa ba si Duterte na magtungo rin sa Senado para pakinggan ang kanyang panig sa mga overpriced na medical supplies ?",Senado,FIL
19765,1232,"Kung matapang na hinarap ni Aquino ang mga Senador para ipaliwanag ang kanyang naging desisyon sa Dengvaxia , handa ba si Duterte na magtungo rin sa Senado para pakinggan ang kanyang panig sa mga overpriced na medical supplies ?",para,FIL
19766,1232,"Kung matapang na hinarap ni Aquino ang mga Senador para ipaliwanag ang kanyang naging desisyon sa Dengvaxia , handa ba si Duterte na magtungo rin sa Senado para pakinggan ang kanyang panig sa mga overpriced na medical supplies ?",pakinggan,FIL
19767,1232,"Kung matapang na hinarap ni Aquino ang mga Senador para ipaliwanag ang kanyang naging desisyon sa Dengvaxia , handa ba si Duterte na magtungo rin sa Senado para pakinggan ang kanyang panig sa mga overpriced na medical supplies ?",ang,FIL
19768,1232,"Kung matapang na hinarap ni Aquino ang mga Senador para ipaliwanag ang kanyang naging desisyon sa Dengvaxia , handa ba si Duterte na magtungo rin sa Senado para pakinggan ang kanyang panig sa mga overpriced na medical supplies ?",kanyang,FIL
19769,1232,"Kung matapang na hinarap ni Aquino ang mga Senador para ipaliwanag ang kanyang naging desisyon sa Dengvaxia , handa ba si Duterte na magtungo rin sa Senado para pakinggan ang kanyang panig sa mga overpriced na medical supplies ?",panig,FIL
19770,1232,"Kung matapang na hinarap ni Aquino ang mga Senador para ipaliwanag ang kanyang naging desisyon sa Dengvaxia , handa ba si Duterte na magtungo rin sa Senado para pakinggan ang kanyang panig sa mga overpriced na medical supplies ?",sa,FIL
19771,1232,"Kung matapang na hinarap ni Aquino ang mga Senador para ipaliwanag ang kanyang naging desisyon sa Dengvaxia , handa ba si Duterte na magtungo rin sa Senado para pakinggan ang kanyang panig sa mga overpriced na medical supplies ?",mga,FIL
19772,1232,"Kung matapang na hinarap ni Aquino ang mga Senador para ipaliwanag ang kanyang naging desisyon sa Dengvaxia , handa ba si Duterte na magtungo rin sa Senado para pakinggan ang kanyang panig sa mga overpriced na medical supplies ?",overpriced,ENG
19773,1232,"Kung matapang na hinarap ni Aquino ang mga Senador para ipaliwanag ang kanyang naging desisyon sa Dengvaxia , handa ba si Duterte na magtungo rin sa Senado para pakinggan ang kanyang panig sa mga overpriced na medical supplies ?",na,FIL
19774,1232,"Kung matapang na hinarap ni Aquino ang mga Senador para ipaliwanag ang kanyang naging desisyon sa Dengvaxia , handa ba si Duterte na magtungo rin sa Senado para pakinggan ang kanyang panig sa mga overpriced na medical supplies ?",medical,ENG
19775,1232,"Kung matapang na hinarap ni Aquino ang mga Senador para ipaliwanag ang kanyang naging desisyon sa Dengvaxia , handa ba si Duterte na magtungo rin sa Senado para pakinggan ang kanyang panig sa mga overpriced na medical supplies ?",supplies,ENG
19776,1232,"Kung matapang na hinarap ni Aquino ang mga Senador para ipaliwanag ang kanyang naging desisyon sa Dengvaxia , handa ba si Duterte na magtungo rin sa Senado para pakinggan ang kanyang panig sa mga overpriced na medical supplies ?",?,OTH
19777,1233,"Carry me to freaking gold pls charot gusto ko na bumalik ng iron , nakakatanga makipaglaban sa mga magagaling",Carry,ENG
19778,1233,"Carry me to freaking gold pls charot gusto ko na bumalik ng iron , nakakatanga makipaglaban sa mga magagaling",me,ENG
19779,1233,"Carry me to freaking gold pls charot gusto ko na bumalik ng iron , nakakatanga makipaglaban sa mga magagaling",to,ENG
19780,1233,"Carry me to freaking gold pls charot gusto ko na bumalik ng iron , nakakatanga makipaglaban sa mga magagaling",freaking,ENG
19781,1233,"Carry me to freaking gold pls charot gusto ko na bumalik ng iron , nakakatanga makipaglaban sa mga magagaling",gold,ENG
19782,1233,"Carry me to freaking gold pls charot gusto ko na bumalik ng iron , nakakatanga makipaglaban sa mga magagaling",pls,ENG
19783,1233,"Carry me to freaking gold pls charot gusto ko na bumalik ng iron , nakakatanga makipaglaban sa mga magagaling",charot,FIL
19784,1233,"Carry me to freaking gold pls charot gusto ko na bumalik ng iron , nakakatanga makipaglaban sa mga magagaling",gusto,FIL
19785,1233,"Carry me to freaking gold pls charot gusto ko na bumalik ng iron , nakakatanga makipaglaban sa mga magagaling",ko,FIL
19786,1233,"Carry me to freaking gold pls charot gusto ko na bumalik ng iron , nakakatanga makipaglaban sa mga magagaling",na,FIL
19787,1233,"Carry me to freaking gold pls charot gusto ko na bumalik ng iron , nakakatanga makipaglaban sa mga magagaling",bumalik,FIL
19788,1233,"Carry me to freaking gold pls charot gusto ko na bumalik ng iron , nakakatanga makipaglaban sa mga magagaling",ng,FIL
19789,1233,"Carry me to freaking gold pls charot gusto ko na bumalik ng iron , nakakatanga makipaglaban sa mga magagaling",iron,ENG
19790,1233,"Carry me to freaking gold pls charot gusto ko na bumalik ng iron , nakakatanga makipaglaban sa mga magagaling",",",OTH
19791,1233,"Carry me to freaking gold pls charot gusto ko na bumalik ng iron , nakakatanga makipaglaban sa mga magagaling",nakakatanga,FIL
19792,1233,"Carry me to freaking gold pls charot gusto ko na bumalik ng iron , nakakatanga makipaglaban sa mga magagaling",makipaglaban,FIL
19793,1233,"Carry me to freaking gold pls charot gusto ko na bumalik ng iron , nakakatanga makipaglaban sa mga magagaling",sa,FIL
19794,1233,"Carry me to freaking gold pls charot gusto ko na bumalik ng iron , nakakatanga makipaglaban sa mga magagaling",mga,FIL
19795,1233,"Carry me to freaking gold pls charot gusto ko na bumalik ng iron , nakakatanga makipaglaban sa mga magagaling",magagaling,FIL
19796,1234,sana po mam matulungan niyo din po ako para magka meron ng patungan ng masitera na paninda sa harapan lang po ng bahay,sana,FIL
19797,1234,sana po mam matulungan niyo din po ako para magka meron ng patungan ng masitera na paninda sa harapan lang po ng bahay,po,FIL
19798,1234,sana po mam matulungan niyo din po ako para magka meron ng patungan ng masitera na paninda sa harapan lang po ng bahay,mam,FIL
19799,1234,sana po mam matulungan niyo din po ako para magka meron ng patungan ng masitera na paninda sa harapan lang po ng bahay,matulungan,FIL
19800,1234,sana po mam matulungan niyo din po ako para magka meron ng patungan ng masitera na paninda sa harapan lang po ng bahay,niyo,FIL
19801,1234,sana po mam matulungan niyo din po ako para magka meron ng patungan ng masitera na paninda sa harapan lang po ng bahay,din,FIL
19802,1234,sana po mam matulungan niyo din po ako para magka meron ng patungan ng masitera na paninda sa harapan lang po ng bahay,po,FIL
19803,1234,sana po mam matulungan niyo din po ako para magka meron ng patungan ng masitera na paninda sa harapan lang po ng bahay,ako,FIL
19804,1234,sana po mam matulungan niyo din po ako para magka meron ng patungan ng masitera na paninda sa harapan lang po ng bahay,para,FIL
19805,1234,sana po mam matulungan niyo din po ako para magka meron ng patungan ng masitera na paninda sa harapan lang po ng bahay,magka,FIL
19806,1234,sana po mam matulungan niyo din po ako para magka meron ng patungan ng masitera na paninda sa harapan lang po ng bahay,meron,FIL
19807,1234,sana po mam matulungan niyo din po ako para magka meron ng patungan ng masitera na paninda sa harapan lang po ng bahay,ng,FIL
19808,1234,sana po mam matulungan niyo din po ako para magka meron ng patungan ng masitera na paninda sa harapan lang po ng bahay,patungan,FIL
19809,1234,sana po mam matulungan niyo din po ako para magka meron ng patungan ng masitera na paninda sa harapan lang po ng bahay,ng,FIL
19810,1234,sana po mam matulungan niyo din po ako para magka meron ng patungan ng masitera na paninda sa harapan lang po ng bahay,masitera,FIL
19811,1234,sana po mam matulungan niyo din po ako para magka meron ng patungan ng masitera na paninda sa harapan lang po ng bahay,na,FIL
19812,1234,sana po mam matulungan niyo din po ako para magka meron ng patungan ng masitera na paninda sa harapan lang po ng bahay,paninda,FIL
19813,1234,sana po mam matulungan niyo din po ako para magka meron ng patungan ng masitera na paninda sa harapan lang po ng bahay,sa,FIL
19814,1234,sana po mam matulungan niyo din po ako para magka meron ng patungan ng masitera na paninda sa harapan lang po ng bahay,harapan,FIL
19815,1234,sana po mam matulungan niyo din po ako para magka meron ng patungan ng masitera na paninda sa harapan lang po ng bahay,lang,FIL
19816,1234,sana po mam matulungan niyo din po ako para magka meron ng patungan ng masitera na paninda sa harapan lang po ng bahay,po,FIL
19817,1234,sana po mam matulungan niyo din po ako para magka meron ng patungan ng masitera na paninda sa harapan lang po ng bahay,ng,FIL
19818,1234,sana po mam matulungan niyo din po ako para magka meron ng patungan ng masitera na paninda sa harapan lang po ng bahay,bahay,FIL
19819,1235,wala ako maintindihan sa subj ko now hsndsmns kausapin niyo lang ako here u . u,wala,FIL
19820,1235,wala ako maintindihan sa subj ko now hsndsmns kausapin niyo lang ako here u . u,ako,FIL
19821,1235,wala ako maintindihan sa subj ko now hsndsmns kausapin niyo lang ako here u . u,maintindihan,FIL
19822,1235,wala ako maintindihan sa subj ko now hsndsmns kausapin niyo lang ako here u . u,sa,FIL
19823,1235,wala ako maintindihan sa subj ko now hsndsmns kausapin niyo lang ako here u . u,subj,ENG
19824,1235,wala ako maintindihan sa subj ko now hsndsmns kausapin niyo lang ako here u . u,ko,FIL
19825,1235,wala ako maintindihan sa subj ko now hsndsmns kausapin niyo lang ako here u . u,now,ENG
19826,1235,wala ako maintindihan sa subj ko now hsndsmns kausapin niyo lang ako here u . u,hsndsmns,OTH
19827,1235,wala ako maintindihan sa subj ko now hsndsmns kausapin niyo lang ako here u . u,kausapin,FIL
19828,1235,wala ako maintindihan sa subj ko now hsndsmns kausapin niyo lang ako here u . u,niyo,FIL
19829,1235,wala ako maintindihan sa subj ko now hsndsmns kausapin niyo lang ako here u . u,lang,FIL
19830,1235,wala ako maintindihan sa subj ko now hsndsmns kausapin niyo lang ako here u . u,ako,FIL
19831,1235,wala ako maintindihan sa subj ko now hsndsmns kausapin niyo lang ako here u . u,here,ENG
19832,1235,wala ako maintindihan sa subj ko now hsndsmns kausapin niyo lang ako here u . u,u,ENG
19833,1235,wala ako maintindihan sa subj ko now hsndsmns kausapin niyo lang ako here u . u,.,OTH
19834,1235,wala ako maintindihan sa subj ko now hsndsmns kausapin niyo lang ako here u . u,u,ENG
19835,1236,"Nguni't kung nagkukulang ng karunungan ang sinoman sa inyo , ay humingi sa Dios , na nagbibigay ng sagana sa lahat at hindi nanunumbat ; at ito'y ibibigay sa kaniya .",Nguni't,FIL
19836,1236,"Nguni't kung nagkukulang ng karunungan ang sinoman sa inyo , ay humingi sa Dios , na nagbibigay ng sagana sa lahat at hindi nanunumbat ; at ito'y ibibigay sa kaniya .",kung,FIL
19837,1236,"Nguni't kung nagkukulang ng karunungan ang sinoman sa inyo , ay humingi sa Dios , na nagbibigay ng sagana sa lahat at hindi nanunumbat ; at ito'y ibibigay sa kaniya .",nagkukulang,FIL
19838,1236,"Nguni't kung nagkukulang ng karunungan ang sinoman sa inyo , ay humingi sa Dios , na nagbibigay ng sagana sa lahat at hindi nanunumbat ; at ito'y ibibigay sa kaniya .",ng,FIL
19839,1236,"Nguni't kung nagkukulang ng karunungan ang sinoman sa inyo , ay humingi sa Dios , na nagbibigay ng sagana sa lahat at hindi nanunumbat ; at ito'y ibibigay sa kaniya .",karunungan,FIL
19840,1236,"Nguni't kung nagkukulang ng karunungan ang sinoman sa inyo , ay humingi sa Dios , na nagbibigay ng sagana sa lahat at hindi nanunumbat ; at ito'y ibibigay sa kaniya .",ang,FIL
19841,1236,"Nguni't kung nagkukulang ng karunungan ang sinoman sa inyo , ay humingi sa Dios , na nagbibigay ng sagana sa lahat at hindi nanunumbat ; at ito'y ibibigay sa kaniya .",sinoman,FIL
19842,1236,"Nguni't kung nagkukulang ng karunungan ang sinoman sa inyo , ay humingi sa Dios , na nagbibigay ng sagana sa lahat at hindi nanunumbat ; at ito'y ibibigay sa kaniya .",sa,FIL
19843,1236,"Nguni't kung nagkukulang ng karunungan ang sinoman sa inyo , ay humingi sa Dios , na nagbibigay ng sagana sa lahat at hindi nanunumbat ; at ito'y ibibigay sa kaniya .",inyo,FIL
19844,1236,"Nguni't kung nagkukulang ng karunungan ang sinoman sa inyo , ay humingi sa Dios , na nagbibigay ng sagana sa lahat at hindi nanunumbat ; at ito'y ibibigay sa kaniya .",",",OTH
19845,1236,"Nguni't kung nagkukulang ng karunungan ang sinoman sa inyo , ay humingi sa Dios , na nagbibigay ng sagana sa lahat at hindi nanunumbat ; at ito'y ibibigay sa kaniya .",ay,FIL
19846,1236,"Nguni't kung nagkukulang ng karunungan ang sinoman sa inyo , ay humingi sa Dios , na nagbibigay ng sagana sa lahat at hindi nanunumbat ; at ito'y ibibigay sa kaniya .",humingi,FIL
19847,1236,"Nguni't kung nagkukulang ng karunungan ang sinoman sa inyo , ay humingi sa Dios , na nagbibigay ng sagana sa lahat at hindi nanunumbat ; at ito'y ibibigay sa kaniya .",sa,FIL
19848,1236,"Nguni't kung nagkukulang ng karunungan ang sinoman sa inyo , ay humingi sa Dios , na nagbibigay ng sagana sa lahat at hindi nanunumbat ; at ito'y ibibigay sa kaniya .",Dios,OTH
19849,1236,"Nguni't kung nagkukulang ng karunungan ang sinoman sa inyo , ay humingi sa Dios , na nagbibigay ng sagana sa lahat at hindi nanunumbat ; at ito'y ibibigay sa kaniya .",",",OTH
19850,1236,"Nguni't kung nagkukulang ng karunungan ang sinoman sa inyo , ay humingi sa Dios , na nagbibigay ng sagana sa lahat at hindi nanunumbat ; at ito'y ibibigay sa kaniya .",na,FIL
19851,1236,"Nguni't kung nagkukulang ng karunungan ang sinoman sa inyo , ay humingi sa Dios , na nagbibigay ng sagana sa lahat at hindi nanunumbat ; at ito'y ibibigay sa kaniya .",nagbibigay,FIL
19852,1236,"Nguni't kung nagkukulang ng karunungan ang sinoman sa inyo , ay humingi sa Dios , na nagbibigay ng sagana sa lahat at hindi nanunumbat ; at ito'y ibibigay sa kaniya .",ng,FIL
19853,1236,"Nguni't kung nagkukulang ng karunungan ang sinoman sa inyo , ay humingi sa Dios , na nagbibigay ng sagana sa lahat at hindi nanunumbat ; at ito'y ibibigay sa kaniya .",sagana,FIL
19854,1236,"Nguni't kung nagkukulang ng karunungan ang sinoman sa inyo , ay humingi sa Dios , na nagbibigay ng sagana sa lahat at hindi nanunumbat ; at ito'y ibibigay sa kaniya .",sa,FIL
19855,1236,"Nguni't kung nagkukulang ng karunungan ang sinoman sa inyo , ay humingi sa Dios , na nagbibigay ng sagana sa lahat at hindi nanunumbat ; at ito'y ibibigay sa kaniya .",lahat,FIL
19856,1236,"Nguni't kung nagkukulang ng karunungan ang sinoman sa inyo , ay humingi sa Dios , na nagbibigay ng sagana sa lahat at hindi nanunumbat ; at ito'y ibibigay sa kaniya .",at,FIL
19857,1236,"Nguni't kung nagkukulang ng karunungan ang sinoman sa inyo , ay humingi sa Dios , na nagbibigay ng sagana sa lahat at hindi nanunumbat ; at ito'y ibibigay sa kaniya .",hindi,FIL
19858,1236,"Nguni't kung nagkukulang ng karunungan ang sinoman sa inyo , ay humingi sa Dios , na nagbibigay ng sagana sa lahat at hindi nanunumbat ; at ito'y ibibigay sa kaniya .",nanunumbat,FIL
19859,1236,"Nguni't kung nagkukulang ng karunungan ang sinoman sa inyo , ay humingi sa Dios , na nagbibigay ng sagana sa lahat at hindi nanunumbat ; at ito'y ibibigay sa kaniya .",;,OTH
19860,1236,"Nguni't kung nagkukulang ng karunungan ang sinoman sa inyo , ay humingi sa Dios , na nagbibigay ng sagana sa lahat at hindi nanunumbat ; at ito'y ibibigay sa kaniya .",at,FIL
19861,1236,"Nguni't kung nagkukulang ng karunungan ang sinoman sa inyo , ay humingi sa Dios , na nagbibigay ng sagana sa lahat at hindi nanunumbat ; at ito'y ibibigay sa kaniya .",ito'y,FIL
19862,1236,"Nguni't kung nagkukulang ng karunungan ang sinoman sa inyo , ay humingi sa Dios , na nagbibigay ng sagana sa lahat at hindi nanunumbat ; at ito'y ibibigay sa kaniya .",ibibigay,FIL
19863,1236,"Nguni't kung nagkukulang ng karunungan ang sinoman sa inyo , ay humingi sa Dios , na nagbibigay ng sagana sa lahat at hindi nanunumbat ; at ito'y ibibigay sa kaniya .",sa,FIL
19864,1236,"Nguni't kung nagkukulang ng karunungan ang sinoman sa inyo , ay humingi sa Dios , na nagbibigay ng sagana sa lahat at hindi nanunumbat ; at ito'y ibibigay sa kaniya .",kaniya,FIL
19865,1236,"Nguni't kung nagkukulang ng karunungan ang sinoman sa inyo , ay humingi sa Dios , na nagbibigay ng sagana sa lahat at hindi nanunumbat ; at ito'y ibibigay sa kaniya .",.,OTH
19866,1237,"Valentina at Jane de Leon DAHIL sa sinulat namin dito sa BANDERA kahapon tungkol sa mga nag-audition sa karakter na Valentina , ang iconic kontrabida ni Darna ay kaliwat kanan ang natanggap naming tawag .",Valentina,OTH
19867,1237,"Valentina at Jane de Leon DAHIL sa sinulat namin dito sa BANDERA kahapon tungkol sa mga nag-audition sa karakter na Valentina , ang iconic kontrabida ni Darna ay kaliwat kanan ang natanggap naming tawag .",at,FIL
19868,1237,"Valentina at Jane de Leon DAHIL sa sinulat namin dito sa BANDERA kahapon tungkol sa mga nag-audition sa karakter na Valentina , ang iconic kontrabida ni Darna ay kaliwat kanan ang natanggap naming tawag .",Jane,OTH
19869,1237,"Valentina at Jane de Leon DAHIL sa sinulat namin dito sa BANDERA kahapon tungkol sa mga nag-audition sa karakter na Valentina , ang iconic kontrabida ni Darna ay kaliwat kanan ang natanggap naming tawag .",de,OTH
19870,1237,"Valentina at Jane de Leon DAHIL sa sinulat namin dito sa BANDERA kahapon tungkol sa mga nag-audition sa karakter na Valentina , ang iconic kontrabida ni Darna ay kaliwat kanan ang natanggap naming tawag .",Leon,OTH
19871,1237,"Valentina at Jane de Leon DAHIL sa sinulat namin dito sa BANDERA kahapon tungkol sa mga nag-audition sa karakter na Valentina , ang iconic kontrabida ni Darna ay kaliwat kanan ang natanggap naming tawag .",DAHIL,FIL
19872,1237,"Valentina at Jane de Leon DAHIL sa sinulat namin dito sa BANDERA kahapon tungkol sa mga nag-audition sa karakter na Valentina , ang iconic kontrabida ni Darna ay kaliwat kanan ang natanggap naming tawag .",sa,FIL
19873,1237,"Valentina at Jane de Leon DAHIL sa sinulat namin dito sa BANDERA kahapon tungkol sa mga nag-audition sa karakter na Valentina , ang iconic kontrabida ni Darna ay kaliwat kanan ang natanggap naming tawag .",sinulat,FIL
19874,1237,"Valentina at Jane de Leon DAHIL sa sinulat namin dito sa BANDERA kahapon tungkol sa mga nag-audition sa karakter na Valentina , ang iconic kontrabida ni Darna ay kaliwat kanan ang natanggap naming tawag .",namin,FIL
19875,1237,"Valentina at Jane de Leon DAHIL sa sinulat namin dito sa BANDERA kahapon tungkol sa mga nag-audition sa karakter na Valentina , ang iconic kontrabida ni Darna ay kaliwat kanan ang natanggap naming tawag .",dito,FIL
19876,1237,"Valentina at Jane de Leon DAHIL sa sinulat namin dito sa BANDERA kahapon tungkol sa mga nag-audition sa karakter na Valentina , ang iconic kontrabida ni Darna ay kaliwat kanan ang natanggap naming tawag .",sa,FIL
19877,1237,"Valentina at Jane de Leon DAHIL sa sinulat namin dito sa BANDERA kahapon tungkol sa mga nag-audition sa karakter na Valentina , ang iconic kontrabida ni Darna ay kaliwat kanan ang natanggap naming tawag .",BANDERA,OTH
19878,1237,"Valentina at Jane de Leon DAHIL sa sinulat namin dito sa BANDERA kahapon tungkol sa mga nag-audition sa karakter na Valentina , ang iconic kontrabida ni Darna ay kaliwat kanan ang natanggap naming tawag .",kahapon,FIL
19879,1237,"Valentina at Jane de Leon DAHIL sa sinulat namin dito sa BANDERA kahapon tungkol sa mga nag-audition sa karakter na Valentina , ang iconic kontrabida ni Darna ay kaliwat kanan ang natanggap naming tawag .",tungkol,FIL
19880,1237,"Valentina at Jane de Leon DAHIL sa sinulat namin dito sa BANDERA kahapon tungkol sa mga nag-audition sa karakter na Valentina , ang iconic kontrabida ni Darna ay kaliwat kanan ang natanggap naming tawag .",sa,FIL
19881,1237,"Valentina at Jane de Leon DAHIL sa sinulat namin dito sa BANDERA kahapon tungkol sa mga nag-audition sa karakter na Valentina , ang iconic kontrabida ni Darna ay kaliwat kanan ang natanggap naming tawag .",mga,FIL
19882,1237,"Valentina at Jane de Leon DAHIL sa sinulat namin dito sa BANDERA kahapon tungkol sa mga nag-audition sa karakter na Valentina , ang iconic kontrabida ni Darna ay kaliwat kanan ang natanggap naming tawag .",nag-audition,CS
19883,1237,"Valentina at Jane de Leon DAHIL sa sinulat namin dito sa BANDERA kahapon tungkol sa mga nag-audition sa karakter na Valentina , ang iconic kontrabida ni Darna ay kaliwat kanan ang natanggap naming tawag .",sa,FIL
19884,1237,"Valentina at Jane de Leon DAHIL sa sinulat namin dito sa BANDERA kahapon tungkol sa mga nag-audition sa karakter na Valentina , ang iconic kontrabida ni Darna ay kaliwat kanan ang natanggap naming tawag .",karakter,FIL
19885,1237,"Valentina at Jane de Leon DAHIL sa sinulat namin dito sa BANDERA kahapon tungkol sa mga nag-audition sa karakter na Valentina , ang iconic kontrabida ni Darna ay kaliwat kanan ang natanggap naming tawag .",na,FIL
19886,1237,"Valentina at Jane de Leon DAHIL sa sinulat namin dito sa BANDERA kahapon tungkol sa mga nag-audition sa karakter na Valentina , ang iconic kontrabida ni Darna ay kaliwat kanan ang natanggap naming tawag .",Valentina,OTH
19887,1237,"Valentina at Jane de Leon DAHIL sa sinulat namin dito sa BANDERA kahapon tungkol sa mga nag-audition sa karakter na Valentina , ang iconic kontrabida ni Darna ay kaliwat kanan ang natanggap naming tawag .",",",OTH
19888,1237,"Valentina at Jane de Leon DAHIL sa sinulat namin dito sa BANDERA kahapon tungkol sa mga nag-audition sa karakter na Valentina , ang iconic kontrabida ni Darna ay kaliwat kanan ang natanggap naming tawag .",ang,FIL
19889,1237,"Valentina at Jane de Leon DAHIL sa sinulat namin dito sa BANDERA kahapon tungkol sa mga nag-audition sa karakter na Valentina , ang iconic kontrabida ni Darna ay kaliwat kanan ang natanggap naming tawag .",iconic,ENG
19890,1237,"Valentina at Jane de Leon DAHIL sa sinulat namin dito sa BANDERA kahapon tungkol sa mga nag-audition sa karakter na Valentina , ang iconic kontrabida ni Darna ay kaliwat kanan ang natanggap naming tawag .",kontrabida,FIL
19891,1237,"Valentina at Jane de Leon DAHIL sa sinulat namin dito sa BANDERA kahapon tungkol sa mga nag-audition sa karakter na Valentina , ang iconic kontrabida ni Darna ay kaliwat kanan ang natanggap naming tawag .",ni,FIL
19892,1237,"Valentina at Jane de Leon DAHIL sa sinulat namin dito sa BANDERA kahapon tungkol sa mga nag-audition sa karakter na Valentina , ang iconic kontrabida ni Darna ay kaliwat kanan ang natanggap naming tawag .",Darna,OTH
19893,1237,"Valentina at Jane de Leon DAHIL sa sinulat namin dito sa BANDERA kahapon tungkol sa mga nag-audition sa karakter na Valentina , ang iconic kontrabida ni Darna ay kaliwat kanan ang natanggap naming tawag .",ay,FIL
19894,1237,"Valentina at Jane de Leon DAHIL sa sinulat namin dito sa BANDERA kahapon tungkol sa mga nag-audition sa karakter na Valentina , ang iconic kontrabida ni Darna ay kaliwat kanan ang natanggap naming tawag .",kaliwat,FIL
19895,1237,"Valentina at Jane de Leon DAHIL sa sinulat namin dito sa BANDERA kahapon tungkol sa mga nag-audition sa karakter na Valentina , ang iconic kontrabida ni Darna ay kaliwat kanan ang natanggap naming tawag .",kanan,FIL
19896,1237,"Valentina at Jane de Leon DAHIL sa sinulat namin dito sa BANDERA kahapon tungkol sa mga nag-audition sa karakter na Valentina , ang iconic kontrabida ni Darna ay kaliwat kanan ang natanggap naming tawag .",ang,FIL
19897,1237,"Valentina at Jane de Leon DAHIL sa sinulat namin dito sa BANDERA kahapon tungkol sa mga nag-audition sa karakter na Valentina , ang iconic kontrabida ni Darna ay kaliwat kanan ang natanggap naming tawag .",natanggap,FIL
19898,1237,"Valentina at Jane de Leon DAHIL sa sinulat namin dito sa BANDERA kahapon tungkol sa mga nag-audition sa karakter na Valentina , ang iconic kontrabida ni Darna ay kaliwat kanan ang natanggap naming tawag .",naming,FIL
19899,1237,"Valentina at Jane de Leon DAHIL sa sinulat namin dito sa BANDERA kahapon tungkol sa mga nag-audition sa karakter na Valentina , ang iconic kontrabida ni Darna ay kaliwat kanan ang natanggap naming tawag .",tawag,FIL
19900,1237,"Valentina at Jane de Leon DAHIL sa sinulat namin dito sa BANDERA kahapon tungkol sa mga nag-audition sa karakter na Valentina , ang iconic kontrabida ni Darna ay kaliwat kanan ang natanggap naming tawag .",.,OTH
19901,1238,"Lol , mga pinoy nga nmn pg artista gumawa ng mali walng pake , ipagtatanggol p tpos pg wlng ginawa ang mga pulis sisihinin nila pero pg ginawa nmn daming tutol mga pinoy tlg npk one sided ng utak .",Lol,OTH
19902,1238,"Lol , mga pinoy nga nmn pg artista gumawa ng mali walng pake , ipagtatanggol p tpos pg wlng ginawa ang mga pulis sisihinin nila pero pg ginawa nmn daming tutol mga pinoy tlg npk one sided ng utak .",",",OTH
19903,1238,"Lol , mga pinoy nga nmn pg artista gumawa ng mali walng pake , ipagtatanggol p tpos pg wlng ginawa ang mga pulis sisihinin nila pero pg ginawa nmn daming tutol mga pinoy tlg npk one sided ng utak .",mga,FIL
19904,1238,"Lol , mga pinoy nga nmn pg artista gumawa ng mali walng pake , ipagtatanggol p tpos pg wlng ginawa ang mga pulis sisihinin nila pero pg ginawa nmn daming tutol mga pinoy tlg npk one sided ng utak .",pinoy,FIL
19905,1238,"Lol , mga pinoy nga nmn pg artista gumawa ng mali walng pake , ipagtatanggol p tpos pg wlng ginawa ang mga pulis sisihinin nila pero pg ginawa nmn daming tutol mga pinoy tlg npk one sided ng utak .",nga,FIL
19906,1238,"Lol , mga pinoy nga nmn pg artista gumawa ng mali walng pake , ipagtatanggol p tpos pg wlng ginawa ang mga pulis sisihinin nila pero pg ginawa nmn daming tutol mga pinoy tlg npk one sided ng utak .",nmn,FIL
19907,1238,"Lol , mga pinoy nga nmn pg artista gumawa ng mali walng pake , ipagtatanggol p tpos pg wlng ginawa ang mga pulis sisihinin nila pero pg ginawa nmn daming tutol mga pinoy tlg npk one sided ng utak .",pg,FIL
19908,1238,"Lol , mga pinoy nga nmn pg artista gumawa ng mali walng pake , ipagtatanggol p tpos pg wlng ginawa ang mga pulis sisihinin nila pero pg ginawa nmn daming tutol mga pinoy tlg npk one sided ng utak .",artista,FIL
19909,1238,"Lol , mga pinoy nga nmn pg artista gumawa ng mali walng pake , ipagtatanggol p tpos pg wlng ginawa ang mga pulis sisihinin nila pero pg ginawa nmn daming tutol mga pinoy tlg npk one sided ng utak .",gumawa,FIL
19910,1238,"Lol , mga pinoy nga nmn pg artista gumawa ng mali walng pake , ipagtatanggol p tpos pg wlng ginawa ang mga pulis sisihinin nila pero pg ginawa nmn daming tutol mga pinoy tlg npk one sided ng utak .",ng,FIL
19911,1238,"Lol , mga pinoy nga nmn pg artista gumawa ng mali walng pake , ipagtatanggol p tpos pg wlng ginawa ang mga pulis sisihinin nila pero pg ginawa nmn daming tutol mga pinoy tlg npk one sided ng utak .",mali,FIL
19912,1238,"Lol , mga pinoy nga nmn pg artista gumawa ng mali walng pake , ipagtatanggol p tpos pg wlng ginawa ang mga pulis sisihinin nila pero pg ginawa nmn daming tutol mga pinoy tlg npk one sided ng utak .",walng,FIL
19913,1238,"Lol , mga pinoy nga nmn pg artista gumawa ng mali walng pake , ipagtatanggol p tpos pg wlng ginawa ang mga pulis sisihinin nila pero pg ginawa nmn daming tutol mga pinoy tlg npk one sided ng utak .",pake,FIL
19914,1238,"Lol , mga pinoy nga nmn pg artista gumawa ng mali walng pake , ipagtatanggol p tpos pg wlng ginawa ang mga pulis sisihinin nila pero pg ginawa nmn daming tutol mga pinoy tlg npk one sided ng utak .",",",OTH
19915,1238,"Lol , mga pinoy nga nmn pg artista gumawa ng mali walng pake , ipagtatanggol p tpos pg wlng ginawa ang mga pulis sisihinin nila pero pg ginawa nmn daming tutol mga pinoy tlg npk one sided ng utak .",ipagtatanggol,FIL
19916,1238,"Lol , mga pinoy nga nmn pg artista gumawa ng mali walng pake , ipagtatanggol p tpos pg wlng ginawa ang mga pulis sisihinin nila pero pg ginawa nmn daming tutol mga pinoy tlg npk one sided ng utak .",p,FIL
19917,1238,"Lol , mga pinoy nga nmn pg artista gumawa ng mali walng pake , ipagtatanggol p tpos pg wlng ginawa ang mga pulis sisihinin nila pero pg ginawa nmn daming tutol mga pinoy tlg npk one sided ng utak .",tpos,FIL
19918,1238,"Lol , mga pinoy nga nmn pg artista gumawa ng mali walng pake , ipagtatanggol p tpos pg wlng ginawa ang mga pulis sisihinin nila pero pg ginawa nmn daming tutol mga pinoy tlg npk one sided ng utak .",pg,FIL
19919,1238,"Lol , mga pinoy nga nmn pg artista gumawa ng mali walng pake , ipagtatanggol p tpos pg wlng ginawa ang mga pulis sisihinin nila pero pg ginawa nmn daming tutol mga pinoy tlg npk one sided ng utak .",wlng,FIL
19920,1238,"Lol , mga pinoy nga nmn pg artista gumawa ng mali walng pake , ipagtatanggol p tpos pg wlng ginawa ang mga pulis sisihinin nila pero pg ginawa nmn daming tutol mga pinoy tlg npk one sided ng utak .",ginawa,FIL
19921,1238,"Lol , mga pinoy nga nmn pg artista gumawa ng mali walng pake , ipagtatanggol p tpos pg wlng ginawa ang mga pulis sisihinin nila pero pg ginawa nmn daming tutol mga pinoy tlg npk one sided ng utak .",ang,FIL
19922,1238,"Lol , mga pinoy nga nmn pg artista gumawa ng mali walng pake , ipagtatanggol p tpos pg wlng ginawa ang mga pulis sisihinin nila pero pg ginawa nmn daming tutol mga pinoy tlg npk one sided ng utak .",mga,FIL
19923,1238,"Lol , mga pinoy nga nmn pg artista gumawa ng mali walng pake , ipagtatanggol p tpos pg wlng ginawa ang mga pulis sisihinin nila pero pg ginawa nmn daming tutol mga pinoy tlg npk one sided ng utak .",pulis,FIL
19924,1238,"Lol , mga pinoy nga nmn pg artista gumawa ng mali walng pake , ipagtatanggol p tpos pg wlng ginawa ang mga pulis sisihinin nila pero pg ginawa nmn daming tutol mga pinoy tlg npk one sided ng utak .",sisihinin,FIL
19925,1238,"Lol , mga pinoy nga nmn pg artista gumawa ng mali walng pake , ipagtatanggol p tpos pg wlng ginawa ang mga pulis sisihinin nila pero pg ginawa nmn daming tutol mga pinoy tlg npk one sided ng utak .",nila,FIL
19926,1238,"Lol , mga pinoy nga nmn pg artista gumawa ng mali walng pake , ipagtatanggol p tpos pg wlng ginawa ang mga pulis sisihinin nila pero pg ginawa nmn daming tutol mga pinoy tlg npk one sided ng utak .",pero,FIL
19927,1238,"Lol , mga pinoy nga nmn pg artista gumawa ng mali walng pake , ipagtatanggol p tpos pg wlng ginawa ang mga pulis sisihinin nila pero pg ginawa nmn daming tutol mga pinoy tlg npk one sided ng utak .",pg,FIL
19928,1238,"Lol , mga pinoy nga nmn pg artista gumawa ng mali walng pake , ipagtatanggol p tpos pg wlng ginawa ang mga pulis sisihinin nila pero pg ginawa nmn daming tutol mga pinoy tlg npk one sided ng utak .",ginawa,FIL
19929,1238,"Lol , mga pinoy nga nmn pg artista gumawa ng mali walng pake , ipagtatanggol p tpos pg wlng ginawa ang mga pulis sisihinin nila pero pg ginawa nmn daming tutol mga pinoy tlg npk one sided ng utak .",nmn,FIL
19930,1238,"Lol , mga pinoy nga nmn pg artista gumawa ng mali walng pake , ipagtatanggol p tpos pg wlng ginawa ang mga pulis sisihinin nila pero pg ginawa nmn daming tutol mga pinoy tlg npk one sided ng utak .",daming,FIL
19931,1238,"Lol , mga pinoy nga nmn pg artista gumawa ng mali walng pake , ipagtatanggol p tpos pg wlng ginawa ang mga pulis sisihinin nila pero pg ginawa nmn daming tutol mga pinoy tlg npk one sided ng utak .",tutol,FIL
19932,1238,"Lol , mga pinoy nga nmn pg artista gumawa ng mali walng pake , ipagtatanggol p tpos pg wlng ginawa ang mga pulis sisihinin nila pero pg ginawa nmn daming tutol mga pinoy tlg npk one sided ng utak .",mga,FIL
19933,1238,"Lol , mga pinoy nga nmn pg artista gumawa ng mali walng pake , ipagtatanggol p tpos pg wlng ginawa ang mga pulis sisihinin nila pero pg ginawa nmn daming tutol mga pinoy tlg npk one sided ng utak .",pinoy,FIL
19934,1238,"Lol , mga pinoy nga nmn pg artista gumawa ng mali walng pake , ipagtatanggol p tpos pg wlng ginawa ang mga pulis sisihinin nila pero pg ginawa nmn daming tutol mga pinoy tlg npk one sided ng utak .",tlg,FIL
19935,1238,"Lol , mga pinoy nga nmn pg artista gumawa ng mali walng pake , ipagtatanggol p tpos pg wlng ginawa ang mga pulis sisihinin nila pero pg ginawa nmn daming tutol mga pinoy tlg npk one sided ng utak .",npk,FIL
19936,1238,"Lol , mga pinoy nga nmn pg artista gumawa ng mali walng pake , ipagtatanggol p tpos pg wlng ginawa ang mga pulis sisihinin nila pero pg ginawa nmn daming tutol mga pinoy tlg npk one sided ng utak .",one,ENG
19937,1238,"Lol , mga pinoy nga nmn pg artista gumawa ng mali walng pake , ipagtatanggol p tpos pg wlng ginawa ang mga pulis sisihinin nila pero pg ginawa nmn daming tutol mga pinoy tlg npk one sided ng utak .",sided,ENG
19938,1238,"Lol , mga pinoy nga nmn pg artista gumawa ng mali walng pake , ipagtatanggol p tpos pg wlng ginawa ang mga pulis sisihinin nila pero pg ginawa nmn daming tutol mga pinoy tlg npk one sided ng utak .",ng,FIL
19939,1238,"Lol , mga pinoy nga nmn pg artista gumawa ng mali walng pake , ipagtatanggol p tpos pg wlng ginawa ang mga pulis sisihinin nila pero pg ginawa nmn daming tutol mga pinoy tlg npk one sided ng utak .",utak,FIL
19940,1238,"Lol , mga pinoy nga nmn pg artista gumawa ng mali walng pake , ipagtatanggol p tpos pg wlng ginawa ang mga pulis sisihinin nila pero pg ginawa nmn daming tutol mga pinoy tlg npk one sided ng utak .",.,OTH
19941,1239,"Yung babae na kasabay ko sa jeep na sinakyan ko , biglang hinablot ng lalaking lubak ang mukha at pAyat eh buti nga hindi nakuha yung phone sa babae .",Yung,FIL
19942,1239,"Yung babae na kasabay ko sa jeep na sinakyan ko , biglang hinablot ng lalaking lubak ang mukha at pAyat eh buti nga hindi nakuha yung phone sa babae .",babae,FIL
19943,1239,"Yung babae na kasabay ko sa jeep na sinakyan ko , biglang hinablot ng lalaking lubak ang mukha at pAyat eh buti nga hindi nakuha yung phone sa babae .",na,FIL
19944,1239,"Yung babae na kasabay ko sa jeep na sinakyan ko , biglang hinablot ng lalaking lubak ang mukha at pAyat eh buti nga hindi nakuha yung phone sa babae .",kasabay,FIL
19945,1239,"Yung babae na kasabay ko sa jeep na sinakyan ko , biglang hinablot ng lalaking lubak ang mukha at pAyat eh buti nga hindi nakuha yung phone sa babae .",ko,FIL
19946,1239,"Yung babae na kasabay ko sa jeep na sinakyan ko , biglang hinablot ng lalaking lubak ang mukha at pAyat eh buti nga hindi nakuha yung phone sa babae .",sa,FIL
19947,1239,"Yung babae na kasabay ko sa jeep na sinakyan ko , biglang hinablot ng lalaking lubak ang mukha at pAyat eh buti nga hindi nakuha yung phone sa babae .",jeep,ENG
19948,1239,"Yung babae na kasabay ko sa jeep na sinakyan ko , biglang hinablot ng lalaking lubak ang mukha at pAyat eh buti nga hindi nakuha yung phone sa babae .",na,FIL
19949,1239,"Yung babae na kasabay ko sa jeep na sinakyan ko , biglang hinablot ng lalaking lubak ang mukha at pAyat eh buti nga hindi nakuha yung phone sa babae .",sinakyan,FIL
19950,1239,"Yung babae na kasabay ko sa jeep na sinakyan ko , biglang hinablot ng lalaking lubak ang mukha at pAyat eh buti nga hindi nakuha yung phone sa babae .",ko,FIL
19951,1239,"Yung babae na kasabay ko sa jeep na sinakyan ko , biglang hinablot ng lalaking lubak ang mukha at pAyat eh buti nga hindi nakuha yung phone sa babae .",",",OTH
19952,1239,"Yung babae na kasabay ko sa jeep na sinakyan ko , biglang hinablot ng lalaking lubak ang mukha at pAyat eh buti nga hindi nakuha yung phone sa babae .",biglang,FIL
19953,1239,"Yung babae na kasabay ko sa jeep na sinakyan ko , biglang hinablot ng lalaking lubak ang mukha at pAyat eh buti nga hindi nakuha yung phone sa babae .",hinablot,FIL
19954,1239,"Yung babae na kasabay ko sa jeep na sinakyan ko , biglang hinablot ng lalaking lubak ang mukha at pAyat eh buti nga hindi nakuha yung phone sa babae .",ng,FIL
19955,1239,"Yung babae na kasabay ko sa jeep na sinakyan ko , biglang hinablot ng lalaking lubak ang mukha at pAyat eh buti nga hindi nakuha yung phone sa babae .",lalaking,FIL
19956,1239,"Yung babae na kasabay ko sa jeep na sinakyan ko , biglang hinablot ng lalaking lubak ang mukha at pAyat eh buti nga hindi nakuha yung phone sa babae .",lubak,FIL
19957,1239,"Yung babae na kasabay ko sa jeep na sinakyan ko , biglang hinablot ng lalaking lubak ang mukha at pAyat eh buti nga hindi nakuha yung phone sa babae .",ang,FIL
19958,1239,"Yung babae na kasabay ko sa jeep na sinakyan ko , biglang hinablot ng lalaking lubak ang mukha at pAyat eh buti nga hindi nakuha yung phone sa babae .",mukha,FIL
19959,1239,"Yung babae na kasabay ko sa jeep na sinakyan ko , biglang hinablot ng lalaking lubak ang mukha at pAyat eh buti nga hindi nakuha yung phone sa babae .",at,FIL
19960,1239,"Yung babae na kasabay ko sa jeep na sinakyan ko , biglang hinablot ng lalaking lubak ang mukha at pAyat eh buti nga hindi nakuha yung phone sa babae .",pAyat,FIL
19961,1239,"Yung babae na kasabay ko sa jeep na sinakyan ko , biglang hinablot ng lalaking lubak ang mukha at pAyat eh buti nga hindi nakuha yung phone sa babae .",eh,FIL
19962,1239,"Yung babae na kasabay ko sa jeep na sinakyan ko , biglang hinablot ng lalaking lubak ang mukha at pAyat eh buti nga hindi nakuha yung phone sa babae .",buti,FIL
19963,1239,"Yung babae na kasabay ko sa jeep na sinakyan ko , biglang hinablot ng lalaking lubak ang mukha at pAyat eh buti nga hindi nakuha yung phone sa babae .",nga,FIL
19964,1239,"Yung babae na kasabay ko sa jeep na sinakyan ko , biglang hinablot ng lalaking lubak ang mukha at pAyat eh buti nga hindi nakuha yung phone sa babae .",hindi,FIL
19965,1239,"Yung babae na kasabay ko sa jeep na sinakyan ko , biglang hinablot ng lalaking lubak ang mukha at pAyat eh buti nga hindi nakuha yung phone sa babae .",nakuha,FIL
19966,1239,"Yung babae na kasabay ko sa jeep na sinakyan ko , biglang hinablot ng lalaking lubak ang mukha at pAyat eh buti nga hindi nakuha yung phone sa babae .",yung,FIL
19967,1239,"Yung babae na kasabay ko sa jeep na sinakyan ko , biglang hinablot ng lalaking lubak ang mukha at pAyat eh buti nga hindi nakuha yung phone sa babae .",phone,ENG
19968,1239,"Yung babae na kasabay ko sa jeep na sinakyan ko , biglang hinablot ng lalaking lubak ang mukha at pAyat eh buti nga hindi nakuha yung phone sa babae .",sa,FIL
19969,1239,"Yung babae na kasabay ko sa jeep na sinakyan ko , biglang hinablot ng lalaking lubak ang mukha at pAyat eh buti nga hindi nakuha yung phone sa babae .",babae,FIL
19970,1239,"Yung babae na kasabay ko sa jeep na sinakyan ko , biglang hinablot ng lalaking lubak ang mukha at pAyat eh buti nga hindi nakuha yung phone sa babae .",.,OTH
19971,1240,"follow my rant account , nahihiya na ako sa mga followers ko dito",follow,ENG
19972,1240,"follow my rant account , nahihiya na ako sa mga followers ko dito",my,ENG
19973,1240,"follow my rant account , nahihiya na ako sa mga followers ko dito",rant,ENG
19974,1240,"follow my rant account , nahihiya na ako sa mga followers ko dito",account,ENG
19975,1240,"follow my rant account , nahihiya na ako sa mga followers ko dito",",",OTH
19976,1240,"follow my rant account , nahihiya na ako sa mga followers ko dito",nahihiya,FIL
19977,1240,"follow my rant account , nahihiya na ako sa mga followers ko dito",na,FIL
19978,1240,"follow my rant account , nahihiya na ako sa mga followers ko dito",ako,FIL
19979,1240,"follow my rant account , nahihiya na ako sa mga followers ko dito",sa,FIL
19980,1240,"follow my rant account , nahihiya na ako sa mga followers ko dito",mga,FIL
19981,1240,"follow my rant account , nahihiya na ako sa mga followers ko dito",followers,ENG
19982,1240,"follow my rant account , nahihiya na ako sa mga followers ko dito",ko,FIL
19983,1240,"follow my rant account , nahihiya na ako sa mga followers ko dito",dito,FIL
19984,1242,Pwede bang mag stay nalang ako sa room ko tapos never ng lumabas ?,Pwede,FIL
19985,1242,Pwede bang mag stay nalang ako sa room ko tapos never ng lumabas ?,bang,FIL
19986,1242,Pwede bang mag stay nalang ako sa room ko tapos never ng lumabas ?,mag,FIL
19987,1242,Pwede bang mag stay nalang ako sa room ko tapos never ng lumabas ?,stay,ENG
19988,1242,Pwede bang mag stay nalang ako sa room ko tapos never ng lumabas ?,nalang,FIL
19989,1242,Pwede bang mag stay nalang ako sa room ko tapos never ng lumabas ?,ako,FIL
19990,1242,Pwede bang mag stay nalang ako sa room ko tapos never ng lumabas ?,sa,FIL
19991,1242,Pwede bang mag stay nalang ako sa room ko tapos never ng lumabas ?,room,ENG
19992,1242,Pwede bang mag stay nalang ako sa room ko tapos never ng lumabas ?,ko,FIL
19993,1242,Pwede bang mag stay nalang ako sa room ko tapos never ng lumabas ?,tapos,FIL
19994,1242,Pwede bang mag stay nalang ako sa room ko tapos never ng lumabas ?,never,ENG
19995,1242,Pwede bang mag stay nalang ako sa room ko tapos never ng lumabas ?,ng,FIL
19996,1242,Pwede bang mag stay nalang ako sa room ko tapos never ng lumabas ?,lumabas,FIL
19997,1242,Pwede bang mag stay nalang ako sa room ko tapos never ng lumabas ?,?,OTH
19998,1243,"So , do u guys prefer na manahimik na lang and let things be kahit sobra na ang mga nangyayari ?",So,ENG
19999,1243,"So , do u guys prefer na manahimik na lang and let things be kahit sobra na ang mga nangyayari ?",",",OTH
20000,1243,"So , do u guys prefer na manahimik na lang and let things be kahit sobra na ang mga nangyayari ?",do,ENG
20001,1243,"So , do u guys prefer na manahimik na lang and let things be kahit sobra na ang mga nangyayari ?",u,ENG
20002,1243,"So , do u guys prefer na manahimik na lang and let things be kahit sobra na ang mga nangyayari ?",guys,ENG
20003,1243,"So , do u guys prefer na manahimik na lang and let things be kahit sobra na ang mga nangyayari ?",prefer,ENG
20004,1243,"So , do u guys prefer na manahimik na lang and let things be kahit sobra na ang mga nangyayari ?",na,FIL
20005,1243,"So , do u guys prefer na manahimik na lang and let things be kahit sobra na ang mga nangyayari ?",manahimik,FIL
20006,1243,"So , do u guys prefer na manahimik na lang and let things be kahit sobra na ang mga nangyayari ?",na,FIL
20007,1243,"So , do u guys prefer na manahimik na lang and let things be kahit sobra na ang mga nangyayari ?",lang,FIL
20008,1243,"So , do u guys prefer na manahimik na lang and let things be kahit sobra na ang mga nangyayari ?",and,ENG
20009,1243,"So , do u guys prefer na manahimik na lang and let things be kahit sobra na ang mga nangyayari ?",let,ENG
20010,1243,"So , do u guys prefer na manahimik na lang and let things be kahit sobra na ang mga nangyayari ?",things,ENG
20011,1243,"So , do u guys prefer na manahimik na lang and let things be kahit sobra na ang mga nangyayari ?",be,ENG
20012,1243,"So , do u guys prefer na manahimik na lang and let things be kahit sobra na ang mga nangyayari ?",kahit,FIL
20013,1243,"So , do u guys prefer na manahimik na lang and let things be kahit sobra na ang mga nangyayari ?",sobra,FIL
20014,1243,"So , do u guys prefer na manahimik na lang and let things be kahit sobra na ang mga nangyayari ?",na,FIL
20015,1243,"So , do u guys prefer na manahimik na lang and let things be kahit sobra na ang mga nangyayari ?",ang,FIL
20016,1243,"So , do u guys prefer na manahimik na lang and let things be kahit sobra na ang mga nangyayari ?",mga,FIL
20017,1243,"So , do u guys prefer na manahimik na lang and let things be kahit sobra na ang mga nangyayari ?",nangyayari,FIL
20018,1243,"So , do u guys prefer na manahimik na lang and let things be kahit sobra na ang mga nangyayari ?",?,OTH
20019,1245,Ito ang sana all beh HAHAHAHA,Ito,FIL
20020,1245,Ito ang sana all beh HAHAHAHA,ang,FIL
20021,1245,Ito ang sana all beh HAHAHAHA,sana,FIL
20022,1245,Ito ang sana all beh HAHAHAHA,all,ENG
20023,1245,Ito ang sana all beh HAHAHAHA,beh,FIL
20024,1245,Ito ang sana all beh HAHAHAHA,HAHAHAHA,OTH
20025,1246,"Ayon kay Presidential Communications Undersecretary Joel Egco , isa sa mga tagapagsalita ng NTF-ELCAC , bukod sa mga national spokespersons , magkakaroon na rin sila ng tagapagsalita sa bawat rehiyon .",Ayon,FIL
20026,1246,"Ayon kay Presidential Communications Undersecretary Joel Egco , isa sa mga tagapagsalita ng NTF-ELCAC , bukod sa mga national spokespersons , magkakaroon na rin sila ng tagapagsalita sa bawat rehiyon .",kay,FIL
20027,1246,"Ayon kay Presidential Communications Undersecretary Joel Egco , isa sa mga tagapagsalita ng NTF-ELCAC , bukod sa mga national spokespersons , magkakaroon na rin sila ng tagapagsalita sa bawat rehiyon .",Presidential,ENG
20028,1246,"Ayon kay Presidential Communications Undersecretary Joel Egco , isa sa mga tagapagsalita ng NTF-ELCAC , bukod sa mga national spokespersons , magkakaroon na rin sila ng tagapagsalita sa bawat rehiyon .",Communications,ENG
20029,1246,"Ayon kay Presidential Communications Undersecretary Joel Egco , isa sa mga tagapagsalita ng NTF-ELCAC , bukod sa mga national spokespersons , magkakaroon na rin sila ng tagapagsalita sa bawat rehiyon .",Undersecretary,ENG
20030,1246,"Ayon kay Presidential Communications Undersecretary Joel Egco , isa sa mga tagapagsalita ng NTF-ELCAC , bukod sa mga national spokespersons , magkakaroon na rin sila ng tagapagsalita sa bawat rehiyon .",Joel,OTH
20031,1246,"Ayon kay Presidential Communications Undersecretary Joel Egco , isa sa mga tagapagsalita ng NTF-ELCAC , bukod sa mga national spokespersons , magkakaroon na rin sila ng tagapagsalita sa bawat rehiyon .",Egco,OTH
20032,1246,"Ayon kay Presidential Communications Undersecretary Joel Egco , isa sa mga tagapagsalita ng NTF-ELCAC , bukod sa mga national spokespersons , magkakaroon na rin sila ng tagapagsalita sa bawat rehiyon .",",",OTH
20033,1246,"Ayon kay Presidential Communications Undersecretary Joel Egco , isa sa mga tagapagsalita ng NTF-ELCAC , bukod sa mga national spokespersons , magkakaroon na rin sila ng tagapagsalita sa bawat rehiyon .",isa,FIL
20034,1246,"Ayon kay Presidential Communications Undersecretary Joel Egco , isa sa mga tagapagsalita ng NTF-ELCAC , bukod sa mga national spokespersons , magkakaroon na rin sila ng tagapagsalita sa bawat rehiyon .",sa,FIL
20035,1246,"Ayon kay Presidential Communications Undersecretary Joel Egco , isa sa mga tagapagsalita ng NTF-ELCAC , bukod sa mga national spokespersons , magkakaroon na rin sila ng tagapagsalita sa bawat rehiyon .",mga,FIL
20036,1246,"Ayon kay Presidential Communications Undersecretary Joel Egco , isa sa mga tagapagsalita ng NTF-ELCAC , bukod sa mga national spokespersons , magkakaroon na rin sila ng tagapagsalita sa bawat rehiyon .",tagapagsalita,FIL
20037,1246,"Ayon kay Presidential Communications Undersecretary Joel Egco , isa sa mga tagapagsalita ng NTF-ELCAC , bukod sa mga national spokespersons , magkakaroon na rin sila ng tagapagsalita sa bawat rehiyon .",ng,FIL
20038,1246,"Ayon kay Presidential Communications Undersecretary Joel Egco , isa sa mga tagapagsalita ng NTF-ELCAC , bukod sa mga national spokespersons , magkakaroon na rin sila ng tagapagsalita sa bawat rehiyon .",NTF-ELCAC,OTH
20039,1246,"Ayon kay Presidential Communications Undersecretary Joel Egco , isa sa mga tagapagsalita ng NTF-ELCAC , bukod sa mga national spokespersons , magkakaroon na rin sila ng tagapagsalita sa bawat rehiyon .",",",OTH
20040,1246,"Ayon kay Presidential Communications Undersecretary Joel Egco , isa sa mga tagapagsalita ng NTF-ELCAC , bukod sa mga national spokespersons , magkakaroon na rin sila ng tagapagsalita sa bawat rehiyon .",bukod,FIL
20041,1246,"Ayon kay Presidential Communications Undersecretary Joel Egco , isa sa mga tagapagsalita ng NTF-ELCAC , bukod sa mga national spokespersons , magkakaroon na rin sila ng tagapagsalita sa bawat rehiyon .",sa,FIL
20042,1246,"Ayon kay Presidential Communications Undersecretary Joel Egco , isa sa mga tagapagsalita ng NTF-ELCAC , bukod sa mga national spokespersons , magkakaroon na rin sila ng tagapagsalita sa bawat rehiyon .",mga,FIL
20043,1246,"Ayon kay Presidential Communications Undersecretary Joel Egco , isa sa mga tagapagsalita ng NTF-ELCAC , bukod sa mga national spokespersons , magkakaroon na rin sila ng tagapagsalita sa bawat rehiyon .",national,ENG
20044,1246,"Ayon kay Presidential Communications Undersecretary Joel Egco , isa sa mga tagapagsalita ng NTF-ELCAC , bukod sa mga national spokespersons , magkakaroon na rin sila ng tagapagsalita sa bawat rehiyon .",spokespersons,ENG
20045,1246,"Ayon kay Presidential Communications Undersecretary Joel Egco , isa sa mga tagapagsalita ng NTF-ELCAC , bukod sa mga national spokespersons , magkakaroon na rin sila ng tagapagsalita sa bawat rehiyon .",",",OTH
20046,1246,"Ayon kay Presidential Communications Undersecretary Joel Egco , isa sa mga tagapagsalita ng NTF-ELCAC , bukod sa mga national spokespersons , magkakaroon na rin sila ng tagapagsalita sa bawat rehiyon .",magkakaroon,FIL
20047,1246,"Ayon kay Presidential Communications Undersecretary Joel Egco , isa sa mga tagapagsalita ng NTF-ELCAC , bukod sa mga national spokespersons , magkakaroon na rin sila ng tagapagsalita sa bawat rehiyon .",na,FIL
20048,1246,"Ayon kay Presidential Communications Undersecretary Joel Egco , isa sa mga tagapagsalita ng NTF-ELCAC , bukod sa mga national spokespersons , magkakaroon na rin sila ng tagapagsalita sa bawat rehiyon .",rin,FIL
20049,1246,"Ayon kay Presidential Communications Undersecretary Joel Egco , isa sa mga tagapagsalita ng NTF-ELCAC , bukod sa mga national spokespersons , magkakaroon na rin sila ng tagapagsalita sa bawat rehiyon .",sila,FIL
20050,1246,"Ayon kay Presidential Communications Undersecretary Joel Egco , isa sa mga tagapagsalita ng NTF-ELCAC , bukod sa mga national spokespersons , magkakaroon na rin sila ng tagapagsalita sa bawat rehiyon .",ng,FIL
20051,1246,"Ayon kay Presidential Communications Undersecretary Joel Egco , isa sa mga tagapagsalita ng NTF-ELCAC , bukod sa mga national spokespersons , magkakaroon na rin sila ng tagapagsalita sa bawat rehiyon .",tagapagsalita,FIL
20052,1246,"Ayon kay Presidential Communications Undersecretary Joel Egco , isa sa mga tagapagsalita ng NTF-ELCAC , bukod sa mga national spokespersons , magkakaroon na rin sila ng tagapagsalita sa bawat rehiyon .",sa,FIL
20053,1246,"Ayon kay Presidential Communications Undersecretary Joel Egco , isa sa mga tagapagsalita ng NTF-ELCAC , bukod sa mga national spokespersons , magkakaroon na rin sila ng tagapagsalita sa bawat rehiyon .",bawat,FIL
20054,1246,"Ayon kay Presidential Communications Undersecretary Joel Egco , isa sa mga tagapagsalita ng NTF-ELCAC , bukod sa mga national spokespersons , magkakaroon na rin sila ng tagapagsalita sa bawat rehiyon .",rehiyon,FIL
20055,1246,"Ayon kay Presidential Communications Undersecretary Joel Egco , isa sa mga tagapagsalita ng NTF-ELCAC , bukod sa mga national spokespersons , magkakaroon na rin sila ng tagapagsalita sa bawat rehiyon .",.,OTH
20056,1247,Nakakakilig po kayong magkasama .,Nakakakilig,FIL
20057,1247,Nakakakilig po kayong magkasama .,po,FIL
20058,1247,Nakakakilig po kayong magkasama .,kayong,FIL
20059,1247,Nakakakilig po kayong magkasama .,magkasama,FIL
20060,1247,Nakakakilig po kayong magkasama .,.,OTH
20061,1248,Patuloy na tumatanaw ng utang na loob si Senador Ronald Bato dela Rosa kay Pangulong Rodrigo Duterte na ayon sa kanya ay siyang dahilan kung bakit siya naluklok sa kasalukuyang puwesto .,Patuloy,FIL
20062,1248,Patuloy na tumatanaw ng utang na loob si Senador Ronald Bato dela Rosa kay Pangulong Rodrigo Duterte na ayon sa kanya ay siyang dahilan kung bakit siya naluklok sa kasalukuyang puwesto .,na,FIL
20063,1248,Patuloy na tumatanaw ng utang na loob si Senador Ronald Bato dela Rosa kay Pangulong Rodrigo Duterte na ayon sa kanya ay siyang dahilan kung bakit siya naluklok sa kasalukuyang puwesto .,tumatanaw,FIL
20064,1248,Patuloy na tumatanaw ng utang na loob si Senador Ronald Bato dela Rosa kay Pangulong Rodrigo Duterte na ayon sa kanya ay siyang dahilan kung bakit siya naluklok sa kasalukuyang puwesto .,ng,FIL
20065,1248,Patuloy na tumatanaw ng utang na loob si Senador Ronald Bato dela Rosa kay Pangulong Rodrigo Duterte na ayon sa kanya ay siyang dahilan kung bakit siya naluklok sa kasalukuyang puwesto .,utang,FIL
20066,1248,Patuloy na tumatanaw ng utang na loob si Senador Ronald Bato dela Rosa kay Pangulong Rodrigo Duterte na ayon sa kanya ay siyang dahilan kung bakit siya naluklok sa kasalukuyang puwesto .,na,FIL
20067,1248,Patuloy na tumatanaw ng utang na loob si Senador Ronald Bato dela Rosa kay Pangulong Rodrigo Duterte na ayon sa kanya ay siyang dahilan kung bakit siya naluklok sa kasalukuyang puwesto .,loob,FIL
20068,1248,Patuloy na tumatanaw ng utang na loob si Senador Ronald Bato dela Rosa kay Pangulong Rodrigo Duterte na ayon sa kanya ay siyang dahilan kung bakit siya naluklok sa kasalukuyang puwesto .,si,FIL
20069,1248,Patuloy na tumatanaw ng utang na loob si Senador Ronald Bato dela Rosa kay Pangulong Rodrigo Duterte na ayon sa kanya ay siyang dahilan kung bakit siya naluklok sa kasalukuyang puwesto .,Senador,FIL
20070,1248,Patuloy na tumatanaw ng utang na loob si Senador Ronald Bato dela Rosa kay Pangulong Rodrigo Duterte na ayon sa kanya ay siyang dahilan kung bakit siya naluklok sa kasalukuyang puwesto .,Ronald,OTH
20071,1248,Patuloy na tumatanaw ng utang na loob si Senador Ronald Bato dela Rosa kay Pangulong Rodrigo Duterte na ayon sa kanya ay siyang dahilan kung bakit siya naluklok sa kasalukuyang puwesto .,Bato,OTH
20072,1248,Patuloy na tumatanaw ng utang na loob si Senador Ronald Bato dela Rosa kay Pangulong Rodrigo Duterte na ayon sa kanya ay siyang dahilan kung bakit siya naluklok sa kasalukuyang puwesto .,dela,OTH
20073,1248,Patuloy na tumatanaw ng utang na loob si Senador Ronald Bato dela Rosa kay Pangulong Rodrigo Duterte na ayon sa kanya ay siyang dahilan kung bakit siya naluklok sa kasalukuyang puwesto .,Rosa,OTH
20074,1248,Patuloy na tumatanaw ng utang na loob si Senador Ronald Bato dela Rosa kay Pangulong Rodrigo Duterte na ayon sa kanya ay siyang dahilan kung bakit siya naluklok sa kasalukuyang puwesto .,kay,FIL
20075,1248,Patuloy na tumatanaw ng utang na loob si Senador Ronald Bato dela Rosa kay Pangulong Rodrigo Duterte na ayon sa kanya ay siyang dahilan kung bakit siya naluklok sa kasalukuyang puwesto .,Pangulong,FIL
20076,1248,Patuloy na tumatanaw ng utang na loob si Senador Ronald Bato dela Rosa kay Pangulong Rodrigo Duterte na ayon sa kanya ay siyang dahilan kung bakit siya naluklok sa kasalukuyang puwesto .,Rodrigo,OTH
20077,1248,Patuloy na tumatanaw ng utang na loob si Senador Ronald Bato dela Rosa kay Pangulong Rodrigo Duterte na ayon sa kanya ay siyang dahilan kung bakit siya naluklok sa kasalukuyang puwesto .,Duterte,OTH
20078,1248,Patuloy na tumatanaw ng utang na loob si Senador Ronald Bato dela Rosa kay Pangulong Rodrigo Duterte na ayon sa kanya ay siyang dahilan kung bakit siya naluklok sa kasalukuyang puwesto .,na,FIL
20079,1248,Patuloy na tumatanaw ng utang na loob si Senador Ronald Bato dela Rosa kay Pangulong Rodrigo Duterte na ayon sa kanya ay siyang dahilan kung bakit siya naluklok sa kasalukuyang puwesto .,ayon,FIL
20080,1248,Patuloy na tumatanaw ng utang na loob si Senador Ronald Bato dela Rosa kay Pangulong Rodrigo Duterte na ayon sa kanya ay siyang dahilan kung bakit siya naluklok sa kasalukuyang puwesto .,sa,FIL
20081,1248,Patuloy na tumatanaw ng utang na loob si Senador Ronald Bato dela Rosa kay Pangulong Rodrigo Duterte na ayon sa kanya ay siyang dahilan kung bakit siya naluklok sa kasalukuyang puwesto .,kanya,FIL
20082,1248,Patuloy na tumatanaw ng utang na loob si Senador Ronald Bato dela Rosa kay Pangulong Rodrigo Duterte na ayon sa kanya ay siyang dahilan kung bakit siya naluklok sa kasalukuyang puwesto .,ay,FIL
20083,1248,Patuloy na tumatanaw ng utang na loob si Senador Ronald Bato dela Rosa kay Pangulong Rodrigo Duterte na ayon sa kanya ay siyang dahilan kung bakit siya naluklok sa kasalukuyang puwesto .,siyang,FIL
20084,1248,Patuloy na tumatanaw ng utang na loob si Senador Ronald Bato dela Rosa kay Pangulong Rodrigo Duterte na ayon sa kanya ay siyang dahilan kung bakit siya naluklok sa kasalukuyang puwesto .,dahilan,FIL
20085,1248,Patuloy na tumatanaw ng utang na loob si Senador Ronald Bato dela Rosa kay Pangulong Rodrigo Duterte na ayon sa kanya ay siyang dahilan kung bakit siya naluklok sa kasalukuyang puwesto .,kung,FIL
20086,1248,Patuloy na tumatanaw ng utang na loob si Senador Ronald Bato dela Rosa kay Pangulong Rodrigo Duterte na ayon sa kanya ay siyang dahilan kung bakit siya naluklok sa kasalukuyang puwesto .,bakit,FIL
20087,1248,Patuloy na tumatanaw ng utang na loob si Senador Ronald Bato dela Rosa kay Pangulong Rodrigo Duterte na ayon sa kanya ay siyang dahilan kung bakit siya naluklok sa kasalukuyang puwesto .,siya,FIL
20088,1248,Patuloy na tumatanaw ng utang na loob si Senador Ronald Bato dela Rosa kay Pangulong Rodrigo Duterte na ayon sa kanya ay siyang dahilan kung bakit siya naluklok sa kasalukuyang puwesto .,naluklok,FIL
20089,1248,Patuloy na tumatanaw ng utang na loob si Senador Ronald Bato dela Rosa kay Pangulong Rodrigo Duterte na ayon sa kanya ay siyang dahilan kung bakit siya naluklok sa kasalukuyang puwesto .,sa,FIL
20090,1248,Patuloy na tumatanaw ng utang na loob si Senador Ronald Bato dela Rosa kay Pangulong Rodrigo Duterte na ayon sa kanya ay siyang dahilan kung bakit siya naluklok sa kasalukuyang puwesto .,kasalukuyang,FIL
20091,1248,Patuloy na tumatanaw ng utang na loob si Senador Ronald Bato dela Rosa kay Pangulong Rodrigo Duterte na ayon sa kanya ay siyang dahilan kung bakit siya naluklok sa kasalukuyang puwesto .,puwesto,FIL
20092,1248,Patuloy na tumatanaw ng utang na loob si Senador Ronald Bato dela Rosa kay Pangulong Rodrigo Duterte na ayon sa kanya ay siyang dahilan kung bakit siya naluklok sa kasalukuyang puwesto .,.,OTH
20093,1249,Di ko na kinakaya ang mangyayari sa last episode bukas .,Di,FIL
20094,1249,Di ko na kinakaya ang mangyayari sa last episode bukas .,ko,FIL
20095,1249,Di ko na kinakaya ang mangyayari sa last episode bukas .,na,FIL
20096,1249,Di ko na kinakaya ang mangyayari sa last episode bukas .,kinakaya,FIL
20097,1249,Di ko na kinakaya ang mangyayari sa last episode bukas .,ang,FIL
20098,1249,Di ko na kinakaya ang mangyayari sa last episode bukas .,mangyayari,FIL
20099,1249,Di ko na kinakaya ang mangyayari sa last episode bukas .,sa,FIL
20100,1249,Di ko na kinakaya ang mangyayari sa last episode bukas .,last,ENG
20101,1249,Di ko na kinakaya ang mangyayari sa last episode bukas .,episode,ENG
20102,1249,Di ko na kinakaya ang mangyayari sa last episode bukas .,bukas,FIL
20103,1249,Di ko na kinakaya ang mangyayari sa last episode bukas .,.,OTH
20104,1250,Akala kasi ng cai mawawala lahat ng luho niya !,Akala,FIL
20105,1250,Akala kasi ng cai mawawala lahat ng luho niya !,kasi,FIL
20106,1250,Akala kasi ng cai mawawala lahat ng luho niya !,ng,FIL
20107,1250,Akala kasi ng cai mawawala lahat ng luho niya !,cai,OTH
20108,1250,Akala kasi ng cai mawawala lahat ng luho niya !,mawawala,FIL
20109,1250,Akala kasi ng cai mawawala lahat ng luho niya !,lahat,FIL
20110,1250,Akala kasi ng cai mawawala lahat ng luho niya !,ng,FIL
20111,1250,Akala kasi ng cai mawawala lahat ng luho niya !,luho,FIL
20112,1250,Akala kasi ng cai mawawala lahat ng luho niya !,niya,FIL
20113,1250,Akala kasi ng cai mawawala lahat ng luho niya !,!,OTH
20114,1251,Marami ang natawa sa latest vlog ng mga magulang ng Gonzaga sisters na sina Mommy Pinty at Daddy Bonoy .,Marami,FIL
20115,1251,Marami ang natawa sa latest vlog ng mga magulang ng Gonzaga sisters na sina Mommy Pinty at Daddy Bonoy .,ang,FIL
20116,1251,Marami ang natawa sa latest vlog ng mga magulang ng Gonzaga sisters na sina Mommy Pinty at Daddy Bonoy .,natawa,FIL
20117,1251,Marami ang natawa sa latest vlog ng mga magulang ng Gonzaga sisters na sina Mommy Pinty at Daddy Bonoy .,sa,FIL
20118,1251,Marami ang natawa sa latest vlog ng mga magulang ng Gonzaga sisters na sina Mommy Pinty at Daddy Bonoy .,latest,ENG
20119,1251,Marami ang natawa sa latest vlog ng mga magulang ng Gonzaga sisters na sina Mommy Pinty at Daddy Bonoy .,vlog,ENG
20120,1251,Marami ang natawa sa latest vlog ng mga magulang ng Gonzaga sisters na sina Mommy Pinty at Daddy Bonoy .,ng,FIL
20121,1251,Marami ang natawa sa latest vlog ng mga magulang ng Gonzaga sisters na sina Mommy Pinty at Daddy Bonoy .,mga,FIL
20122,1251,Marami ang natawa sa latest vlog ng mga magulang ng Gonzaga sisters na sina Mommy Pinty at Daddy Bonoy .,magulang,FIL
20123,1251,Marami ang natawa sa latest vlog ng mga magulang ng Gonzaga sisters na sina Mommy Pinty at Daddy Bonoy .,ng,FIL
20124,1251,Marami ang natawa sa latest vlog ng mga magulang ng Gonzaga sisters na sina Mommy Pinty at Daddy Bonoy .,Gonzaga,OTH
20125,1251,Marami ang natawa sa latest vlog ng mga magulang ng Gonzaga sisters na sina Mommy Pinty at Daddy Bonoy .,sisters,ENG
20126,1251,Marami ang natawa sa latest vlog ng mga magulang ng Gonzaga sisters na sina Mommy Pinty at Daddy Bonoy .,na,FIL
20127,1251,Marami ang natawa sa latest vlog ng mga magulang ng Gonzaga sisters na sina Mommy Pinty at Daddy Bonoy .,sina,FIL
20128,1251,Marami ang natawa sa latest vlog ng mga magulang ng Gonzaga sisters na sina Mommy Pinty at Daddy Bonoy .,Mommy,ENG
20129,1251,Marami ang natawa sa latest vlog ng mga magulang ng Gonzaga sisters na sina Mommy Pinty at Daddy Bonoy .,Pinty,OTH
20130,1251,Marami ang natawa sa latest vlog ng mga magulang ng Gonzaga sisters na sina Mommy Pinty at Daddy Bonoy .,at,FIL
20131,1251,Marami ang natawa sa latest vlog ng mga magulang ng Gonzaga sisters na sina Mommy Pinty at Daddy Bonoy .,Daddy,ENG
20132,1251,Marami ang natawa sa latest vlog ng mga magulang ng Gonzaga sisters na sina Mommy Pinty at Daddy Bonoy .,Bonoy,OTH
20133,1251,Marami ang natawa sa latest vlog ng mga magulang ng Gonzaga sisters na sina Mommy Pinty at Daddy Bonoy .,.,OTH
20134,1252,sakit sa balat ang init kahit naka bike na,sakit,FIL
20135,1252,sakit sa balat ang init kahit naka bike na,sa,FIL
20136,1252,sakit sa balat ang init kahit naka bike na,balat,FIL
20137,1252,sakit sa balat ang init kahit naka bike na,ang,FIL
20138,1252,sakit sa balat ang init kahit naka bike na,init,FIL
20139,1252,sakit sa balat ang init kahit naka bike na,kahit,FIL
20140,1252,sakit sa balat ang init kahit naka bike na,naka,FIL
20141,1252,sakit sa balat ang init kahit naka bike na,bike,ENG
20142,1252,sakit sa balat ang init kahit naka bike na,na,FIL
20143,1253,"Nakita ang significant decline ng vaccination sa bansa matapos ang kontrobersiyang inabot ng Dengvaxia , ayon sa lumabas na resulta ng isang pag-aaral mula University of the Philippines ( UP ) - Diliman College of Mass Communication .",Nakita,FIL
20144,1253,"Nakita ang significant decline ng vaccination sa bansa matapos ang kontrobersiyang inabot ng Dengvaxia , ayon sa lumabas na resulta ng isang pag-aaral mula University of the Philippines ( UP ) - Diliman College of Mass Communication .",ang,FIL
20145,1253,"Nakita ang significant decline ng vaccination sa bansa matapos ang kontrobersiyang inabot ng Dengvaxia , ayon sa lumabas na resulta ng isang pag-aaral mula University of the Philippines ( UP ) - Diliman College of Mass Communication .",significant,ENG
20146,1253,"Nakita ang significant decline ng vaccination sa bansa matapos ang kontrobersiyang inabot ng Dengvaxia , ayon sa lumabas na resulta ng isang pag-aaral mula University of the Philippines ( UP ) - Diliman College of Mass Communication .",decline,ENG
20147,1253,"Nakita ang significant decline ng vaccination sa bansa matapos ang kontrobersiyang inabot ng Dengvaxia , ayon sa lumabas na resulta ng isang pag-aaral mula University of the Philippines ( UP ) - Diliman College of Mass Communication .",ng,FIL
20148,1253,"Nakita ang significant decline ng vaccination sa bansa matapos ang kontrobersiyang inabot ng Dengvaxia , ayon sa lumabas na resulta ng isang pag-aaral mula University of the Philippines ( UP ) - Diliman College of Mass Communication .",vaccination,ENG
20149,1253,"Nakita ang significant decline ng vaccination sa bansa matapos ang kontrobersiyang inabot ng Dengvaxia , ayon sa lumabas na resulta ng isang pag-aaral mula University of the Philippines ( UP ) - Diliman College of Mass Communication .",sa,FIL
20150,1253,"Nakita ang significant decline ng vaccination sa bansa matapos ang kontrobersiyang inabot ng Dengvaxia , ayon sa lumabas na resulta ng isang pag-aaral mula University of the Philippines ( UP ) - Diliman College of Mass Communication .",bansa,FIL
20151,1253,"Nakita ang significant decline ng vaccination sa bansa matapos ang kontrobersiyang inabot ng Dengvaxia , ayon sa lumabas na resulta ng isang pag-aaral mula University of the Philippines ( UP ) - Diliman College of Mass Communication .",matapos,FIL
20152,1253,"Nakita ang significant decline ng vaccination sa bansa matapos ang kontrobersiyang inabot ng Dengvaxia , ayon sa lumabas na resulta ng isang pag-aaral mula University of the Philippines ( UP ) - Diliman College of Mass Communication .",ang,FIL
20153,1253,"Nakita ang significant decline ng vaccination sa bansa matapos ang kontrobersiyang inabot ng Dengvaxia , ayon sa lumabas na resulta ng isang pag-aaral mula University of the Philippines ( UP ) - Diliman College of Mass Communication .",kontrobersiyang,FIL
20154,1253,"Nakita ang significant decline ng vaccination sa bansa matapos ang kontrobersiyang inabot ng Dengvaxia , ayon sa lumabas na resulta ng isang pag-aaral mula University of the Philippines ( UP ) - Diliman College of Mass Communication .",inabot,FIL
20155,1253,"Nakita ang significant decline ng vaccination sa bansa matapos ang kontrobersiyang inabot ng Dengvaxia , ayon sa lumabas na resulta ng isang pag-aaral mula University of the Philippines ( UP ) - Diliman College of Mass Communication .",ng,FIL
20156,1253,"Nakita ang significant decline ng vaccination sa bansa matapos ang kontrobersiyang inabot ng Dengvaxia , ayon sa lumabas na resulta ng isang pag-aaral mula University of the Philippines ( UP ) - Diliman College of Mass Communication .",Dengvaxia,OTH
20157,1253,"Nakita ang significant decline ng vaccination sa bansa matapos ang kontrobersiyang inabot ng Dengvaxia , ayon sa lumabas na resulta ng isang pag-aaral mula University of the Philippines ( UP ) - Diliman College of Mass Communication .",",",OTH
20158,1253,"Nakita ang significant decline ng vaccination sa bansa matapos ang kontrobersiyang inabot ng Dengvaxia , ayon sa lumabas na resulta ng isang pag-aaral mula University of the Philippines ( UP ) - Diliman College of Mass Communication .",ayon,FIL
20159,1253,"Nakita ang significant decline ng vaccination sa bansa matapos ang kontrobersiyang inabot ng Dengvaxia , ayon sa lumabas na resulta ng isang pag-aaral mula University of the Philippines ( UP ) - Diliman College of Mass Communication .",sa,FIL
20160,1253,"Nakita ang significant decline ng vaccination sa bansa matapos ang kontrobersiyang inabot ng Dengvaxia , ayon sa lumabas na resulta ng isang pag-aaral mula University of the Philippines ( UP ) - Diliman College of Mass Communication .",lumabas,FIL
20161,1253,"Nakita ang significant decline ng vaccination sa bansa matapos ang kontrobersiyang inabot ng Dengvaxia , ayon sa lumabas na resulta ng isang pag-aaral mula University of the Philippines ( UP ) - Diliman College of Mass Communication .",na,FIL
20162,1253,"Nakita ang significant decline ng vaccination sa bansa matapos ang kontrobersiyang inabot ng Dengvaxia , ayon sa lumabas na resulta ng isang pag-aaral mula University of the Philippines ( UP ) - Diliman College of Mass Communication .",resulta,FIL
20163,1253,"Nakita ang significant decline ng vaccination sa bansa matapos ang kontrobersiyang inabot ng Dengvaxia , ayon sa lumabas na resulta ng isang pag-aaral mula University of the Philippines ( UP ) - Diliman College of Mass Communication .",ng,FIL
20164,1253,"Nakita ang significant decline ng vaccination sa bansa matapos ang kontrobersiyang inabot ng Dengvaxia , ayon sa lumabas na resulta ng isang pag-aaral mula University of the Philippines ( UP ) - Diliman College of Mass Communication .",isang,FIL
20165,1253,"Nakita ang significant decline ng vaccination sa bansa matapos ang kontrobersiyang inabot ng Dengvaxia , ayon sa lumabas na resulta ng isang pag-aaral mula University of the Philippines ( UP ) - Diliman College of Mass Communication .",pag-aaral,FIL
20166,1253,"Nakita ang significant decline ng vaccination sa bansa matapos ang kontrobersiyang inabot ng Dengvaxia , ayon sa lumabas na resulta ng isang pag-aaral mula University of the Philippines ( UP ) - Diliman College of Mass Communication .",mula,FIL
20167,1253,"Nakita ang significant decline ng vaccination sa bansa matapos ang kontrobersiyang inabot ng Dengvaxia , ayon sa lumabas na resulta ng isang pag-aaral mula University of the Philippines ( UP ) - Diliman College of Mass Communication .",University,ENG
20168,1253,"Nakita ang significant decline ng vaccination sa bansa matapos ang kontrobersiyang inabot ng Dengvaxia , ayon sa lumabas na resulta ng isang pag-aaral mula University of the Philippines ( UP ) - Diliman College of Mass Communication .",of,ENG
20169,1253,"Nakita ang significant decline ng vaccination sa bansa matapos ang kontrobersiyang inabot ng Dengvaxia , ayon sa lumabas na resulta ng isang pag-aaral mula University of the Philippines ( UP ) - Diliman College of Mass Communication .",the,ENG
20170,1253,"Nakita ang significant decline ng vaccination sa bansa matapos ang kontrobersiyang inabot ng Dengvaxia , ayon sa lumabas na resulta ng isang pag-aaral mula University of the Philippines ( UP ) - Diliman College of Mass Communication .",Philippines,OTH
20171,1253,"Nakita ang significant decline ng vaccination sa bansa matapos ang kontrobersiyang inabot ng Dengvaxia , ayon sa lumabas na resulta ng isang pag-aaral mula University of the Philippines ( UP ) - Diliman College of Mass Communication .",(,OTH
20172,1253,"Nakita ang significant decline ng vaccination sa bansa matapos ang kontrobersiyang inabot ng Dengvaxia , ayon sa lumabas na resulta ng isang pag-aaral mula University of the Philippines ( UP ) - Diliman College of Mass Communication .",UP,OTH
20173,1253,"Nakita ang significant decline ng vaccination sa bansa matapos ang kontrobersiyang inabot ng Dengvaxia , ayon sa lumabas na resulta ng isang pag-aaral mula University of the Philippines ( UP ) - Diliman College of Mass Communication .",),OTH
20174,1253,"Nakita ang significant decline ng vaccination sa bansa matapos ang kontrobersiyang inabot ng Dengvaxia , ayon sa lumabas na resulta ng isang pag-aaral mula University of the Philippines ( UP ) - Diliman College of Mass Communication .",-,OTH
20175,1253,"Nakita ang significant decline ng vaccination sa bansa matapos ang kontrobersiyang inabot ng Dengvaxia , ayon sa lumabas na resulta ng isang pag-aaral mula University of the Philippines ( UP ) - Diliman College of Mass Communication .",Diliman,OTH
20176,1253,"Nakita ang significant decline ng vaccination sa bansa matapos ang kontrobersiyang inabot ng Dengvaxia , ayon sa lumabas na resulta ng isang pag-aaral mula University of the Philippines ( UP ) - Diliman College of Mass Communication .",College,ENG
20177,1253,"Nakita ang significant decline ng vaccination sa bansa matapos ang kontrobersiyang inabot ng Dengvaxia , ayon sa lumabas na resulta ng isang pag-aaral mula University of the Philippines ( UP ) - Diliman College of Mass Communication .",of,ENG
20178,1253,"Nakita ang significant decline ng vaccination sa bansa matapos ang kontrobersiyang inabot ng Dengvaxia , ayon sa lumabas na resulta ng isang pag-aaral mula University of the Philippines ( UP ) - Diliman College of Mass Communication .",Mass,ENG
20179,1253,"Nakita ang significant decline ng vaccination sa bansa matapos ang kontrobersiyang inabot ng Dengvaxia , ayon sa lumabas na resulta ng isang pag-aaral mula University of the Philippines ( UP ) - Diliman College of Mass Communication .",Communication,ENG
20180,1253,"Nakita ang significant decline ng vaccination sa bansa matapos ang kontrobersiyang inabot ng Dengvaxia , ayon sa lumabas na resulta ng isang pag-aaral mula University of the Philippines ( UP ) - Diliman College of Mass Communication .",.,OTH
20181,1254,Ano bayan Walang Tao umuwi na kayo,Ano,FIL
20182,1254,Ano bayan Walang Tao umuwi na kayo,bayan,FIL
20183,1254,Ano bayan Walang Tao umuwi na kayo,Walang,FIL
20184,1254,Ano bayan Walang Tao umuwi na kayo,Tao,FIL
20185,1254,Ano bayan Walang Tao umuwi na kayo,umuwi,FIL
20186,1254,Ano bayan Walang Tao umuwi na kayo,na,FIL
20187,1254,Ano bayan Walang Tao umuwi na kayo,kayo,FIL
20188,1256,Auto ban na ng lance makakalaban ng bren,Auto,ENG
20189,1256,Auto ban na ng lance makakalaban ng bren,ban,ENG
20190,1256,Auto ban na ng lance makakalaban ng bren,na,FIL
20191,1256,Auto ban na ng lance makakalaban ng bren,ng,FIL
20192,1256,Auto ban na ng lance makakalaban ng bren,lance,ENG
20193,1256,Auto ban na ng lance makakalaban ng bren,makakalaban,FIL
20194,1256,Auto ban na ng lance makakalaban ng bren,ng,FIL
20195,1256,Auto ban na ng lance makakalaban ng bren,bren,OTH
20196,1257,Bat pa aq mag-aaral kung ang pangarap q lng din naman ay maging langgam,Bat,FIL
20197,1257,Bat pa aq mag-aaral kung ang pangarap q lng din naman ay maging langgam,pa,FIL
20198,1257,Bat pa aq mag-aaral kung ang pangarap q lng din naman ay maging langgam,aq,FIL
20199,1257,Bat pa aq mag-aaral kung ang pangarap q lng din naman ay maging langgam,mag-aaral,FIL
20200,1257,Bat pa aq mag-aaral kung ang pangarap q lng din naman ay maging langgam,kung,FIL
20201,1257,Bat pa aq mag-aaral kung ang pangarap q lng din naman ay maging langgam,ang,FIL
20202,1257,Bat pa aq mag-aaral kung ang pangarap q lng din naman ay maging langgam,pangarap,FIL
20203,1257,Bat pa aq mag-aaral kung ang pangarap q lng din naman ay maging langgam,q,FIL
20204,1257,Bat pa aq mag-aaral kung ang pangarap q lng din naman ay maging langgam,lng,FIL
20205,1257,Bat pa aq mag-aaral kung ang pangarap q lng din naman ay maging langgam,din,FIL
20206,1257,Bat pa aq mag-aaral kung ang pangarap q lng din naman ay maging langgam,naman,FIL
20207,1257,Bat pa aq mag-aaral kung ang pangarap q lng din naman ay maging langgam,ay,FIL
20208,1257,Bat pa aq mag-aaral kung ang pangarap q lng din naman ay maging langgam,maging,FIL
20209,1257,Bat pa aq mag-aaral kung ang pangarap q lng din naman ay maging langgam,langgam,FIL
20210,1258,"Nagbuga rin ang bulkan ng sulfur dioxide na 9 , 123 tonelada kada araw noong Abril 30 .",Nagbuga,FIL
20211,1258,"Nagbuga rin ang bulkan ng sulfur dioxide na 9 , 123 tonelada kada araw noong Abril 30 .",rin,FIL
20212,1258,"Nagbuga rin ang bulkan ng sulfur dioxide na 9 , 123 tonelada kada araw noong Abril 30 .",ang,FIL
20213,1258,"Nagbuga rin ang bulkan ng sulfur dioxide na 9 , 123 tonelada kada araw noong Abril 30 .",bulkan,FIL
20214,1258,"Nagbuga rin ang bulkan ng sulfur dioxide na 9 , 123 tonelada kada araw noong Abril 30 .",ng,FIL
20215,1258,"Nagbuga rin ang bulkan ng sulfur dioxide na 9 , 123 tonelada kada araw noong Abril 30 .",sulfur,ENG
20216,1258,"Nagbuga rin ang bulkan ng sulfur dioxide na 9 , 123 tonelada kada araw noong Abril 30 .",dioxide,ENG
20217,1258,"Nagbuga rin ang bulkan ng sulfur dioxide na 9 , 123 tonelada kada araw noong Abril 30 .",na,FIL
20218,1258,"Nagbuga rin ang bulkan ng sulfur dioxide na 9 , 123 tonelada kada araw noong Abril 30 .",9,OTH
20219,1258,"Nagbuga rin ang bulkan ng sulfur dioxide na 9 , 123 tonelada kada araw noong Abril 30 .",",",OTH
20220,1258,"Nagbuga rin ang bulkan ng sulfur dioxide na 9 , 123 tonelada kada araw noong Abril 30 .",123,OTH
20221,1258,"Nagbuga rin ang bulkan ng sulfur dioxide na 9 , 123 tonelada kada araw noong Abril 30 .",tonelada,FIL
20222,1258,"Nagbuga rin ang bulkan ng sulfur dioxide na 9 , 123 tonelada kada araw noong Abril 30 .",kada,FIL
20223,1258,"Nagbuga rin ang bulkan ng sulfur dioxide na 9 , 123 tonelada kada araw noong Abril 30 .",araw,FIL
20224,1258,"Nagbuga rin ang bulkan ng sulfur dioxide na 9 , 123 tonelada kada araw noong Abril 30 .",noong,FIL
20225,1258,"Nagbuga rin ang bulkan ng sulfur dioxide na 9 , 123 tonelada kada araw noong Abril 30 .",Abril,FIL
20226,1258,"Nagbuga rin ang bulkan ng sulfur dioxide na 9 , 123 tonelada kada araw noong Abril 30 .",30,OTH
20227,1258,"Nagbuga rin ang bulkan ng sulfur dioxide na 9 , 123 tonelada kada araw noong Abril 30 .",.,OTH
20228,1260,"Pwede naman kayong manood , pero yung hiwa-hiwalay lang at bilang ang mga tao kung hanggang ilan lang .",Pwede,FIL
20229,1260,"Pwede naman kayong manood , pero yung hiwa-hiwalay lang at bilang ang mga tao kung hanggang ilan lang .",naman,FIL
20230,1260,"Pwede naman kayong manood , pero yung hiwa-hiwalay lang at bilang ang mga tao kung hanggang ilan lang .",kayong,FIL
20231,1260,"Pwede naman kayong manood , pero yung hiwa-hiwalay lang at bilang ang mga tao kung hanggang ilan lang .",manood,FIL
20232,1260,"Pwede naman kayong manood , pero yung hiwa-hiwalay lang at bilang ang mga tao kung hanggang ilan lang .",",",OTH
20233,1260,"Pwede naman kayong manood , pero yung hiwa-hiwalay lang at bilang ang mga tao kung hanggang ilan lang .",pero,FIL
20234,1260,"Pwede naman kayong manood , pero yung hiwa-hiwalay lang at bilang ang mga tao kung hanggang ilan lang .",yung,FIL
20235,1260,"Pwede naman kayong manood , pero yung hiwa-hiwalay lang at bilang ang mga tao kung hanggang ilan lang .",hiwa-hiwalay,FIL
20236,1260,"Pwede naman kayong manood , pero yung hiwa-hiwalay lang at bilang ang mga tao kung hanggang ilan lang .",lang,FIL
20237,1260,"Pwede naman kayong manood , pero yung hiwa-hiwalay lang at bilang ang mga tao kung hanggang ilan lang .",at,FIL
20238,1260,"Pwede naman kayong manood , pero yung hiwa-hiwalay lang at bilang ang mga tao kung hanggang ilan lang .",bilang,FIL
20239,1260,"Pwede naman kayong manood , pero yung hiwa-hiwalay lang at bilang ang mga tao kung hanggang ilan lang .",ang,FIL
20240,1260,"Pwede naman kayong manood , pero yung hiwa-hiwalay lang at bilang ang mga tao kung hanggang ilan lang .",mga,FIL
20241,1260,"Pwede naman kayong manood , pero yung hiwa-hiwalay lang at bilang ang mga tao kung hanggang ilan lang .",tao,FIL
20242,1260,"Pwede naman kayong manood , pero yung hiwa-hiwalay lang at bilang ang mga tao kung hanggang ilan lang .",kung,FIL
20243,1260,"Pwede naman kayong manood , pero yung hiwa-hiwalay lang at bilang ang mga tao kung hanggang ilan lang .",hanggang,FIL
20244,1260,"Pwede naman kayong manood , pero yung hiwa-hiwalay lang at bilang ang mga tao kung hanggang ilan lang .",ilan,FIL
20245,1260,"Pwede naman kayong manood , pero yung hiwa-hiwalay lang at bilang ang mga tao kung hanggang ilan lang .",lang,FIL
20246,1260,"Pwede naman kayong manood , pero yung hiwa-hiwalay lang at bilang ang mga tao kung hanggang ilan lang .",.,OTH
20247,1261,Ilang beses ko na sinabi sa inyo na tigilan nyo kakaganyan nyo dahil ako nanaman ang nadadamay at pangalan ko .,Ilang,FIL
20248,1261,Ilang beses ko na sinabi sa inyo na tigilan nyo kakaganyan nyo dahil ako nanaman ang nadadamay at pangalan ko .,beses,FIL
20249,1261,Ilang beses ko na sinabi sa inyo na tigilan nyo kakaganyan nyo dahil ako nanaman ang nadadamay at pangalan ko .,ko,FIL
20250,1261,Ilang beses ko na sinabi sa inyo na tigilan nyo kakaganyan nyo dahil ako nanaman ang nadadamay at pangalan ko .,na,FIL
20251,1261,Ilang beses ko na sinabi sa inyo na tigilan nyo kakaganyan nyo dahil ako nanaman ang nadadamay at pangalan ko .,sinabi,FIL
20252,1261,Ilang beses ko na sinabi sa inyo na tigilan nyo kakaganyan nyo dahil ako nanaman ang nadadamay at pangalan ko .,sa,FIL
20253,1261,Ilang beses ko na sinabi sa inyo na tigilan nyo kakaganyan nyo dahil ako nanaman ang nadadamay at pangalan ko .,inyo,FIL
20254,1261,Ilang beses ko na sinabi sa inyo na tigilan nyo kakaganyan nyo dahil ako nanaman ang nadadamay at pangalan ko .,na,FIL
20255,1261,Ilang beses ko na sinabi sa inyo na tigilan nyo kakaganyan nyo dahil ako nanaman ang nadadamay at pangalan ko .,tigilan,FIL
20256,1261,Ilang beses ko na sinabi sa inyo na tigilan nyo kakaganyan nyo dahil ako nanaman ang nadadamay at pangalan ko .,nyo,FIL
20257,1261,Ilang beses ko na sinabi sa inyo na tigilan nyo kakaganyan nyo dahil ako nanaman ang nadadamay at pangalan ko .,kakaganyan,FIL
20258,1261,Ilang beses ko na sinabi sa inyo na tigilan nyo kakaganyan nyo dahil ako nanaman ang nadadamay at pangalan ko .,nyo,FIL
20259,1261,Ilang beses ko na sinabi sa inyo na tigilan nyo kakaganyan nyo dahil ako nanaman ang nadadamay at pangalan ko .,dahil,FIL
20260,1261,Ilang beses ko na sinabi sa inyo na tigilan nyo kakaganyan nyo dahil ako nanaman ang nadadamay at pangalan ko .,ako,FIL
20261,1261,Ilang beses ko na sinabi sa inyo na tigilan nyo kakaganyan nyo dahil ako nanaman ang nadadamay at pangalan ko .,nanaman,FIL
20262,1261,Ilang beses ko na sinabi sa inyo na tigilan nyo kakaganyan nyo dahil ako nanaman ang nadadamay at pangalan ko .,ang,FIL
20263,1261,Ilang beses ko na sinabi sa inyo na tigilan nyo kakaganyan nyo dahil ako nanaman ang nadadamay at pangalan ko .,nadadamay,FIL
20264,1261,Ilang beses ko na sinabi sa inyo na tigilan nyo kakaganyan nyo dahil ako nanaman ang nadadamay at pangalan ko .,at,FIL
20265,1261,Ilang beses ko na sinabi sa inyo na tigilan nyo kakaganyan nyo dahil ako nanaman ang nadadamay at pangalan ko .,pangalan,FIL
20266,1261,Ilang beses ko na sinabi sa inyo na tigilan nyo kakaganyan nyo dahil ako nanaman ang nadadamay at pangalan ko .,ko,FIL
20267,1261,Ilang beses ko na sinabi sa inyo na tigilan nyo kakaganyan nyo dahil ako nanaman ang nadadamay at pangalan ko .,.,OTH
20268,1262,Sobra ang pangloloko ng babainv iyan,Sobra,FIL
20269,1262,Sobra ang pangloloko ng babainv iyan,ang,FIL
20270,1262,Sobra ang pangloloko ng babainv iyan,pangloloko,FIL
20271,1262,Sobra ang pangloloko ng babainv iyan,ng,FIL
20272,1262,Sobra ang pangloloko ng babainv iyan,babainv,FIL
20273,1262,Sobra ang pangloloko ng babainv iyan,iyan,FIL
20274,1265,"Pinag-usapan namin kamakailan lang , sabi ko wala ka bang balak mag-adopt halimbawang na-establish ko na ang buhay natin maayos na may ipon na at puwedeng hindi na mag-trabaho .",Pinag-usapan,FIL
20275,1265,"Pinag-usapan namin kamakailan lang , sabi ko wala ka bang balak mag-adopt halimbawang na-establish ko na ang buhay natin maayos na may ipon na at puwedeng hindi na mag-trabaho .",namin,FIL
20276,1265,"Pinag-usapan namin kamakailan lang , sabi ko wala ka bang balak mag-adopt halimbawang na-establish ko na ang buhay natin maayos na may ipon na at puwedeng hindi na mag-trabaho .",kamakailan,FIL
20277,1265,"Pinag-usapan namin kamakailan lang , sabi ko wala ka bang balak mag-adopt halimbawang na-establish ko na ang buhay natin maayos na may ipon na at puwedeng hindi na mag-trabaho .",lang,FIL
20278,1265,"Pinag-usapan namin kamakailan lang , sabi ko wala ka bang balak mag-adopt halimbawang na-establish ko na ang buhay natin maayos na may ipon na at puwedeng hindi na mag-trabaho .",",",OTH
35221,2180,"ang dami ko time mag isip kung ano gagawin ko sa bday ko di nga ako sure kung aabot pa ako ng december , dahil sa lifestyle ko",ang,FIL
35222,2180,"ang dami ko time mag isip kung ano gagawin ko sa bday ko di nga ako sure kung aabot pa ako ng december , dahil sa lifestyle ko",dami,FIL
35223,2180,"ang dami ko time mag isip kung ano gagawin ko sa bday ko di nga ako sure kung aabot pa ako ng december , dahil sa lifestyle ko",ko,FIL
35224,2180,"ang dami ko time mag isip kung ano gagawin ko sa bday ko di nga ako sure kung aabot pa ako ng december , dahil sa lifestyle ko",time,ENG
35225,2180,"ang dami ko time mag isip kung ano gagawin ko sa bday ko di nga ako sure kung aabot pa ako ng december , dahil sa lifestyle ko",mag,FIL
35226,2180,"ang dami ko time mag isip kung ano gagawin ko sa bday ko di nga ako sure kung aabot pa ako ng december , dahil sa lifestyle ko",isip,FIL
35227,2180,"ang dami ko time mag isip kung ano gagawin ko sa bday ko di nga ako sure kung aabot pa ako ng december , dahil sa lifestyle ko",kung,FIL
35228,2180,"ang dami ko time mag isip kung ano gagawin ko sa bday ko di nga ako sure kung aabot pa ako ng december , dahil sa lifestyle ko",ano,FIL
35229,2180,"ang dami ko time mag isip kung ano gagawin ko sa bday ko di nga ako sure kung aabot pa ako ng december , dahil sa lifestyle ko",gagawin,FIL
35230,2180,"ang dami ko time mag isip kung ano gagawin ko sa bday ko di nga ako sure kung aabot pa ako ng december , dahil sa lifestyle ko",ko,FIL
35231,2180,"ang dami ko time mag isip kung ano gagawin ko sa bday ko di nga ako sure kung aabot pa ako ng december , dahil sa lifestyle ko",sa,FIL
35232,2180,"ang dami ko time mag isip kung ano gagawin ko sa bday ko di nga ako sure kung aabot pa ako ng december , dahil sa lifestyle ko",bday,OTH
35233,2180,"ang dami ko time mag isip kung ano gagawin ko sa bday ko di nga ako sure kung aabot pa ako ng december , dahil sa lifestyle ko",ko,FIL
35234,2180,"ang dami ko time mag isip kung ano gagawin ko sa bday ko di nga ako sure kung aabot pa ako ng december , dahil sa lifestyle ko",di,FIL
35235,2180,"ang dami ko time mag isip kung ano gagawin ko sa bday ko di nga ako sure kung aabot pa ako ng december , dahil sa lifestyle ko",nga,FIL
35236,2180,"ang dami ko time mag isip kung ano gagawin ko sa bday ko di nga ako sure kung aabot pa ako ng december , dahil sa lifestyle ko",ako,FIL
35237,2180,"ang dami ko time mag isip kung ano gagawin ko sa bday ko di nga ako sure kung aabot pa ako ng december , dahil sa lifestyle ko",sure,ENG
35238,2180,"ang dami ko time mag isip kung ano gagawin ko sa bday ko di nga ako sure kung aabot pa ako ng december , dahil sa lifestyle ko",kung,FIL
35239,2180,"ang dami ko time mag isip kung ano gagawin ko sa bday ko di nga ako sure kung aabot pa ako ng december , dahil sa lifestyle ko",aabot,FIL
35240,2180,"ang dami ko time mag isip kung ano gagawin ko sa bday ko di nga ako sure kung aabot pa ako ng december , dahil sa lifestyle ko",pa,FIL
35241,2180,"ang dami ko time mag isip kung ano gagawin ko sa bday ko di nga ako sure kung aabot pa ako ng december , dahil sa lifestyle ko",ako,FIL
35242,2180,"ang dami ko time mag isip kung ano gagawin ko sa bday ko di nga ako sure kung aabot pa ako ng december , dahil sa lifestyle ko",ng,FIL
35243,2180,"ang dami ko time mag isip kung ano gagawin ko sa bday ko di nga ako sure kung aabot pa ako ng december , dahil sa lifestyle ko",december,ENG
35244,2180,"ang dami ko time mag isip kung ano gagawin ko sa bday ko di nga ako sure kung aabot pa ako ng december , dahil sa lifestyle ko",",",OTH
35245,2180,"ang dami ko time mag isip kung ano gagawin ko sa bday ko di nga ako sure kung aabot pa ako ng december , dahil sa lifestyle ko",dahil,FIL
35246,2180,"ang dami ko time mag isip kung ano gagawin ko sa bday ko di nga ako sure kung aabot pa ako ng december , dahil sa lifestyle ko",sa,FIL
35247,2180,"ang dami ko time mag isip kung ano gagawin ko sa bday ko di nga ako sure kung aabot pa ako ng december , dahil sa lifestyle ko",lifestyle,ENG
35248,2180,"ang dami ko time mag isip kung ano gagawin ko sa bday ko di nga ako sure kung aabot pa ako ng december , dahil sa lifestyle ko",ko,FIL
35249,2181,"Sabi ng ilan , iyon daw mga taong nagpako sa Panginoong Jesus sa krus .",Sabi,FIL
35250,2181,"Sabi ng ilan , iyon daw mga taong nagpako sa Panginoong Jesus sa krus .",ng,FIL
35251,2181,"Sabi ng ilan , iyon daw mga taong nagpako sa Panginoong Jesus sa krus .",ilan,FIL
35252,2181,"Sabi ng ilan , iyon daw mga taong nagpako sa Panginoong Jesus sa krus .",",",OTH
35253,2181,"Sabi ng ilan , iyon daw mga taong nagpako sa Panginoong Jesus sa krus .",iyon,FIL
35254,2181,"Sabi ng ilan , iyon daw mga taong nagpako sa Panginoong Jesus sa krus .",daw,FIL
35255,2181,"Sabi ng ilan , iyon daw mga taong nagpako sa Panginoong Jesus sa krus .",mga,FIL
35256,2181,"Sabi ng ilan , iyon daw mga taong nagpako sa Panginoong Jesus sa krus .",taong,FIL
35257,2181,"Sabi ng ilan , iyon daw mga taong nagpako sa Panginoong Jesus sa krus .",nagpako,FIL
35258,2181,"Sabi ng ilan , iyon daw mga taong nagpako sa Panginoong Jesus sa krus .",sa,FIL
35259,2181,"Sabi ng ilan , iyon daw mga taong nagpako sa Panginoong Jesus sa krus .",Panginoong,FIL
35260,2181,"Sabi ng ilan , iyon daw mga taong nagpako sa Panginoong Jesus sa krus .",Jesus,OTH
35261,2181,"Sabi ng ilan , iyon daw mga taong nagpako sa Panginoong Jesus sa krus .",sa,FIL
35262,2181,"Sabi ng ilan , iyon daw mga taong nagpako sa Panginoong Jesus sa krus .",krus,FIL
35263,2181,"Sabi ng ilan , iyon daw mga taong nagpako sa Panginoong Jesus sa krus .",.,OTH
35264,2182,Pati mga bugok na DDS nalilito,Pati,FIL
35265,2182,Pati mga bugok na DDS nalilito,mga,FIL
35266,2182,Pati mga bugok na DDS nalilito,bugok,FIL
35267,2182,Pati mga bugok na DDS nalilito,na,FIL
35268,2182,Pati mga bugok na DDS nalilito,DDS,OTH
35269,2182,Pati mga bugok na DDS nalilito,nalilito,FIL
35270,2183,hindi ba bumababa dugo mo pag naliligo sa gabi,hindi,FIL
35271,2183,hindi ba bumababa dugo mo pag naliligo sa gabi,ba,FIL
35272,2183,hindi ba bumababa dugo mo pag naliligo sa gabi,bumababa,FIL
35273,2183,hindi ba bumababa dugo mo pag naliligo sa gabi,dugo,FIL
35274,2183,hindi ba bumababa dugo mo pag naliligo sa gabi,mo,FIL
35275,2183,hindi ba bumababa dugo mo pag naliligo sa gabi,pag,FIL
35276,2183,hindi ba bumababa dugo mo pag naliligo sa gabi,naliligo,FIL
35277,2183,hindi ba bumababa dugo mo pag naliligo sa gabi,sa,FIL
35278,2183,hindi ba bumababa dugo mo pag naliligo sa gabi,gabi,FIL
35279,2184,Kaya ba ng mga kasabihang ito na gawing tiwali ang mga tao ?,Kaya,FIL
35280,2184,Kaya ba ng mga kasabihang ito na gawing tiwali ang mga tao ?,ba,FIL
35281,2184,Kaya ba ng mga kasabihang ito na gawing tiwali ang mga tao ?,ng,FIL
35282,2184,Kaya ba ng mga kasabihang ito na gawing tiwali ang mga tao ?,mga,FIL
35283,2184,Kaya ba ng mga kasabihang ito na gawing tiwali ang mga tao ?,kasabihang,FIL
35284,2184,Kaya ba ng mga kasabihang ito na gawing tiwali ang mga tao ?,ito,FIL
35285,2184,Kaya ba ng mga kasabihang ito na gawing tiwali ang mga tao ?,na,FIL
35286,2184,Kaya ba ng mga kasabihang ito na gawing tiwali ang mga tao ?,gawing,FIL
35287,2184,Kaya ba ng mga kasabihang ito na gawing tiwali ang mga tao ?,tiwali,FIL
35288,2184,Kaya ba ng mga kasabihang ito na gawing tiwali ang mga tao ?,ang,FIL
35289,2184,Kaya ba ng mga kasabihang ito na gawing tiwali ang mga tao ?,mga,FIL
35290,2184,Kaya ba ng mga kasabihang ito na gawing tiwali ang mga tao ?,tao,FIL
35291,2184,Kaya ba ng mga kasabihang ito na gawing tiwali ang mga tao ?,?,OTH
35292,2185,Nakipag sabayan sa puyatan kay Lhea seguro kakagising lng nya ngayon pra si Gwen matutulog ng 3am pinaka maaga tulog ni Gwen 4 o'clock bro tapos magigising sya mga 2pm maaga na ang 1pm na gising nya,Nakipag,FIL
35293,2185,Nakipag sabayan sa puyatan kay Lhea seguro kakagising lng nya ngayon pra si Gwen matutulog ng 3am pinaka maaga tulog ni Gwen 4 o'clock bro tapos magigising sya mga 2pm maaga na ang 1pm na gising nya,sabayan,FIL
35294,2185,Nakipag sabayan sa puyatan kay Lhea seguro kakagising lng nya ngayon pra si Gwen matutulog ng 3am pinaka maaga tulog ni Gwen 4 o'clock bro tapos magigising sya mga 2pm maaga na ang 1pm na gising nya,sa,FIL
35295,2185,Nakipag sabayan sa puyatan kay Lhea seguro kakagising lng nya ngayon pra si Gwen matutulog ng 3am pinaka maaga tulog ni Gwen 4 o'clock bro tapos magigising sya mga 2pm maaga na ang 1pm na gising nya,puyatan,FIL
35296,2185,Nakipag sabayan sa puyatan kay Lhea seguro kakagising lng nya ngayon pra si Gwen matutulog ng 3am pinaka maaga tulog ni Gwen 4 o'clock bro tapos magigising sya mga 2pm maaga na ang 1pm na gising nya,kay,FIL
35297,2185,Nakipag sabayan sa puyatan kay Lhea seguro kakagising lng nya ngayon pra si Gwen matutulog ng 3am pinaka maaga tulog ni Gwen 4 o'clock bro tapos magigising sya mga 2pm maaga na ang 1pm na gising nya,Lhea,OTH
35298,2185,Nakipag sabayan sa puyatan kay Lhea seguro kakagising lng nya ngayon pra si Gwen matutulog ng 3am pinaka maaga tulog ni Gwen 4 o'clock bro tapos magigising sya mga 2pm maaga na ang 1pm na gising nya,seguro,FIL
35299,2185,Nakipag sabayan sa puyatan kay Lhea seguro kakagising lng nya ngayon pra si Gwen matutulog ng 3am pinaka maaga tulog ni Gwen 4 o'clock bro tapos magigising sya mga 2pm maaga na ang 1pm na gising nya,kakagising,FIL
35300,2185,Nakipag sabayan sa puyatan kay Lhea seguro kakagising lng nya ngayon pra si Gwen matutulog ng 3am pinaka maaga tulog ni Gwen 4 o'clock bro tapos magigising sya mga 2pm maaga na ang 1pm na gising nya,lng,FIL
35301,2185,Nakipag sabayan sa puyatan kay Lhea seguro kakagising lng nya ngayon pra si Gwen matutulog ng 3am pinaka maaga tulog ni Gwen 4 o'clock bro tapos magigising sya mga 2pm maaga na ang 1pm na gising nya,nya,FIL
35302,2185,Nakipag sabayan sa puyatan kay Lhea seguro kakagising lng nya ngayon pra si Gwen matutulog ng 3am pinaka maaga tulog ni Gwen 4 o'clock bro tapos magigising sya mga 2pm maaga na ang 1pm na gising nya,ngayon,FIL
35303,2185,Nakipag sabayan sa puyatan kay Lhea seguro kakagising lng nya ngayon pra si Gwen matutulog ng 3am pinaka maaga tulog ni Gwen 4 o'clock bro tapos magigising sya mga 2pm maaga na ang 1pm na gising nya,pra,FIL
35304,2185,Nakipag sabayan sa puyatan kay Lhea seguro kakagising lng nya ngayon pra si Gwen matutulog ng 3am pinaka maaga tulog ni Gwen 4 o'clock bro tapos magigising sya mga 2pm maaga na ang 1pm na gising nya,si,FIL
35305,2185,Nakipag sabayan sa puyatan kay Lhea seguro kakagising lng nya ngayon pra si Gwen matutulog ng 3am pinaka maaga tulog ni Gwen 4 o'clock bro tapos magigising sya mga 2pm maaga na ang 1pm na gising nya,Gwen,OTH
35306,2185,Nakipag sabayan sa puyatan kay Lhea seguro kakagising lng nya ngayon pra si Gwen matutulog ng 3am pinaka maaga tulog ni Gwen 4 o'clock bro tapos magigising sya mga 2pm maaga na ang 1pm na gising nya,matutulog,FIL
35307,2185,Nakipag sabayan sa puyatan kay Lhea seguro kakagising lng nya ngayon pra si Gwen matutulog ng 3am pinaka maaga tulog ni Gwen 4 o'clock bro tapos magigising sya mga 2pm maaga na ang 1pm na gising nya,ng,FIL
35308,2185,Nakipag sabayan sa puyatan kay Lhea seguro kakagising lng nya ngayon pra si Gwen matutulog ng 3am pinaka maaga tulog ni Gwen 4 o'clock bro tapos magigising sya mga 2pm maaga na ang 1pm na gising nya,3am,OTH
35309,2185,Nakipag sabayan sa puyatan kay Lhea seguro kakagising lng nya ngayon pra si Gwen matutulog ng 3am pinaka maaga tulog ni Gwen 4 o'clock bro tapos magigising sya mga 2pm maaga na ang 1pm na gising nya,pinaka,FIL
35310,2185,Nakipag sabayan sa puyatan kay Lhea seguro kakagising lng nya ngayon pra si Gwen matutulog ng 3am pinaka maaga tulog ni Gwen 4 o'clock bro tapos magigising sya mga 2pm maaga na ang 1pm na gising nya,maaga,FIL
35311,2185,Nakipag sabayan sa puyatan kay Lhea seguro kakagising lng nya ngayon pra si Gwen matutulog ng 3am pinaka maaga tulog ni Gwen 4 o'clock bro tapos magigising sya mga 2pm maaga na ang 1pm na gising nya,tulog,FIL
35312,2185,Nakipag sabayan sa puyatan kay Lhea seguro kakagising lng nya ngayon pra si Gwen matutulog ng 3am pinaka maaga tulog ni Gwen 4 o'clock bro tapos magigising sya mga 2pm maaga na ang 1pm na gising nya,ni,FIL
35313,2185,Nakipag sabayan sa puyatan kay Lhea seguro kakagising lng nya ngayon pra si Gwen matutulog ng 3am pinaka maaga tulog ni Gwen 4 o'clock bro tapos magigising sya mga 2pm maaga na ang 1pm na gising nya,Gwen,OTH
35314,2185,Nakipag sabayan sa puyatan kay Lhea seguro kakagising lng nya ngayon pra si Gwen matutulog ng 3am pinaka maaga tulog ni Gwen 4 o'clock bro tapos magigising sya mga 2pm maaga na ang 1pm na gising nya,4,OTH
35315,2185,Nakipag sabayan sa puyatan kay Lhea seguro kakagising lng nya ngayon pra si Gwen matutulog ng 3am pinaka maaga tulog ni Gwen 4 o'clock bro tapos magigising sya mga 2pm maaga na ang 1pm na gising nya,o'clock,ENG
35316,2185,Nakipag sabayan sa puyatan kay Lhea seguro kakagising lng nya ngayon pra si Gwen matutulog ng 3am pinaka maaga tulog ni Gwen 4 o'clock bro tapos magigising sya mga 2pm maaga na ang 1pm na gising nya,bro,ENG
35317,2185,Nakipag sabayan sa puyatan kay Lhea seguro kakagising lng nya ngayon pra si Gwen matutulog ng 3am pinaka maaga tulog ni Gwen 4 o'clock bro tapos magigising sya mga 2pm maaga na ang 1pm na gising nya,tapos,FIL
35318,2185,Nakipag sabayan sa puyatan kay Lhea seguro kakagising lng nya ngayon pra si Gwen matutulog ng 3am pinaka maaga tulog ni Gwen 4 o'clock bro tapos magigising sya mga 2pm maaga na ang 1pm na gising nya,magigising,FIL
35319,2185,Nakipag sabayan sa puyatan kay Lhea seguro kakagising lng nya ngayon pra si Gwen matutulog ng 3am pinaka maaga tulog ni Gwen 4 o'clock bro tapos magigising sya mga 2pm maaga na ang 1pm na gising nya,sya,FIL
35320,2185,Nakipag sabayan sa puyatan kay Lhea seguro kakagising lng nya ngayon pra si Gwen matutulog ng 3am pinaka maaga tulog ni Gwen 4 o'clock bro tapos magigising sya mga 2pm maaga na ang 1pm na gising nya,mga,FIL
35321,2185,Nakipag sabayan sa puyatan kay Lhea seguro kakagising lng nya ngayon pra si Gwen matutulog ng 3am pinaka maaga tulog ni Gwen 4 o'clock bro tapos magigising sya mga 2pm maaga na ang 1pm na gising nya,2pm,OTH
35322,2185,Nakipag sabayan sa puyatan kay Lhea seguro kakagising lng nya ngayon pra si Gwen matutulog ng 3am pinaka maaga tulog ni Gwen 4 o'clock bro tapos magigising sya mga 2pm maaga na ang 1pm na gising nya,maaga,FIL
35323,2185,Nakipag sabayan sa puyatan kay Lhea seguro kakagising lng nya ngayon pra si Gwen matutulog ng 3am pinaka maaga tulog ni Gwen 4 o'clock bro tapos magigising sya mga 2pm maaga na ang 1pm na gising nya,na,FIL
35324,2185,Nakipag sabayan sa puyatan kay Lhea seguro kakagising lng nya ngayon pra si Gwen matutulog ng 3am pinaka maaga tulog ni Gwen 4 o'clock bro tapos magigising sya mga 2pm maaga na ang 1pm na gising nya,ang,FIL
35325,2185,Nakipag sabayan sa puyatan kay Lhea seguro kakagising lng nya ngayon pra si Gwen matutulog ng 3am pinaka maaga tulog ni Gwen 4 o'clock bro tapos magigising sya mga 2pm maaga na ang 1pm na gising nya,1pm,OTH
35326,2185,Nakipag sabayan sa puyatan kay Lhea seguro kakagising lng nya ngayon pra si Gwen matutulog ng 3am pinaka maaga tulog ni Gwen 4 o'clock bro tapos magigising sya mga 2pm maaga na ang 1pm na gising nya,na,FIL
35327,2185,Nakipag sabayan sa puyatan kay Lhea seguro kakagising lng nya ngayon pra si Gwen matutulog ng 3am pinaka maaga tulog ni Gwen 4 o'clock bro tapos magigising sya mga 2pm maaga na ang 1pm na gising nya,gising,FIL
35328,2185,Nakipag sabayan sa puyatan kay Lhea seguro kakagising lng nya ngayon pra si Gwen matutulog ng 3am pinaka maaga tulog ni Gwen 4 o'clock bro tapos magigising sya mga 2pm maaga na ang 1pm na gising nya,nya,FIL
35329,2186,"Ramdam ko k po ang pasko # alexg , ang paboritong panghada ko po ay pansit at biko sana matikman ulit ang ham .",Ramdam,FIL
35330,2186,"Ramdam ko k po ang pasko # alexg , ang paboritong panghada ko po ay pansit at biko sana matikman ulit ang ham .",ko,FIL
35331,2186,"Ramdam ko k po ang pasko # alexg , ang paboritong panghada ko po ay pansit at biko sana matikman ulit ang ham .",k,OTH
35332,2186,"Ramdam ko k po ang pasko # alexg , ang paboritong panghada ko po ay pansit at biko sana matikman ulit ang ham .",po,FIL
35333,2186,"Ramdam ko k po ang pasko # alexg , ang paboritong panghada ko po ay pansit at biko sana matikman ulit ang ham .",ang,FIL
35334,2186,"Ramdam ko k po ang pasko # alexg , ang paboritong panghada ko po ay pansit at biko sana matikman ulit ang ham .",pasko,FIL
35335,2186,"Ramdam ko k po ang pasko # alexg , ang paboritong panghada ko po ay pansit at biko sana matikman ulit ang ham .",#,OTH
35336,2186,"Ramdam ko k po ang pasko # alexg , ang paboritong panghada ko po ay pansit at biko sana matikman ulit ang ham .",alexg,OTH
35337,2186,"Ramdam ko k po ang pasko # alexg , ang paboritong panghada ko po ay pansit at biko sana matikman ulit ang ham .",",",OTH
35338,2186,"Ramdam ko k po ang pasko # alexg , ang paboritong panghada ko po ay pansit at biko sana matikman ulit ang ham .",ang,FIL
35339,2186,"Ramdam ko k po ang pasko # alexg , ang paboritong panghada ko po ay pansit at biko sana matikman ulit ang ham .",paboritong,FIL
35340,2186,"Ramdam ko k po ang pasko # alexg , ang paboritong panghada ko po ay pansit at biko sana matikman ulit ang ham .",panghada,FIL
35341,2186,"Ramdam ko k po ang pasko # alexg , ang paboritong panghada ko po ay pansit at biko sana matikman ulit ang ham .",ko,FIL
35342,2186,"Ramdam ko k po ang pasko # alexg , ang paboritong panghada ko po ay pansit at biko sana matikman ulit ang ham .",po,FIL
35343,2186,"Ramdam ko k po ang pasko # alexg , ang paboritong panghada ko po ay pansit at biko sana matikman ulit ang ham .",ay,FIL
35344,2186,"Ramdam ko k po ang pasko # alexg , ang paboritong panghada ko po ay pansit at biko sana matikman ulit ang ham .",pansit,FIL
35345,2186,"Ramdam ko k po ang pasko # alexg , ang paboritong panghada ko po ay pansit at biko sana matikman ulit ang ham .",at,FIL
35346,2186,"Ramdam ko k po ang pasko # alexg , ang paboritong panghada ko po ay pansit at biko sana matikman ulit ang ham .",biko,FIL
35347,2186,"Ramdam ko k po ang pasko # alexg , ang paboritong panghada ko po ay pansit at biko sana matikman ulit ang ham .",sana,FIL
35348,2186,"Ramdam ko k po ang pasko # alexg , ang paboritong panghada ko po ay pansit at biko sana matikman ulit ang ham .",matikman,FIL
35349,2186,"Ramdam ko k po ang pasko # alexg , ang paboritong panghada ko po ay pansit at biko sana matikman ulit ang ham .",ulit,FIL
35350,2186,"Ramdam ko k po ang pasko # alexg , ang paboritong panghada ko po ay pansit at biko sana matikman ulit ang ham .",ang,FIL
35351,2186,"Ramdam ko k po ang pasko # alexg , ang paboritong panghada ko po ay pansit at biko sana matikman ulit ang ham .",ham,ENG
35352,2186,"Ramdam ko k po ang pasko # alexg , ang paboritong panghada ko po ay pansit at biko sana matikman ulit ang ham .",.,OTH
35353,2187,"Proactive din naman ako sa kalusugan ko , kaya nga umiinom ako ng gatas at vitamin C . At 'yun na nga na-curios ako sa yellow soft gel na ito .",Proactive,ENG
35354,2187,"Proactive din naman ako sa kalusugan ko , kaya nga umiinom ako ng gatas at vitamin C . At 'yun na nga na-curios ako sa yellow soft gel na ito .",din,FIL
35355,2187,"Proactive din naman ako sa kalusugan ko , kaya nga umiinom ako ng gatas at vitamin C . At 'yun na nga na-curios ako sa yellow soft gel na ito .",naman,FIL
35356,2187,"Proactive din naman ako sa kalusugan ko , kaya nga umiinom ako ng gatas at vitamin C . At 'yun na nga na-curios ako sa yellow soft gel na ito .",ako,FIL
35357,2187,"Proactive din naman ako sa kalusugan ko , kaya nga umiinom ako ng gatas at vitamin C . At 'yun na nga na-curios ako sa yellow soft gel na ito .",sa,FIL
35358,2187,"Proactive din naman ako sa kalusugan ko , kaya nga umiinom ako ng gatas at vitamin C . At 'yun na nga na-curios ako sa yellow soft gel na ito .",kalusugan,FIL
35359,2187,"Proactive din naman ako sa kalusugan ko , kaya nga umiinom ako ng gatas at vitamin C . At 'yun na nga na-curios ako sa yellow soft gel na ito .",ko,FIL
35360,2187,"Proactive din naman ako sa kalusugan ko , kaya nga umiinom ako ng gatas at vitamin C . At 'yun na nga na-curios ako sa yellow soft gel na ito .",",",OTH
35361,2187,"Proactive din naman ako sa kalusugan ko , kaya nga umiinom ako ng gatas at vitamin C . At 'yun na nga na-curios ako sa yellow soft gel na ito .",kaya,FIL
35362,2187,"Proactive din naman ako sa kalusugan ko , kaya nga umiinom ako ng gatas at vitamin C . At 'yun na nga na-curios ako sa yellow soft gel na ito .",nga,FIL
35363,2187,"Proactive din naman ako sa kalusugan ko , kaya nga umiinom ako ng gatas at vitamin C . At 'yun na nga na-curios ako sa yellow soft gel na ito .",umiinom,FIL
35364,2187,"Proactive din naman ako sa kalusugan ko , kaya nga umiinom ako ng gatas at vitamin C . At 'yun na nga na-curios ako sa yellow soft gel na ito .",ako,FIL
35365,2187,"Proactive din naman ako sa kalusugan ko , kaya nga umiinom ako ng gatas at vitamin C . At 'yun na nga na-curios ako sa yellow soft gel na ito .",ng,FIL
35366,2187,"Proactive din naman ako sa kalusugan ko , kaya nga umiinom ako ng gatas at vitamin C . At 'yun na nga na-curios ako sa yellow soft gel na ito .",gatas,FIL
35367,2187,"Proactive din naman ako sa kalusugan ko , kaya nga umiinom ako ng gatas at vitamin C . At 'yun na nga na-curios ako sa yellow soft gel na ito .",at,FIL
35368,2187,"Proactive din naman ako sa kalusugan ko , kaya nga umiinom ako ng gatas at vitamin C . At 'yun na nga na-curios ako sa yellow soft gel na ito .",vitamin,ENG
35369,2187,"Proactive din naman ako sa kalusugan ko , kaya nga umiinom ako ng gatas at vitamin C . At 'yun na nga na-curios ako sa yellow soft gel na ito .",C,OTH
35370,2187,"Proactive din naman ako sa kalusugan ko , kaya nga umiinom ako ng gatas at vitamin C . At 'yun na nga na-curios ako sa yellow soft gel na ito .",.,OTH
35371,2187,"Proactive din naman ako sa kalusugan ko , kaya nga umiinom ako ng gatas at vitamin C . At 'yun na nga na-curios ako sa yellow soft gel na ito .",At,FIL
35372,2187,"Proactive din naman ako sa kalusugan ko , kaya nga umiinom ako ng gatas at vitamin C . At 'yun na nga na-curios ako sa yellow soft gel na ito .",'yun,FIL
35373,2187,"Proactive din naman ako sa kalusugan ko , kaya nga umiinom ako ng gatas at vitamin C . At 'yun na nga na-curios ako sa yellow soft gel na ito .",na,FIL
35374,2187,"Proactive din naman ako sa kalusugan ko , kaya nga umiinom ako ng gatas at vitamin C . At 'yun na nga na-curios ako sa yellow soft gel na ito .",nga,FIL
35375,2187,"Proactive din naman ako sa kalusugan ko , kaya nga umiinom ako ng gatas at vitamin C . At 'yun na nga na-curios ako sa yellow soft gel na ito .",na-curios,CS
35376,2187,"Proactive din naman ako sa kalusugan ko , kaya nga umiinom ako ng gatas at vitamin C . At 'yun na nga na-curios ako sa yellow soft gel na ito .",ako,FIL
35377,2187,"Proactive din naman ako sa kalusugan ko , kaya nga umiinom ako ng gatas at vitamin C . At 'yun na nga na-curios ako sa yellow soft gel na ito .",sa,FIL
35378,2187,"Proactive din naman ako sa kalusugan ko , kaya nga umiinom ako ng gatas at vitamin C . At 'yun na nga na-curios ako sa yellow soft gel na ito .",yellow,ENG
35379,2187,"Proactive din naman ako sa kalusugan ko , kaya nga umiinom ako ng gatas at vitamin C . At 'yun na nga na-curios ako sa yellow soft gel na ito .",soft,ENG
35380,2187,"Proactive din naman ako sa kalusugan ko , kaya nga umiinom ako ng gatas at vitamin C . At 'yun na nga na-curios ako sa yellow soft gel na ito .",gel,ENG
35381,2187,"Proactive din naman ako sa kalusugan ko , kaya nga umiinom ako ng gatas at vitamin C . At 'yun na nga na-curios ako sa yellow soft gel na ito .",na,FIL
35382,2187,"Proactive din naman ako sa kalusugan ko , kaya nga umiinom ako ng gatas at vitamin C . At 'yun na nga na-curios ako sa yellow soft gel na ito .",ito,FIL
35383,2187,"Proactive din naman ako sa kalusugan ko , kaya nga umiinom ako ng gatas at vitamin C . At 'yun na nga na-curios ako sa yellow soft gel na ito .",.,OTH
35384,2188,"Pangungunahan ng PNP ang law enforcement operations , gaya ng pag-iimbestiga at pag-alalay sa Comelec sa mga kasong may kinalaman sa eleksiyon .",Pangungunahan,FIL
35385,2188,"Pangungunahan ng PNP ang law enforcement operations , gaya ng pag-iimbestiga at pag-alalay sa Comelec sa mga kasong may kinalaman sa eleksiyon .",ng,FIL
35386,2188,"Pangungunahan ng PNP ang law enforcement operations , gaya ng pag-iimbestiga at pag-alalay sa Comelec sa mga kasong may kinalaman sa eleksiyon .",PNP,OTH
35387,2188,"Pangungunahan ng PNP ang law enforcement operations , gaya ng pag-iimbestiga at pag-alalay sa Comelec sa mga kasong may kinalaman sa eleksiyon .",ang,FIL
35388,2188,"Pangungunahan ng PNP ang law enforcement operations , gaya ng pag-iimbestiga at pag-alalay sa Comelec sa mga kasong may kinalaman sa eleksiyon .",law,ENG
35389,2188,"Pangungunahan ng PNP ang law enforcement operations , gaya ng pag-iimbestiga at pag-alalay sa Comelec sa mga kasong may kinalaman sa eleksiyon .",enforcement,ENG
35390,2188,"Pangungunahan ng PNP ang law enforcement operations , gaya ng pag-iimbestiga at pag-alalay sa Comelec sa mga kasong may kinalaman sa eleksiyon .",operations,ENG
35391,2188,"Pangungunahan ng PNP ang law enforcement operations , gaya ng pag-iimbestiga at pag-alalay sa Comelec sa mga kasong may kinalaman sa eleksiyon .",",",OTH
35392,2188,"Pangungunahan ng PNP ang law enforcement operations , gaya ng pag-iimbestiga at pag-alalay sa Comelec sa mga kasong may kinalaman sa eleksiyon .",gaya,FIL
35393,2188,"Pangungunahan ng PNP ang law enforcement operations , gaya ng pag-iimbestiga at pag-alalay sa Comelec sa mga kasong may kinalaman sa eleksiyon .",ng,FIL
35394,2188,"Pangungunahan ng PNP ang law enforcement operations , gaya ng pag-iimbestiga at pag-alalay sa Comelec sa mga kasong may kinalaman sa eleksiyon .",pag-iimbestiga,FIL
35395,2188,"Pangungunahan ng PNP ang law enforcement operations , gaya ng pag-iimbestiga at pag-alalay sa Comelec sa mga kasong may kinalaman sa eleksiyon .",at,FIL
35396,2188,"Pangungunahan ng PNP ang law enforcement operations , gaya ng pag-iimbestiga at pag-alalay sa Comelec sa mga kasong may kinalaman sa eleksiyon .",pag-alalay,FIL
35397,2188,"Pangungunahan ng PNP ang law enforcement operations , gaya ng pag-iimbestiga at pag-alalay sa Comelec sa mga kasong may kinalaman sa eleksiyon .",sa,FIL
35398,2188,"Pangungunahan ng PNP ang law enforcement operations , gaya ng pag-iimbestiga at pag-alalay sa Comelec sa mga kasong may kinalaman sa eleksiyon .",Comelec,OTH
35399,2188,"Pangungunahan ng PNP ang law enforcement operations , gaya ng pag-iimbestiga at pag-alalay sa Comelec sa mga kasong may kinalaman sa eleksiyon .",sa,FIL
35400,2188,"Pangungunahan ng PNP ang law enforcement operations , gaya ng pag-iimbestiga at pag-alalay sa Comelec sa mga kasong may kinalaman sa eleksiyon .",mga,FIL
35401,2188,"Pangungunahan ng PNP ang law enforcement operations , gaya ng pag-iimbestiga at pag-alalay sa Comelec sa mga kasong may kinalaman sa eleksiyon .",kasong,FIL
35402,2188,"Pangungunahan ng PNP ang law enforcement operations , gaya ng pag-iimbestiga at pag-alalay sa Comelec sa mga kasong may kinalaman sa eleksiyon .",may,FIL
35403,2188,"Pangungunahan ng PNP ang law enforcement operations , gaya ng pag-iimbestiga at pag-alalay sa Comelec sa mga kasong may kinalaman sa eleksiyon .",kinalaman,FIL
35404,2188,"Pangungunahan ng PNP ang law enforcement operations , gaya ng pag-iimbestiga at pag-alalay sa Comelec sa mga kasong may kinalaman sa eleksiyon .",sa,FIL
35405,2188,"Pangungunahan ng PNP ang law enforcement operations , gaya ng pag-iimbestiga at pag-alalay sa Comelec sa mga kasong may kinalaman sa eleksiyon .",eleksiyon,FIL
35406,2188,"Pangungunahan ng PNP ang law enforcement operations , gaya ng pag-iimbestiga at pag-alalay sa Comelec sa mga kasong may kinalaman sa eleksiyon .",.,OTH
35407,2189,Nabatid na aabutin ng P910 milyon ang ipamamahaging insentibo .,Nabatid,FIL
35408,2189,Nabatid na aabutin ng P910 milyon ang ipamamahaging insentibo .,na,FIL
35409,2189,Nabatid na aabutin ng P910 milyon ang ipamamahaging insentibo .,aabutin,FIL
35410,2189,Nabatid na aabutin ng P910 milyon ang ipamamahaging insentibo .,ng,FIL
35411,2189,Nabatid na aabutin ng P910 milyon ang ipamamahaging insentibo .,P910,OTH
35412,2189,Nabatid na aabutin ng P910 milyon ang ipamamahaging insentibo .,milyon,FIL
35413,2189,Nabatid na aabutin ng P910 milyon ang ipamamahaging insentibo .,ang,FIL
35414,2189,Nabatid na aabutin ng P910 milyon ang ipamamahaging insentibo .,ipamamahaging,FIL
35415,2189,Nabatid na aabutin ng P910 milyon ang ipamamahaging insentibo .,insentibo,FIL
35416,2189,Nabatid na aabutin ng P910 milyon ang ipamamahaging insentibo .,.,OTH
35417,2190,"Batay sa inilabas na case bulletin ng DOH dakong 4:00 ng hapon , nabatid na dahil sa mga naturang bagong kaso ng sakit , umakyat na ngayon sa 1 , 473 , 025 ang total cases ng COVID-19 sa bansa .",Batay,FIL
35418,2190,"Batay sa inilabas na case bulletin ng DOH dakong 4:00 ng hapon , nabatid na dahil sa mga naturang bagong kaso ng sakit , umakyat na ngayon sa 1 , 473 , 025 ang total cases ng COVID-19 sa bansa .",sa,FIL
35419,2190,"Batay sa inilabas na case bulletin ng DOH dakong 4:00 ng hapon , nabatid na dahil sa mga naturang bagong kaso ng sakit , umakyat na ngayon sa 1 , 473 , 025 ang total cases ng COVID-19 sa bansa .",inilabas,FIL
35420,2190,"Batay sa inilabas na case bulletin ng DOH dakong 4:00 ng hapon , nabatid na dahil sa mga naturang bagong kaso ng sakit , umakyat na ngayon sa 1 , 473 , 025 ang total cases ng COVID-19 sa bansa .",na,FIL
35421,2190,"Batay sa inilabas na case bulletin ng DOH dakong 4:00 ng hapon , nabatid na dahil sa mga naturang bagong kaso ng sakit , umakyat na ngayon sa 1 , 473 , 025 ang total cases ng COVID-19 sa bansa .",case,ENG
35422,2190,"Batay sa inilabas na case bulletin ng DOH dakong 4:00 ng hapon , nabatid na dahil sa mga naturang bagong kaso ng sakit , umakyat na ngayon sa 1 , 473 , 025 ang total cases ng COVID-19 sa bansa .",bulletin,ENG
35423,2190,"Batay sa inilabas na case bulletin ng DOH dakong 4:00 ng hapon , nabatid na dahil sa mga naturang bagong kaso ng sakit , umakyat na ngayon sa 1 , 473 , 025 ang total cases ng COVID-19 sa bansa .",ng,FIL
35424,2190,"Batay sa inilabas na case bulletin ng DOH dakong 4:00 ng hapon , nabatid na dahil sa mga naturang bagong kaso ng sakit , umakyat na ngayon sa 1 , 473 , 025 ang total cases ng COVID-19 sa bansa .",DOH,OTH
35425,2190,"Batay sa inilabas na case bulletin ng DOH dakong 4:00 ng hapon , nabatid na dahil sa mga naturang bagong kaso ng sakit , umakyat na ngayon sa 1 , 473 , 025 ang total cases ng COVID-19 sa bansa .",dakong,FIL
35426,2190,"Batay sa inilabas na case bulletin ng DOH dakong 4:00 ng hapon , nabatid na dahil sa mga naturang bagong kaso ng sakit , umakyat na ngayon sa 1 , 473 , 025 ang total cases ng COVID-19 sa bansa .",4:00,OTH
35427,2190,"Batay sa inilabas na case bulletin ng DOH dakong 4:00 ng hapon , nabatid na dahil sa mga naturang bagong kaso ng sakit , umakyat na ngayon sa 1 , 473 , 025 ang total cases ng COVID-19 sa bansa .",ng,FIL
35428,2190,"Batay sa inilabas na case bulletin ng DOH dakong 4:00 ng hapon , nabatid na dahil sa mga naturang bagong kaso ng sakit , umakyat na ngayon sa 1 , 473 , 025 ang total cases ng COVID-19 sa bansa .",hapon,FIL
35429,2190,"Batay sa inilabas na case bulletin ng DOH dakong 4:00 ng hapon , nabatid na dahil sa mga naturang bagong kaso ng sakit , umakyat na ngayon sa 1 , 473 , 025 ang total cases ng COVID-19 sa bansa .",",",OTH
35430,2190,"Batay sa inilabas na case bulletin ng DOH dakong 4:00 ng hapon , nabatid na dahil sa mga naturang bagong kaso ng sakit , umakyat na ngayon sa 1 , 473 , 025 ang total cases ng COVID-19 sa bansa .",nabatid,FIL
35431,2190,"Batay sa inilabas na case bulletin ng DOH dakong 4:00 ng hapon , nabatid na dahil sa mga naturang bagong kaso ng sakit , umakyat na ngayon sa 1 , 473 , 025 ang total cases ng COVID-19 sa bansa .",na,FIL
35432,2190,"Batay sa inilabas na case bulletin ng DOH dakong 4:00 ng hapon , nabatid na dahil sa mga naturang bagong kaso ng sakit , umakyat na ngayon sa 1 , 473 , 025 ang total cases ng COVID-19 sa bansa .",dahil,FIL
35433,2190,"Batay sa inilabas na case bulletin ng DOH dakong 4:00 ng hapon , nabatid na dahil sa mga naturang bagong kaso ng sakit , umakyat na ngayon sa 1 , 473 , 025 ang total cases ng COVID-19 sa bansa .",sa,FIL
35434,2190,"Batay sa inilabas na case bulletin ng DOH dakong 4:00 ng hapon , nabatid na dahil sa mga naturang bagong kaso ng sakit , umakyat na ngayon sa 1 , 473 , 025 ang total cases ng COVID-19 sa bansa .",mga,FIL
35435,2190,"Batay sa inilabas na case bulletin ng DOH dakong 4:00 ng hapon , nabatid na dahil sa mga naturang bagong kaso ng sakit , umakyat na ngayon sa 1 , 473 , 025 ang total cases ng COVID-19 sa bansa .",naturang,FIL
35436,2190,"Batay sa inilabas na case bulletin ng DOH dakong 4:00 ng hapon , nabatid na dahil sa mga naturang bagong kaso ng sakit , umakyat na ngayon sa 1 , 473 , 025 ang total cases ng COVID-19 sa bansa .",bagong,FIL
35437,2190,"Batay sa inilabas na case bulletin ng DOH dakong 4:00 ng hapon , nabatid na dahil sa mga naturang bagong kaso ng sakit , umakyat na ngayon sa 1 , 473 , 025 ang total cases ng COVID-19 sa bansa .",kaso,FIL
35438,2190,"Batay sa inilabas na case bulletin ng DOH dakong 4:00 ng hapon , nabatid na dahil sa mga naturang bagong kaso ng sakit , umakyat na ngayon sa 1 , 473 , 025 ang total cases ng COVID-19 sa bansa .",ng,FIL
35439,2190,"Batay sa inilabas na case bulletin ng DOH dakong 4:00 ng hapon , nabatid na dahil sa mga naturang bagong kaso ng sakit , umakyat na ngayon sa 1 , 473 , 025 ang total cases ng COVID-19 sa bansa .",sakit,FIL
35440,2190,"Batay sa inilabas na case bulletin ng DOH dakong 4:00 ng hapon , nabatid na dahil sa mga naturang bagong kaso ng sakit , umakyat na ngayon sa 1 , 473 , 025 ang total cases ng COVID-19 sa bansa .",",",OTH
35441,2190,"Batay sa inilabas na case bulletin ng DOH dakong 4:00 ng hapon , nabatid na dahil sa mga naturang bagong kaso ng sakit , umakyat na ngayon sa 1 , 473 , 025 ang total cases ng COVID-19 sa bansa .",umakyat,FIL
35442,2190,"Batay sa inilabas na case bulletin ng DOH dakong 4:00 ng hapon , nabatid na dahil sa mga naturang bagong kaso ng sakit , umakyat na ngayon sa 1 , 473 , 025 ang total cases ng COVID-19 sa bansa .",na,FIL
35443,2190,"Batay sa inilabas na case bulletin ng DOH dakong 4:00 ng hapon , nabatid na dahil sa mga naturang bagong kaso ng sakit , umakyat na ngayon sa 1 , 473 , 025 ang total cases ng COVID-19 sa bansa .",ngayon,FIL
35444,2190,"Batay sa inilabas na case bulletin ng DOH dakong 4:00 ng hapon , nabatid na dahil sa mga naturang bagong kaso ng sakit , umakyat na ngayon sa 1 , 473 , 025 ang total cases ng COVID-19 sa bansa .",sa,FIL
35445,2190,"Batay sa inilabas na case bulletin ng DOH dakong 4:00 ng hapon , nabatid na dahil sa mga naturang bagong kaso ng sakit , umakyat na ngayon sa 1 , 473 , 025 ang total cases ng COVID-19 sa bansa .",1,OTH
35446,2190,"Batay sa inilabas na case bulletin ng DOH dakong 4:00 ng hapon , nabatid na dahil sa mga naturang bagong kaso ng sakit , umakyat na ngayon sa 1 , 473 , 025 ang total cases ng COVID-19 sa bansa .",",",OTH
35447,2190,"Batay sa inilabas na case bulletin ng DOH dakong 4:00 ng hapon , nabatid na dahil sa mga naturang bagong kaso ng sakit , umakyat na ngayon sa 1 , 473 , 025 ang total cases ng COVID-19 sa bansa .",473,OTH
35448,2190,"Batay sa inilabas na case bulletin ng DOH dakong 4:00 ng hapon , nabatid na dahil sa mga naturang bagong kaso ng sakit , umakyat na ngayon sa 1 , 473 , 025 ang total cases ng COVID-19 sa bansa .",",",OTH
35449,2190,"Batay sa inilabas na case bulletin ng DOH dakong 4:00 ng hapon , nabatid na dahil sa mga naturang bagong kaso ng sakit , umakyat na ngayon sa 1 , 473 , 025 ang total cases ng COVID-19 sa bansa .",25,OTH
35450,2190,"Batay sa inilabas na case bulletin ng DOH dakong 4:00 ng hapon , nabatid na dahil sa mga naturang bagong kaso ng sakit , umakyat na ngayon sa 1 , 473 , 025 ang total cases ng COVID-19 sa bansa .",ang,FIL
35451,2190,"Batay sa inilabas na case bulletin ng DOH dakong 4:00 ng hapon , nabatid na dahil sa mga naturang bagong kaso ng sakit , umakyat na ngayon sa 1 , 473 , 025 ang total cases ng COVID-19 sa bansa .",total,ENG
35452,2190,"Batay sa inilabas na case bulletin ng DOH dakong 4:00 ng hapon , nabatid na dahil sa mga naturang bagong kaso ng sakit , umakyat na ngayon sa 1 , 473 , 025 ang total cases ng COVID-19 sa bansa .",cases,ENG
35453,2190,"Batay sa inilabas na case bulletin ng DOH dakong 4:00 ng hapon , nabatid na dahil sa mga naturang bagong kaso ng sakit , umakyat na ngayon sa 1 , 473 , 025 ang total cases ng COVID-19 sa bansa .",ng,FIL
35454,2190,"Batay sa inilabas na case bulletin ng DOH dakong 4:00 ng hapon , nabatid na dahil sa mga naturang bagong kaso ng sakit , umakyat na ngayon sa 1 , 473 , 025 ang total cases ng COVID-19 sa bansa .",COVID-19,OTH
35455,2190,"Batay sa inilabas na case bulletin ng DOH dakong 4:00 ng hapon , nabatid na dahil sa mga naturang bagong kaso ng sakit , umakyat na ngayon sa 1 , 473 , 025 ang total cases ng COVID-19 sa bansa .",sa,FIL
35456,2190,"Batay sa inilabas na case bulletin ng DOH dakong 4:00 ng hapon , nabatid na dahil sa mga naturang bagong kaso ng sakit , umakyat na ngayon sa 1 , 473 , 025 ang total cases ng COVID-19 sa bansa .",bansa,FIL
35457,2190,"Batay sa inilabas na case bulletin ng DOH dakong 4:00 ng hapon , nabatid na dahil sa mga naturang bagong kaso ng sakit , umakyat na ngayon sa 1 , 473 , 025 ang total cases ng COVID-19 sa bansa .",.,OTH
35458,2191,Parang maituturing na malasakit na rin sa kapwa ang hindi pagboto sa iyo mamshiee,Parang,FIL
35459,2191,Parang maituturing na malasakit na rin sa kapwa ang hindi pagboto sa iyo mamshiee,maituturing,FIL
35460,2191,Parang maituturing na malasakit na rin sa kapwa ang hindi pagboto sa iyo mamshiee,na,FIL
35461,2191,Parang maituturing na malasakit na rin sa kapwa ang hindi pagboto sa iyo mamshiee,malasakit,FIL
35462,2191,Parang maituturing na malasakit na rin sa kapwa ang hindi pagboto sa iyo mamshiee,na,FIL
35463,2191,Parang maituturing na malasakit na rin sa kapwa ang hindi pagboto sa iyo mamshiee,rin,FIL
35464,2191,Parang maituturing na malasakit na rin sa kapwa ang hindi pagboto sa iyo mamshiee,sa,FIL
35465,2191,Parang maituturing na malasakit na rin sa kapwa ang hindi pagboto sa iyo mamshiee,kapwa,FIL
35466,2191,Parang maituturing na malasakit na rin sa kapwa ang hindi pagboto sa iyo mamshiee,ang,FIL
35467,2191,Parang maituturing na malasakit na rin sa kapwa ang hindi pagboto sa iyo mamshiee,hindi,FIL
35468,2191,Parang maituturing na malasakit na rin sa kapwa ang hindi pagboto sa iyo mamshiee,pagboto,FIL
35469,2191,Parang maituturing na malasakit na rin sa kapwa ang hindi pagboto sa iyo mamshiee,sa,FIL
35470,2191,Parang maituturing na malasakit na rin sa kapwa ang hindi pagboto sa iyo mamshiee,iyo,FIL
35471,2191,Parang maituturing na malasakit na rin sa kapwa ang hindi pagboto sa iyo mamshiee,mamshiee,FIL
35472,2192,Sobrang katapangan ang pag share mo ng trauma mo at lalo na ang pag overcome nito .,Sobrang,FIL
35473,2192,Sobrang katapangan ang pag share mo ng trauma mo at lalo na ang pag overcome nito .,katapangan,FIL
35474,2192,Sobrang katapangan ang pag share mo ng trauma mo at lalo na ang pag overcome nito .,ang,FIL
35475,2192,Sobrang katapangan ang pag share mo ng trauma mo at lalo na ang pag overcome nito .,pag,FIL
35476,2192,Sobrang katapangan ang pag share mo ng trauma mo at lalo na ang pag overcome nito .,share,ENG
35477,2192,Sobrang katapangan ang pag share mo ng trauma mo at lalo na ang pag overcome nito .,mo,FIL
35478,2192,Sobrang katapangan ang pag share mo ng trauma mo at lalo na ang pag overcome nito .,ng,FIL
35479,2192,Sobrang katapangan ang pag share mo ng trauma mo at lalo na ang pag overcome nito .,trauma,ENG
35480,2192,Sobrang katapangan ang pag share mo ng trauma mo at lalo na ang pag overcome nito .,mo,FIL
35481,2192,Sobrang katapangan ang pag share mo ng trauma mo at lalo na ang pag overcome nito .,at,FIL
35482,2192,Sobrang katapangan ang pag share mo ng trauma mo at lalo na ang pag overcome nito .,lalo,FIL
35483,2192,Sobrang katapangan ang pag share mo ng trauma mo at lalo na ang pag overcome nito .,na,FIL
35484,2192,Sobrang katapangan ang pag share mo ng trauma mo at lalo na ang pag overcome nito .,ang,FIL
35485,2192,Sobrang katapangan ang pag share mo ng trauma mo at lalo na ang pag overcome nito .,pag,FIL
35486,2192,Sobrang katapangan ang pag share mo ng trauma mo at lalo na ang pag overcome nito .,overcome,ENG
35487,2192,Sobrang katapangan ang pag share mo ng trauma mo at lalo na ang pag overcome nito .,nito,FIL
35488,2192,Sobrang katapangan ang pag share mo ng trauma mo at lalo na ang pag overcome nito .,.,OTH
35489,2194,"Ito ang karapat dapat na buhosan ng tulong at attention ,",Ito,FIL
35490,2194,"Ito ang karapat dapat na buhosan ng tulong at attention ,",ang,FIL
35491,2194,"Ito ang karapat dapat na buhosan ng tulong at attention ,",karapat,FIL
35492,2194,"Ito ang karapat dapat na buhosan ng tulong at attention ,",dapat,FIL
35493,2194,"Ito ang karapat dapat na buhosan ng tulong at attention ,",na,FIL
35494,2194,"Ito ang karapat dapat na buhosan ng tulong at attention ,",buhosan,FIL
35495,2194,"Ito ang karapat dapat na buhosan ng tulong at attention ,",ng,FIL
35496,2194,"Ito ang karapat dapat na buhosan ng tulong at attention ,",tulong,FIL
35497,2194,"Ito ang karapat dapat na buhosan ng tulong at attention ,",at,FIL
35498,2194,"Ito ang karapat dapat na buhosan ng tulong at attention ,",attention,ENG
35499,2194,"Ito ang karapat dapat na buhosan ng tulong at attention ,",",",OTH
35500,2195,"Papaanong ang hangal na pag-iisip ng tao , isang pag iisip na kasintigas ng bato , ay tumatanggap ng ganoong di maarok na bagong gawain at mga salita ng Diyos ?",Papaanong,FIL
35501,2195,"Papaanong ang hangal na pag-iisip ng tao , isang pag iisip na kasintigas ng bato , ay tumatanggap ng ganoong di maarok na bagong gawain at mga salita ng Diyos ?",ang,FIL
35502,2195,"Papaanong ang hangal na pag-iisip ng tao , isang pag iisip na kasintigas ng bato , ay tumatanggap ng ganoong di maarok na bagong gawain at mga salita ng Diyos ?",hangal,FIL
35503,2195,"Papaanong ang hangal na pag-iisip ng tao , isang pag iisip na kasintigas ng bato , ay tumatanggap ng ganoong di maarok na bagong gawain at mga salita ng Diyos ?",na,FIL
35504,2195,"Papaanong ang hangal na pag-iisip ng tao , isang pag iisip na kasintigas ng bato , ay tumatanggap ng ganoong di maarok na bagong gawain at mga salita ng Diyos ?",pag-iisip,FIL
35505,2195,"Papaanong ang hangal na pag-iisip ng tao , isang pag iisip na kasintigas ng bato , ay tumatanggap ng ganoong di maarok na bagong gawain at mga salita ng Diyos ?",ng,FIL
35506,2195,"Papaanong ang hangal na pag-iisip ng tao , isang pag iisip na kasintigas ng bato , ay tumatanggap ng ganoong di maarok na bagong gawain at mga salita ng Diyos ?",tao,FIL
35507,2195,"Papaanong ang hangal na pag-iisip ng tao , isang pag iisip na kasintigas ng bato , ay tumatanggap ng ganoong di maarok na bagong gawain at mga salita ng Diyos ?",",",OTH
35508,2195,"Papaanong ang hangal na pag-iisip ng tao , isang pag iisip na kasintigas ng bato , ay tumatanggap ng ganoong di maarok na bagong gawain at mga salita ng Diyos ?",isang,FIL
35509,2195,"Papaanong ang hangal na pag-iisip ng tao , isang pag iisip na kasintigas ng bato , ay tumatanggap ng ganoong di maarok na bagong gawain at mga salita ng Diyos ?",pag,FIL
35510,2195,"Papaanong ang hangal na pag-iisip ng tao , isang pag iisip na kasintigas ng bato , ay tumatanggap ng ganoong di maarok na bagong gawain at mga salita ng Diyos ?",iisip,FIL
35511,2195,"Papaanong ang hangal na pag-iisip ng tao , isang pag iisip na kasintigas ng bato , ay tumatanggap ng ganoong di maarok na bagong gawain at mga salita ng Diyos ?",na,FIL
35512,2195,"Papaanong ang hangal na pag-iisip ng tao , isang pag iisip na kasintigas ng bato , ay tumatanggap ng ganoong di maarok na bagong gawain at mga salita ng Diyos ?",kasintigas,FIL
35513,2195,"Papaanong ang hangal na pag-iisip ng tao , isang pag iisip na kasintigas ng bato , ay tumatanggap ng ganoong di maarok na bagong gawain at mga salita ng Diyos ?",ng,FIL
35514,2195,"Papaanong ang hangal na pag-iisip ng tao , isang pag iisip na kasintigas ng bato , ay tumatanggap ng ganoong di maarok na bagong gawain at mga salita ng Diyos ?",bato,FIL
35515,2195,"Papaanong ang hangal na pag-iisip ng tao , isang pag iisip na kasintigas ng bato , ay tumatanggap ng ganoong di maarok na bagong gawain at mga salita ng Diyos ?",",",OTH
35516,2195,"Papaanong ang hangal na pag-iisip ng tao , isang pag iisip na kasintigas ng bato , ay tumatanggap ng ganoong di maarok na bagong gawain at mga salita ng Diyos ?",ay,FIL
35517,2195,"Papaanong ang hangal na pag-iisip ng tao , isang pag iisip na kasintigas ng bato , ay tumatanggap ng ganoong di maarok na bagong gawain at mga salita ng Diyos ?",tumatanggap,FIL
35518,2195,"Papaanong ang hangal na pag-iisip ng tao , isang pag iisip na kasintigas ng bato , ay tumatanggap ng ganoong di maarok na bagong gawain at mga salita ng Diyos ?",ng,FIL
35519,2195,"Papaanong ang hangal na pag-iisip ng tao , isang pag iisip na kasintigas ng bato , ay tumatanggap ng ganoong di maarok na bagong gawain at mga salita ng Diyos ?",ganoong,FIL
35520,2195,"Papaanong ang hangal na pag-iisip ng tao , isang pag iisip na kasintigas ng bato , ay tumatanggap ng ganoong di maarok na bagong gawain at mga salita ng Diyos ?",di,FIL
35521,2195,"Papaanong ang hangal na pag-iisip ng tao , isang pag iisip na kasintigas ng bato , ay tumatanggap ng ganoong di maarok na bagong gawain at mga salita ng Diyos ?",maarok,FIL
35522,2195,"Papaanong ang hangal na pag-iisip ng tao , isang pag iisip na kasintigas ng bato , ay tumatanggap ng ganoong di maarok na bagong gawain at mga salita ng Diyos ?",na,FIL
35523,2195,"Papaanong ang hangal na pag-iisip ng tao , isang pag iisip na kasintigas ng bato , ay tumatanggap ng ganoong di maarok na bagong gawain at mga salita ng Diyos ?",bagong,FIL
35524,2195,"Papaanong ang hangal na pag-iisip ng tao , isang pag iisip na kasintigas ng bato , ay tumatanggap ng ganoong di maarok na bagong gawain at mga salita ng Diyos ?",gawain,FIL
35525,2195,"Papaanong ang hangal na pag-iisip ng tao , isang pag iisip na kasintigas ng bato , ay tumatanggap ng ganoong di maarok na bagong gawain at mga salita ng Diyos ?",at,FIL
35526,2195,"Papaanong ang hangal na pag-iisip ng tao , isang pag iisip na kasintigas ng bato , ay tumatanggap ng ganoong di maarok na bagong gawain at mga salita ng Diyos ?",mga,FIL
35527,2195,"Papaanong ang hangal na pag-iisip ng tao , isang pag iisip na kasintigas ng bato , ay tumatanggap ng ganoong di maarok na bagong gawain at mga salita ng Diyos ?",salita,FIL
35528,2195,"Papaanong ang hangal na pag-iisip ng tao , isang pag iisip na kasintigas ng bato , ay tumatanggap ng ganoong di maarok na bagong gawain at mga salita ng Diyos ?",ng,FIL
35529,2195,"Papaanong ang hangal na pag-iisip ng tao , isang pag iisip na kasintigas ng bato , ay tumatanggap ng ganoong di maarok na bagong gawain at mga salita ng Diyos ?",Diyos,FIL
35530,2195,"Papaanong ang hangal na pag-iisip ng tao , isang pag iisip na kasintigas ng bato , ay tumatanggap ng ganoong di maarok na bagong gawain at mga salita ng Diyos ?",?,OTH
35531,2196,kapag lalagyan mo ng pang shine yung sapatos niya at itatali mo sintas niya,kapag,FIL
35532,2196,kapag lalagyan mo ng pang shine yung sapatos niya at itatali mo sintas niya,lalagyan,FIL
35533,2196,kapag lalagyan mo ng pang shine yung sapatos niya at itatali mo sintas niya,mo,FIL
35534,2196,kapag lalagyan mo ng pang shine yung sapatos niya at itatali mo sintas niya,ng,FIL
35535,2196,kapag lalagyan mo ng pang shine yung sapatos niya at itatali mo sintas niya,pang,FIL
35536,2196,kapag lalagyan mo ng pang shine yung sapatos niya at itatali mo sintas niya,shine,ENG
35537,2196,kapag lalagyan mo ng pang shine yung sapatos niya at itatali mo sintas niya,yung,FIL
35538,2196,kapag lalagyan mo ng pang shine yung sapatos niya at itatali mo sintas niya,sapatos,FIL
35539,2196,kapag lalagyan mo ng pang shine yung sapatos niya at itatali mo sintas niya,niya,FIL
35540,2196,kapag lalagyan mo ng pang shine yung sapatos niya at itatali mo sintas niya,at,FIL
35541,2196,kapag lalagyan mo ng pang shine yung sapatos niya at itatali mo sintas niya,itatali,FIL
35542,2196,kapag lalagyan mo ng pang shine yung sapatos niya at itatali mo sintas niya,mo,FIL
35543,2196,kapag lalagyan mo ng pang shine yung sapatos niya at itatali mo sintas niya,sintas,FIL
35544,2196,kapag lalagyan mo ng pang shine yung sapatos niya at itatali mo sintas niya,niya,FIL
35545,2197,Salamat sa lahat ng tumulong,Salamat,FIL
35546,2197,Salamat sa lahat ng tumulong,sa,FIL
35547,2197,Salamat sa lahat ng tumulong,lahat,FIL
35548,2197,Salamat sa lahat ng tumulong,ng,FIL
35549,2197,Salamat sa lahat ng tumulong,tumulong,FIL
35550,2198,Pili na kayo ng magnanakaw sa inyo sa 2022,Pili,FIL
35551,2198,Pili na kayo ng magnanakaw sa inyo sa 2022,na,FIL
35552,2198,Pili na kayo ng magnanakaw sa inyo sa 2022,kayo,FIL
35553,2198,Pili na kayo ng magnanakaw sa inyo sa 2022,ng,FIL
35554,2198,Pili na kayo ng magnanakaw sa inyo sa 2022,magnanakaw,FIL
35555,2198,Pili na kayo ng magnanakaw sa inyo sa 2022,sa,FIL
35556,2198,Pili na kayo ng magnanakaw sa inyo sa 2022,inyo,FIL
35557,2198,Pili na kayo ng magnanakaw sa inyo sa 2022,sa,FIL
35558,2198,Pili na kayo ng magnanakaw sa inyo sa 2022,2022,OTH
35559,2199,Yung terms ng dreame hindi ko alam pero sa webnovel sayo ang copyright ngunit kailangan mo atang i-disclose kung ipopost mo siya sa ibang platform ?,Yung,FIL
35560,2199,Yung terms ng dreame hindi ko alam pero sa webnovel sayo ang copyright ngunit kailangan mo atang i-disclose kung ipopost mo siya sa ibang platform ?,terms,ENG
35561,2199,Yung terms ng dreame hindi ko alam pero sa webnovel sayo ang copyright ngunit kailangan mo atang i-disclose kung ipopost mo siya sa ibang platform ?,ng,FIL
35562,2199,Yung terms ng dreame hindi ko alam pero sa webnovel sayo ang copyright ngunit kailangan mo atang i-disclose kung ipopost mo siya sa ibang platform ?,dreame,OTH
35563,2199,Yung terms ng dreame hindi ko alam pero sa webnovel sayo ang copyright ngunit kailangan mo atang i-disclose kung ipopost mo siya sa ibang platform ?,hindi,FIL
35564,2199,Yung terms ng dreame hindi ko alam pero sa webnovel sayo ang copyright ngunit kailangan mo atang i-disclose kung ipopost mo siya sa ibang platform ?,ko,FIL
35565,2199,Yung terms ng dreame hindi ko alam pero sa webnovel sayo ang copyright ngunit kailangan mo atang i-disclose kung ipopost mo siya sa ibang platform ?,alam,FIL
35566,2199,Yung terms ng dreame hindi ko alam pero sa webnovel sayo ang copyright ngunit kailangan mo atang i-disclose kung ipopost mo siya sa ibang platform ?,pero,FIL
35567,2199,Yung terms ng dreame hindi ko alam pero sa webnovel sayo ang copyright ngunit kailangan mo atang i-disclose kung ipopost mo siya sa ibang platform ?,sa,FIL
35568,2199,Yung terms ng dreame hindi ko alam pero sa webnovel sayo ang copyright ngunit kailangan mo atang i-disclose kung ipopost mo siya sa ibang platform ?,webnovel,OTH
35569,2199,Yung terms ng dreame hindi ko alam pero sa webnovel sayo ang copyright ngunit kailangan mo atang i-disclose kung ipopost mo siya sa ibang platform ?,sayo,FIL
35570,2199,Yung terms ng dreame hindi ko alam pero sa webnovel sayo ang copyright ngunit kailangan mo atang i-disclose kung ipopost mo siya sa ibang platform ?,ang,FIL
35571,2199,Yung terms ng dreame hindi ko alam pero sa webnovel sayo ang copyright ngunit kailangan mo atang i-disclose kung ipopost mo siya sa ibang platform ?,copyright,ENG
35572,2199,Yung terms ng dreame hindi ko alam pero sa webnovel sayo ang copyright ngunit kailangan mo atang i-disclose kung ipopost mo siya sa ibang platform ?,ngunit,FIL
35573,2199,Yung terms ng dreame hindi ko alam pero sa webnovel sayo ang copyright ngunit kailangan mo atang i-disclose kung ipopost mo siya sa ibang platform ?,kailangan,FIL
35574,2199,Yung terms ng dreame hindi ko alam pero sa webnovel sayo ang copyright ngunit kailangan mo atang i-disclose kung ipopost mo siya sa ibang platform ?,mo,FIL
35575,2199,Yung terms ng dreame hindi ko alam pero sa webnovel sayo ang copyright ngunit kailangan mo atang i-disclose kung ipopost mo siya sa ibang platform ?,atang,FIL
35576,2199,Yung terms ng dreame hindi ko alam pero sa webnovel sayo ang copyright ngunit kailangan mo atang i-disclose kung ipopost mo siya sa ibang platform ?,i-disclose,CS
35577,2199,Yung terms ng dreame hindi ko alam pero sa webnovel sayo ang copyright ngunit kailangan mo atang i-disclose kung ipopost mo siya sa ibang platform ?,kung,FIL
35578,2199,Yung terms ng dreame hindi ko alam pero sa webnovel sayo ang copyright ngunit kailangan mo atang i-disclose kung ipopost mo siya sa ibang platform ?,ipopost,CS
35579,2199,Yung terms ng dreame hindi ko alam pero sa webnovel sayo ang copyright ngunit kailangan mo atang i-disclose kung ipopost mo siya sa ibang platform ?,mo,FIL
35580,2199,Yung terms ng dreame hindi ko alam pero sa webnovel sayo ang copyright ngunit kailangan mo atang i-disclose kung ipopost mo siya sa ibang platform ?,siya,FIL
35581,2199,Yung terms ng dreame hindi ko alam pero sa webnovel sayo ang copyright ngunit kailangan mo atang i-disclose kung ipopost mo siya sa ibang platform ?,sa,FIL
35582,2199,Yung terms ng dreame hindi ko alam pero sa webnovel sayo ang copyright ngunit kailangan mo atang i-disclose kung ipopost mo siya sa ibang platform ?,ibang,FIL
35583,2199,Yung terms ng dreame hindi ko alam pero sa webnovel sayo ang copyright ngunit kailangan mo atang i-disclose kung ipopost mo siya sa ibang platform ?,platform,ENG
35584,2199,Yung terms ng dreame hindi ko alam pero sa webnovel sayo ang copyright ngunit kailangan mo atang i-disclose kung ipopost mo siya sa ibang platform ?,?,OTH
35585,2200,Paano po kayo nagpabakuna laban sa COVID-19 ?,Paano,FIL
35586,2200,Paano po kayo nagpabakuna laban sa COVID-19 ?,po,FIL
35587,2200,Paano po kayo nagpabakuna laban sa COVID-19 ?,kayo,FIL
35588,2200,Paano po kayo nagpabakuna laban sa COVID-19 ?,nagpabakuna,FIL
35589,2200,Paano po kayo nagpabakuna laban sa COVID-19 ?,laban,FIL
35590,2200,Paano po kayo nagpabakuna laban sa COVID-19 ?,sa,FIL
35591,2200,Paano po kayo nagpabakuna laban sa COVID-19 ?,COVID-19,OTH
35592,2200,Paano po kayo nagpabakuna laban sa COVID-19 ?,?,OTH
